SET FOREIGN_KEY_CHECKS=0;
SET SQL_MODE = "NO_AUTO_VALUE_ON_ZERO";
START TRANSACTION;
SET time_zone = "+00:00";

/*!40101 SET @OLD_CHARACTER_SET_CLIENT=@@CHARACTER_SET_CLIENT */;
/*!40101 SET @OLD_CHARACTER_SET_RESULTS=@@CHARACTER_SET_RESULTS */;
/*!40101 SET @OLD_COLLATION_CONNECTION=@@COLLATION_CONNECTION */;
/*!40101 SET NAMES utf8mb4 */;


INSERT INTO `activities` (`id`, `name`, `description`, `objetive`, `evidence`, `indicators`, `slug`, `dba`, `dba2`, `performance_levels`, `reinforce`, `zone`, `subject_id`, `grade_id`) VALUES
(1, 'Al rescate de las normas', 'El niño se encuentra en un laberinto y allí se le presentan diferentes situaciones.El debe actuar de acuerdo al color del semáforo y a la situación presentada, dando prioridad a quienes lo necesitan.Finalmente el niño debe ecoger el color correcto para pasar la calle y continuar.', 'Desarrollar en el estudiante, la capacidad de tomar decisiones, frente a las situaciones que se le presentan.', 'Explica las razones por las que hace una elección. Muestra iniciativa en la realización de actividades. Demuestra constancia al realizar sus actividades. Anticipa algunas consecuencias de las decisiones que toma.', '-Cantidad de movimientos acertados al momento de cruzar. -Cantidad de movimientos no acertados al momento de cruzar. -Cantidad de veces que realizó el juego. - Tiempo que tardó en tomar la decisión', 'al_rescate de las normas', 'Toma decisiones frente a algunas situaciones cotidianas.', NULL, 'Bajo: Se le dificulta responder a interrogantes sencillos que se le plantean. Básico: Responde ante interrogantes sencillos que se le plantean. Alto: Diferencia situaciones correctas e incorrectas de la vida cotidiana. Superior: Decide frene a situaciones que se le presentan en la cotidianidad.', 0, 1, 8, 10),
(2, 'Una vida saludable, para cuidar la tierra', 'El estudiante organizará de forma secuencial el desarrollo de algunas actividades que hacen parte de su cotidianidad, desde que se levanta hasta salir al colegio.', 'Clasificar los elementos que hacen parte de los hábitos de higiene personal y aquellos alimentos que son considerados saludables.', 'Muestra independencia en la realización de prácticas de higiene y alimentación saludables. Identifica algunas situaciones que ponen en riesgo su salud y seguridad. Contribuye a mantener el aseo y organización de los espacios físicos que utiliza. Practica acciones individuales y colectivas que ayudan a prevenir problemas ambientales y a conservar su entorno.', '-Cantidad de elementos ubicados en el lugar incorrecto. -Cantidad de elementos ubicados en el lugar correcto. -Cantidad de veces que el estudiante ingresó.', 'una_vida_saludable', 'Se apropia de hábitos y prácticas para el cuidado personal y de su entorno.', NULL, 'Bajo: Se le dificulta identificar elementos de higiene, así como alimentos saludables. Básico: Identifica elementos de higiene y alimentos saludables. Alto: Compara elementos de higiene y alimentos saludables con otros que no corresponden. Superior: Ordena elementos de higiene y alimentos saludables, siguiendo instrucciones.', 0, 1, 8, 10),
(3, 'Emociones', 'El estudiante armará un rompecabezas del cuerpo humano, Cuando el mouse pase por cada parte se reproducirá el sonido correspondiente al nombre del mismo.', 'Expresar corporalmente, diferentes situaciones, manifestando su agrado o desagrado.', 'Menciona algunas similitudes y diferencias que encuentra entre él y sus compañeros. Representa su cuerpo a través de diferentes lenguajes artísticos (dibujo, danza, escultura, rondas, entre otros). Manifiesta sus gustos y disgustos frente a diferentes situaciones y reconoce paulatinamente sus emociones.', '- Cantidad de similitudes seleccionadas en relación a las caracteristicas del avatar y el segundo personaje. - Cantidad de diferencias seleccionadas en relación a las caracteristicas del avatar y el segundo personaje. - Cantidad de veces que el estudiante cambió su elección respecto al avatar. - Tiempo utlizado en la actividad.', 'emociones', 'Identifica y valora las características corporales y emocionales en sí mismo y en los demás.', NULL, 'Bajo: Se le dificulta responder a interrogantes sencillos que se le plantean. Básico: Responde ante interrogantes sencillos que se le plantean. Alto: Diferencia situaciones correctas e incorrectas de la vida cotidiana. Superior: Decide frene a situaciones que se le presentan en la cotidianidad.', 0, 1, 8, 10),
(4, 'Compartiendo valores', 'Durante una escena de recreo, se le presentan al estudiante diferentes situaciones que requieren evidenciar el respeto por sí mismo y por el otro.Siempre buscando el bienestar común. Este tendrá la responsabilidad de decidir qué es lo más conveniente a partir de los valores.', 'Evidenciar los valores trabajados en clase, en situaciones que requieren responsabilidad, equilibrio y respeto por el otro.', 'Propone su punto de vista en espacios de construcción colectiva. Reconoce que los demás pueden tener un punto de vista diferente al suyo y los escucha. Acepta sus equivocaciones y busca reestablecer las relaciones cuando por alguna razón incumple sus acuerdos. Muestra respeto por los acuerdos de convivencia que se construyen en su familia, con sus pares y otros miembros de su comunidad.', '-Cantidad de elecciones incorrectas, que no coinciden con el acuerdo. -Cantidad de elecciones correctas que coinciden con el acuerdo. -Cantidad de veces que el estudiante ingresó.', 'compartiendo_valores', 'Participa en la construcción colectiva de acuerdos, objetivos y proyectos comunes.', NULL, 'Bajo: Con dificultad reconoce los valores trabajados en clase, en situaciones de la vida cotidiana. Básico: Reconoce que en actividades de interacción es necesario establecer acuerdos. Alto: Valora la importancia de respetar al otro. Superior: Evidencia sus aprendizajes relacionados con el respeto por el otro, ante situaciones que requieren interactuar con sus compañeros.', 0, 1, 8, 10),
(5, 'Cada cosa en su lugar', 'El estudiante observará diferentes escenarios que hacen parte de su cotidianidad, a su vez encontrará elementos faltantes en cada uo de ellos.Deberá tomar cada uno y ubicarlo en el espacio correspondiente a partir de las características físicas que posee.', 'Ordenar los elementos disponibles, en el espacio al que pertenecen.', 'Crea ambientes haciendo uso de objetos, materiales y espacios. Muestra atención y concentración en las actividades que desarrolla. Participa en el desarrollo de actividades en espacios libres y naturales. Coopera con otros haciendo uso de su imaginación para identificar soluciones alternativas a los desafíos que crea o se le plantean.', '-Cantidad de veces que el estudiante ubicó los elementos en el espacio que no correspondía. -Cantidad de veces que el estudiante ubicó los elementos en el espacio correspondiente. -Tiempo utilizado en la actividad. -Cantidad de veces que realizó la actividad.', 'cada_cosa_en_su_lugar', 'Crea situaciones y propone alternativas de solución a problemas cotidianos a partir de sus conocimientos e imaginación.', NULL, 'Bajo: Presenta dificultades para reconocer elementos de su entorno. Básico: Identifica diferentes espacios de su cotidianidad, así como los elementos que pertenecen al mismo. Alto: Clasifica elementos según sus características físicas y el lugar al que pertenecen. Superior: Ubica elementos según sus características físicas y el lugar al que pertenecen.', 0, 1, 12, 10),
(6, 'Desafía tu ingenio', 'El estudiante se encuentra con una serie de situaciones representadas en imágenes y deberá dar clic en la cara feliz sí le gustan o clic en la cara triste sí le disgusta (Al lado de cada imagen tendrá disponibles ambas caras que son representadas por emojis) Situaciones: - Jugar con amigos - Compartir en familia - Estar solo - Recoger los juguetes - Jugar con la mascota - Ducharse - Tomar la sopa - Viajar, la playa - compartir con los amigos. El estudiante debe añadir el emoji que considera en cada una de las situaciones (identificándola como triste o feliz) Luego de ello, tendrá disponibles en la pantalla 8 emoticones que debe relacionar con 8 sonidos. Al dar clic en los sonidos, estos reproducirán las siguientes palabras cada uno: Enojo, tristeza, felicidad, repugnancia, miedo, sorpresa, vergüenza y amor. (El estudiante podrá dar clic las veces que necesite para repetir la palabra. La idea es poder arrastrar cada emoticon al sonido con el cual se relacione. Finalmente se retroalimenta al niño, explicando que cada persona, tiene diferentes gustos y expresa lo que siente de muchas maneras, especialmente con el rostro.', 'Redactar textos narrativos teniendo en cuenta sus características, tales como narrador, estructura, entre otros.', 'Afianza su capacidad de contar historias mediante la creación de textos literarios narrativos.', 'NA', 'desafía_tu ingenio', 'Reconoce algunas características de los textos narrativos, tales como el concepto de narrador y estructura narrativa, a partir de la recreación y disfrute de los mismos.', NULL, 'Bajo: Presenta dificultad para reconocer un texto narrativo. Básico: Identifica el texto narrativo y sus características. Alto: Organiza información importante que le permite construir textos narrativos. Superior: Produce textos narrativos a partir de experiencias propias, teniendo en cuenta sus características.', 0, 1, 9, 13),
(7, 'Misiones misteriosas', 'El estudiante llega a un espacio en el que se encuentra con un personaje quien le da instrucciones precisas sobre la recolección de ciertos elementos representativos de tres de las principales ciudades de Colombia(Cali, Medellín y Barranquilla), debe seleccionar objetos que sean caracteristicos de su región; tales como el parque de Botero, feria de las flores, museo de Antioquia, museo la Tertulia, el cerro de las tres cruces, la música salsa, carnaval, monumento ventana al mundo, entre otros.', 'Reconocer elementos propios e importantes de diferentes regiones, así como su historia.', 'Identifica en su entorno algunos objetos, herramientas, aparatos, construcciones y documentos que brindan información acerca del pasado de su región. Describe algunas costumbres y tradiciones que le permiten reconocerse como miembro de un grupo poblacional y de una nación a través dela historia oral con sus abuelos. Compara las fiestas que se celebran en diferentes municipios de su departamento, en aspectos como: origen, propósito, duración y participantes. Describe la diversidad en la gastronomía de diferentes regiones o provincias que conforman su departamento.', 'NA', 'misiones_misteriosas', 'Comprende el legado de los grupos humanos en la gastronomía, la música y el paisaje de la región, municipio, resguardo o lugar donde vive.', NULL, 'Bajo: Con dificultad reconoce elementos culturales. Básico: Identifica diferentes elementos que hacen parte de la cultura propia de cada región. Alto: Clasifica elementos de acuerdo a la ciudad o región a la que pertenecen, en relación con sus costumbres y cultura. Superior: Explica la importancia de reconocer y preservar el legado perteneciente a cada región, representado en costumbres y cultura.', 0, 1, 9, 14),
(8, 'Un viaje entre figuras', 'El estudiante debe identificar la figura literaria que se le presente en su recorrido por el laberinto.Tendrá la misión de establecer relación entre las imágenes, ls textos cortos, los sonidos y las figuras literarias trabajadas con antelación y así elegir la apropiada.', 'Conocer las figuras literarias y hacer uso de ellas en la producción de diferentes textos.', 'Identifica el contexto en que se crea una obra literaria y lo relaciona con los conocimientos que tiene sobre él. Reconoce los temas que aborda un texto literario y sus vínculos con la vida cotidiana y escolar. Emplea figuras literarias en la producción de textos literarios. Produce textos literarios atendiendo a un género específico. Participa en espacios discursivos orales en los que socializa con otros los textos que crea, e incorpora efectos sonoros para acompañar la narración.', 'NA', 'un_viaje entre figuras', 'Crea textos literarios en los que articula lecturas previas e impresiones sobre un tema o situación.', NULL, 'Bajo: Con cierta dificultad reconoce algunas figuras literarias. Básico: Reconoce los nombres de las figuras literarias en los textos que lee. Alto: Establece relación entre las expresiones que lee o escucha y las figuras literarias. Superior: Produce textos literarios haciendo uso adecuado de las figuras literarias.', 0, 1, 9, 15),
(9, 'El reto literario', 'Realizar un recorrido a través de una casa abandonada (laberinto) en el que se debe comer solamente las palabras pertenecientes a los géneros literarios. Se encontrará con otras palabras que no hacen parte de estos, tales como verbos y adverbios;sí falla morirá y regresará a la parte inicial.', 'Relacionar el contenido y temática de las obras literarias que lee, con los diferentes géneros literarios. características de los génros literarios y sus elementos.', 'Establece diferencias entre narrador y autor, en los textos que lee y escribe. Reconoce las temáticas de los textos literarios que lee para relacionarlas con su contexto cotidiano. Identifica las características de los géneros literarios y establece nexos entre sus elementos constitutivos.', 'NA', 'el_reto_literario', 'Comprende los roles que asumen los personajes en las obras literarias y su relación con la temática y la época en las que estas se desarrollan.', NULL, 'Bajo: Con dificultad reconoce los géneros literarios. Básico: Nombra los géneros literarios que permiten identificar diferentes textos. Alto: Selecciona textos literarios de acuerdo al género literario al que pertenecen. Superior: Construye textos literarios pertenecientes a diferentes géneros, teniendo en cuenta personajes, temática y época.', 0, 1, 9, 16),
(10, 'El mundo de los medios', 'El estudiante debe crear un post para el mural. Este debe de ser la publicad para un producto que desee vender. ', 'Reconocer la importancia y uso de los medios de comunicación con los que se relaciona.', 'Reconoce los usos de los medios de comunicación con los que se relaciona como periódicos, revistas, noticieros, vallas publicitarias, afiches e internet. Compara la información proveniente de diferentes medios de comunicación. Diferencia los formatos en los que se presentan los medios de comunicación a los que tiene acceso.', 'NA', 'el_mundo de los medios', 'Comprende las funciones que cumplen los medios de comunicación propios de su contexto.', NULL, 'Bajo: Con dificultad reconoce los medios de comunicación. Básico: Identifica medios de comunicación cercanos a su contexto. Alto: Utiliza medios de comunicación como periódicos, revistas, noticieros, entre otros. Superior: Explora y recibe información, a través de los medios de comunicación de su entorno.', 0, 1, 9, 14),
(11, 'Riquezas regionales', 'El estudiante debe arrastrar y soltar los elementos relacionados con el lugar en el cual vive (urbano o rural).', 'Identificar la región a la que pertenece, así como las actividades propias que en ella se realizan: agricultura, ganadería, pesca, industria, minería o servicios.', 'Identifica la oferta de recursos naturales presentes en su región respecto del suelo, clima, flora, fauna y agua. Reconoce las actividades que se realizan en su región: agricultura, ganadería, pesca, industria, minería o servicios. Describe las formas de organización social y económica utilizadas para la explotación de los recursos naturales (empresas, asociaciones, corporaciones autónomas regionales). Expresa por qué en espacios con determinados climas no se cuenta con ciertos productos y destaca la importancia del trabajo que realizan quienes producen los alimentos para el bienestar de todos.', 'NA', 'riquezas_regionales', 'Relaciona las características biogeográficas de su departamento, municipio, resguardo o lugar donde vive, con las actividades económicas que en ellos se realizan.', NULL, 'Bajo: Muestra dificultad para reconocer su región. Básico: Señala su región entre otras. Alto: Relaciona actividades con la región a la que pertenece. Superior: Reconoce la región a la que pertenece y ubica en ella las actividades que se realizan: agricultura, ganadería, pesca, industria, minería o servicios.', 0, 1, 10, 10),
(12, 'Crea tu evento', 'El estudiante debe crear un escenario para un evento cultural que le llame la atención, no necesariamente debe ser de su contexto actual. Para ello a partir de sus concimientos previos relizará la selección de aquellos elementos que harán de su evento un éxito completo con la mayor concurrencia de personas nunca antes vista.Razón por la cuál debe tener en cuenta que la elección sea la más asertiva y llamativa para el público en general, de tal forma que permita la integración del mismo.Su escenario debe ser creativo e innovador.', 'Ubicar los grupos humanos presentes en nuestro país, en el contexto al que pertenecen, teniendo en cuenta sus características.', 'Identifica las características de los diferentes grupos humanos presentes en el territorio nacional. Explica tradiciones y costumbres propias de los diversos grupos humanos del país respecto de la alimentación, la vivienda y su cosmovisión. Reconoce la importancia de preservar y fomentar las manifestaciones culturales de los diferentes grupos humanos presentes en el territorio nacional y que contribuyen a construir una sociedad más justa.', 'NA', 'crea_tu evento', 'Evalúa la diversidad étnica y cultural del pueblo colombiano desde el reconocimiento de los grupos humanos existentes en el país: afrodescendientes, raizales, mestizos, indígenas y blancos.', NULL, 'Bajo: Presenta dificultad en el momento de seleccionar grupos humanos existentes en nuestro país. Básico: Reconoce los diferentes grupos humanos existentes en nuestro país. Alto: Clasifica los grupos humanos existentes en nuestro país a partir de sus características. Superior: Organiza los grupos humanos presentes en nuestro país, según el contexto al que pertenecen teniendo en cuenta sus características.', 0, 1, 10, 15),
(13, 'Decubre tu territorio', 'El estudiante tiene a su disposición 2 escenarios, uno urbano y otro rural.A partir de los enunciados planteados ubicará cada objeto en el lugar más apropiado para el mismo.Por ejemplo: El lugar más adecuado para realizar una siembra es el contexto rural, un lugar muy grande para realizar compras es el centro comercial ubicado en el contexto urbano. De esta manera, realizará el proceso con cada objeto hasta terminar.', 'Asignar el suelo adecuado según las características del mismo ( urbano o rural) para diferentes espacios usados por el ser humano.', 'Reconoce los usos del suelo propios de las ciudades (comercial, industrial, habitacional, deportivo y educativo, entre otros) y los del campo (agrícola, ganadero, minero, forestal y turístico, entre otros) a partir de la lectura de mapas temáticos. Identifica cambios generados en el uso del suelo tanto de las ciudades colombianas como de los espacios rurales en la última década. Compara la cantidad de habitantes que viven en las ciudades colombianas con la población ubicada en los sectores rurales (a partir de la información del último censo de población realizado en el país o de otra fuente). Expresa razones por las cuales actualmente la población se concentra más en las ciudades que en el campo.', 'NA', 'decubre_tu territorio', 'Diferencia las características geográficas del medio urbano y el medio rural, mediante el reconocimiento de la concentración de la población y el uso del suelo, que se da en ellos.', NULL, 'Bajo: Se le difuculta establecer diferencias entre el suelo urbano y rural. Básico: Establece diferencias entre el suelo urbano y rural. Alto: Clasifica características propias del suelo urbano y rural para ubicar diferentes espacios. Superior: Determina el suelo más adecuado entre urbano y rural, para ubicar diferentes espacios.', 0, 1, 10, 15),
(14, 'Raices vivas', 'El estudiante llega a un escenario en el que encontrará variadas representaciones culturales, una vez allí debe escoger elementos que le permitan realizar un ritual al sol con el objetivo de que este haga crecer sus cultivos y así obtener una excelente cosecha. Se requieren elementos propios de la cultura y de una forma epecífica para que surja efecto: sí solo utiliza algunos el resultado no será el mismo.', 'Relacionar información concreta con diferentes pueblos indígenas (Chibcha, Caribe y Arawak) y ubicarlos espacialmente. ', 'Reconoce los diferentes pueblos indígenas pertenecientes a las familias lingüísticas que habitaban el territorio colombiano (Chibcha, Caribe y Arawak) y los ubica espacialmente. Compara las organizaciones sociales, económicas y religiosas de los pueblos ancestrales que habitaron el territorio colombiano (muiscas, taironas, calimas y zenúes, entre otros). Busca información en diferentes fuentes sobre los legados culturales de las comunidades indígenas y describe su situación actual. Explica las razones por las cuales la población indígena se vio reducida con la llegada de los europeos.', 'NA', 'raices_vivas', 'Analiza las características de las culturas ancestrales que a la llegada de los españoles, habitaban el territorio nacional', NULL, 'Bajo: Con dificultad reconoce algunos pueblos indígenas del territorio colombiano. Básico: Identifica pueblos indígenas que habitan el territorio colombiano. Alto: Establece relación entre pueblos indígenas y sus características propias. Superior: Refiere las características de diferentes pueblos indígenas (Chibcha, Caribe y Arawak) y los ubica espacialmente. ', 0, 1, 10, 15),
(15, 'Termoaventura', 'El estudiante tendrá a su disposición diferentes pisos térmicos ubicados en nuestro país, reconocidos por el clima, la vegetación, entre otros aspectos;según las características de cada uno debe tomar elementos que hagan parte del mismo y ubicarlos.', 'Vincular cultivos y actividades humanas con diferentes pisos térmicos ubicados en cada región.', 'Explica las formas de división territorial en Colombia: corregimiento, municipio, área metropolitana, departamento, región y territorio indígena. Caracteriza los territorios colombianos denominados distritos (capital, especial, industrial, portuario, turístico, histórico y biodiverso) y los diferencia de los municipios y de las ciudades capitales. Diferencia las regiones geográficas en las que está dividido el territorio colombiano y las reconoce a partir de la lectura de mapas temáticos. Relaciona la existencia de los pisos térmicos con los recursos naturales de cada región e identifica su incidencia en la diversidad de cultivos y actividades humanas.', 'NA', 'termoaventura', 'Comprende la organización territorial existente en Colombia y las particularidades geográficas de las regiones.', NULL, 'Bajo: Se le dificulta identificar los diferentes pisos térmicos. Básico: Reconoce las características de los diferentes pisos térmicos. Alto: Relaciona las características propias de objetos con el piso térmico al que pertenecen. Superior: Organiza diferentes objetos y actividades humanas en el piso térmico y la región a la que pertenecen. ', 0, 1, 10, 16),
(16, 'Jugando con la naturaleza', 'El estudiante debe entrar al invernadero y a partir de sus conocimientos previos, ayudar a elegir el techo de material apropiado para las diferentes plantas, sin que se vean afectadas por el mismo.Puede experimentar con ellas, es decir probar las opciones de techo.', 'Determinar la fuente apropiada (techo) para propagar luz hacia la planta, estimulando su crecimiento.', 'Describe las precauciones que debe tener presentes frente a la exposición de los ojos a rayos de luz directa (rayos láser, luz del sol) que pueden causarle daño. Selecciona la fuente apropiada para iluminar completamente una determinada superficie teniendo en cuenta que la luz se propaga en todas las direcciones y viaja en línea recta.', 'NA', 'jugando_con la naturaleza', 'Comprende la forma en que se propaga la luz a través de diferentes materiales (opacos, transparentes como el aire, translúcidos como el papel y reflectivos como el espejo)', NULL, 'Bajo: Muestra dificultades para identificar las caracteríticas de las fuentes de luz. Básico: Reconoce la importancia que tienen las fuentes de luz solar para las plantas. Alto: Determina los daños que pueden causar la exposición de las plantas ante la luz directa sin ningún tipo de protección. Superior: Elige de manera apropiada la fuente necesaria para que la luz solar se propague y beneficie las plantas. ', 0, 1, 7, 14),
(17, 'Las aventuras del agua', 'El estudiante deberá participar en unna carrera que le exige vencer obstáculos y cambiar el agua a diferentes estados, según se lo requiera el proceso mientras avanza.Deberá transformar de líquido a solido, luego a gaseoso, nuevamente a líquido y así sucesivamente hasta finalizar la carrera.Cada vez que ingrese nuevamente las actividades cambiaran de orden.', 'Interpretar los diferentes estados de la materia y generar soluciones cuando se requiera.', 'Interpreta los resultados de experimentos en los que se analizan los cambios de estado del agua al predecir lo qué ocurrirá con el estado de una sustancia dada una variación de la temperatura. Explica fenómenos cotidianos en los que se pone de manifiesto el cambio de estado del agua a partir de las variaciones de temperatura (la evaporación del agua en el paso de líquido a gas y los vidrios empañados en el paso de gas a líquido, entre otros). Utiliza instrumentos convencionales (balanza, probeta, termómetro) para hacer mediciones de masa, volumen y temperatura del agua que le permitan diseñar e interpretar experiencias sobre los cambios de estado del agua en función de las variaciones de temperatura.', 'NA', 'las_aventuras del agua', 'Comprende la influencia de la variación de la temperatura en los cambios de estado de la materia, considerando como ejemplo el caso del agua.', NULL, 'Bajo: Con dificultad reconoce los estados de la materia. Básico: Determina que las diferentes temperaturas, varian de acuerdo al estado de la materia. Alto: Describe con características propias, los diferentes estados en los que se puede presentar la materia. Superior: Plantea alternativas que permiten modificar los estados de la materia según se requiera. ', 0, 1, 7, 14),
(18, '¡Descrube el camuflaje¡', 'Al niño se le mostrará un ecosistema y tendrá la tarea de ubicar cada uno d elos animales en el ecosistema correspondiente para cada uno.Sí ubica los animsles en el lugar equivocado este se acabará y tendrá que empezar de nuevo.', 'Seleccionar animales cuyas características físicas le permiten camuflarse en la misma naturaleza.', 'Interpreta las relaciones de competencia, territorialidad, gregarismo, depredación, parasitismo, comensalismo, amensalismo y mutualismo, como esenciales para la supervivencia de los organismos en un ecosistema, dando ejemplos. Observa y describe características que le permiten a algunos organismos camuflarse con el entorno, para explicar cómo mejoran su posibilidad de supervivencia. Predice qué ocurrirá con otros organismos del mismo ecosistema, dada una variación en sus condiciones ambientales o en una población de organismos. Describe y registra las relaciones intra e interespecíficas que le permiten sobrevivir como ser humano en un ecosistema.', 'NA', 'descrube_el camuflaje', 'Comprende las relaciones de los seres vivos con otros organismos de su entorno (intra e interespecíficas) y las explica como esenciales para su supervivencia en un ambiente determinado.', NULL, 'Bajo: Se le dificulta reconocer animales que poseen características semejantes a la naturaleza. Básico: Recnoce animales que poseen características semejantes a la naturaleza. Alto: Describe las caracteríticas propias de animales que poseen características semejantes a la naturaleza. Superior: Relaciona y ubica animales que poseen características semejantes a la naturaleza, en espacios donde logran camuflarse. ', 0, 1, 7, 14),
(19, 'Ecosistemas en acción', 'El estudiante debe modificar el ecosistema a partir de las características propias del mismo y especialmente del clima elegido para dicha actividad. Al llegar al campo pondrá en evidencia sus conocimientos previos tomando los elementos apropiados para su ecosistema permitiendo que las especies logren interactuar y beneficiarse entre ellas.', 'Reconocer las clases de ecosistemas que existen y su clasificación de acuerdo a los diferentes factores que los componen.', 'Diferencia tipos de ecosistemas (terrestres y acuáticos) correspondientes a distintas ubicaciones geográficas, para establecer sus principales características. Explica cómo repercuten las características físicas (temperatura, humedad, tipo de suelo, altitud) de ecosistemas (acuáticos y terrestres) en la supervivencia de los organismos que allí habitan. Propone representaciones de los ecosistemas representativos de su región, resaltando sus particularidades (especies endémicas, potencialidades ecoturísticas, entre otros.) y plantea estrategias para su conservación.', 'NA', 'ecosistemas_en acción', 'Comprende que existen distintos tipos de ecosistemas (terrestres y acuáticos) y que sus características físicas (temperatura, humedad, tipos de suelo, altitud) permiten que habiten en ellos diferentes seres vivos.', NULL, 'Bajo: Se le dificulta reconocer las características de un ecosistema. Básico: Identifica un ecosistema como parte de la naturaleza viva y sus características. Alto: Clasifica los ecosistemas a partir de sus caracterìticas y elementos que lo componen. Superior: Comprende la importancia e incidencia del buen funcionamiento de los ecosistemas para el medio ambiente a partir de los elementos que lo conforman.', 0, 1, 7, 15),
(20, 'Energia en movimeinto', 'Un personaje se encuentra en un espacio abierto, pero con algunos obstáculos que lo obligan a saltar, inclinarse hacia la derecha o en ocasiones hacia la izquierda, mientras lo hace, se agota y siente la necesidad de hacer una pausa o ejecutar una acción que le permita disminuir la aceleración cardiaca que esta presentando.Entre dichas opciones tiene regular la velocidad, tomar un descanso o hidratarse.', 'Explicar la influencia del ejercicio físico en el aumento de la frecuencia cardiaca y respiratoria; vinculando la energía que lleva a las células. ', 'Explica el camino que siguen los alimentos en el organismo y los cambios que sufren durante el proceso de digestión desde que son ingeridos hasta que los nutrientes llegan a las células. Relaciona las características de los órganos del sistema digestivo (tipos de dientes, características de intestinos y estómagos) de diferentes organismos con los tipos de alimento que consumen. Explica por qué cuando se hace ejercicio físico aumentan tanto la frecuencia cardíaca como la respiratoria y vincula la explicación con los procesos de obtención de energía de las células. Explica el intercambio gaseoso que ocurre en los alvéolos pulmonares, entre la sangre y el aire, y lo relaciona con los procesos de obtención de energía de las células.', 'NA', 'energia_en movimeinto', 'Comprende que en los seres humanos (y en muchos otros animales) la nutrición involucra el funcionamiento integrado de un conjunto de sistemas de órganos: digestivo, respiratorio y circulatorio.', NULL, 'Bajo: Con dificultad reconoce los cambios efectuados en el cuerpo al realizar ejercicio físico. Básico: Reconoce que algunos procesos en su cuerpo cambian al realizar ejercicio físico. Alto: Observa el aumento de la frecuencia cardiaca y respiratoria al realizar ejercicio físico. Superior: Explica la incidencia del ejercicio físico, al aumentar la frecuencia cardiaca y respiratoria en el cuerpo, trasladando energía a las células.', 0, 1, 7, 16),
(21, '¿Cuánto sumas?', 'Al ingresar el estudiante se encontrará con una serie de pesas que aparecerán de manera gradual con cantidades de diferentes kilogramos, debe trasladarlos hasta la báscula.Para calcular el peso deberá sumar la cantidad de kilogramos de cada una de estas y así obtener el resultado.', 'Determinar el resultado diferentes situaciones matemáticas en las que se estima longitud, área, volumen, peso y tiempo según se requiera.', 'Hace estimaciones de longitud, área, volumen, peso y tiempo según su necesidad en la situación. Hace estimaciones de volumen, área y longitud en presencia de los objetos y los instrumentos de medida y en ausencia de ellos. ', 'NA', 'cuanto_sumas', 'Realiza estimaciones y mediciones de volumen, capacidad, longitud, área, peso de objetos o la duración de eventos como parte del proceso para resolver diferentes problemas.', NULL, 'Básico: Identifica procesos que le permiten conocer el peso de diferentes objetos. Medio: Resuelve situaciones problemas en las que le es necesario estimar el peso de diferentes objetos. Alto: Comprueba por medio de situaciones matemáticas, el peso de diferentes objetos.', 0, 1, 11, 14),
(22, 'Escanea dimensiones', 'El estudiante tendrá a su disposición un espacio para decorar a su gusto teniendo en cuenta las medidas precisas de cada uno de los objetos, no podrá exceder utilizando elementos muy grandes pues ello afectará el proceso y lo limitará a pocos elementos.Tendrá en cuenta las medidas de cada uno de los espacios como la sala, la cocina y demás.', 'Reconocer cantiddaes y expresiones que le permiten desarrollar operaciones de aditivas y multiplicativas a partir de actividades cotidianas.', '- Realiza mediciones de un mismo objeto con otros de diferente tamaño y establece equivalencias entre ellas. - Utiliza las razones y fracciones como una manera de establecer comparaciones entre dos cantidades.', 'NA', 'escanea_dimensiones', 'Establece comparaciones entre cantidades y expresiones que involucran operaciones y relaciones aditivas y multiplicativas y sus representaciones numéricas.', NULL, 'Básico: Establece equivalencias y diferencias en lo relacionado con medidas de diferentes objetos. Medio: Comprueba cantidades a través de fracciones. Alto: Propone espacios para objetos de diferentes tamaños utilizando operaciones matemáticas, que le permiten establecer medidas exactas.', 0, 1, 11, 14),
(23, 'Reconociendo figuras', 'El estudiante debe Clasificar los elementos dependiendo el objeto /figura geométrica que se le presenta a partir de las formas bidimensionales y tridimensionales.', 'Identificar elementos que representen formas bidimensionales y tridimensionales, semejantes a las figuras geométricas.', 'Relaciona objetos de su entorno con formas bidimensionales y tridimensionales, nombra y describe sus elementos. Clasifica y representa formas bidimensionales y tridimensionales tomando en cuenta sus características geométricas comunes y describe el criterio utilizado.', 'NA', 'reconociendo_figuras', 'Realiza estimaciones y mediciones de volumen, capacidad, longitud, área, peso de objetos o la duración de eventos como parte del proceso para resolver diferentes problemas.', NULL, 'Básico: Reconoce elementos semejantes a figuras geométricas. Medio: Clasifica elementos de su entorno semejantes a figuras geométricas bidimensionales y tridimensionales. Alto: Propone y resuelve situaciones que involucran figuras geométricas bidimensionales y tridimensionales. ', 0, 1, 11, 14),
(24, 'Volumen', 'El estudiante debe calcular el volumen de acuerdo a las figuras y la capacidad del bulto en el cual va depositando los elementos. ', 'Interpretar de acuerdo a la obserción, el volumen de una figura para su ubicación en un espacio determinado. ', 'Hace estimaciones de longitud, área, volumen, peso y tiempo según su necesidad en la situación. Hace estimaciones de volumen, área y longitud en presencia de los objetos y los instrumentos de medida y en ausencia de ellos.', 'NA', 'volumen', 'Realiza estimaciones y mediciones de volumen, capacidad, longitud, área, peso de objetos o la duración de eventos como parte del proceso para resolver diferentes problemas.', NULL, 'Básico: Reconoce las figuras de acuerdo a su forma y/o tamaño. Medio: Compara las figuras de acuerdo a su volumen y organizarlas según sus características. Alto: Clasifica las figuras según su tamaño y volumen para organizarlas según sus características.', 0, 1, 11, 14),
(25, 'De trasteo', 'El estudiante debe ayudar a su vecino a organizar los elementos para el trasteo, es necesario tener en cuenta características como volumen, peso, capacidad, entre otras.Cada caja tiene una asignación específica correspondiente al lugar de la casa en que debe ubicarse, ello debe ser tenido en cuenta.', 'Reconoce diferentes instrumentos y unidades para calcular longitud, volumen, capacidad, área, masa, entre otros;que le permiten resolver situaciones matemáticas.', 'Expresa una misma medida en diferentes unidades, establece equivalencias entre ellas y toma decisiones de la unidad más conveniente según las necesidades de la situación. Propone diferentes procedimientos para realizar cálculos (suma y resta de medidas, multiplicación y división de una medida y un número) que aparecen al resolver problemas en diferentes contextos. Emplea las relaciones de proporcionalidad directa e inversa para resolver diversas situaciones.Propone y explica procedimientos para lograr mayor precisión en la medición de cantidades de líquidos, masa, etc.', 'NA', 'de_trasteo', 'Elige instrumentos y unidades estandarizadas y no estandarizadas para estimar y medir longitud, área, volumen, capacidad, peso y masa, duración, rapidez, temperatura, y a partir de ellos hace los cálculos necesarios para resolver problemas.', NULL, 'Básico: Selecciona instrumentos a paritir de su capacidad, peso, masa, temperatura, entre otros.para resolver situaciones problémicas. Medio: Relaciona y compara instrumentos a paritir de su capacidad, peso, masa, temperatura, entre otros.para resolver situaciones problémicas. Alto: Categoriza instrumentos a paritir de su capacidad, peso, masa, temperatura, entre otros.para resolver situaciones problémicas.', 0, 1, 11, 15);

INSERT INTO `activities_thinking_skills` (`activities_id`, `thinking_skills_id`) VALUES
(1, 1),
(2, 1),
(3, 1),
(4, 1),
(5, 1),
(6, 1),
(7, 1),
(8, 1),
(9, 1),
(10, 1),
(11, 1),
(12, 1),
(13, 1),
(14, 1),
(15, 1),
(15, 2),
(16, 1),
(16, 2),
(17, 1),
(17, 2),
(18, 1),
(18, 2),
(19, 1),
(19, 2),
(20, 1),
(20, 2),
(21, 1),
(21, 2),
(22, 1),
(22, 2),
(23, 1),
(23, 2),
(24, 1),
(24, 2),
(25, 1),
(25, 2);

INSERT INTO `branches` (`id`, `name`, `dane_code`, `town_id`, `institution_id`) VALUES
(100, 'SANTA ISABEL', '17656300002402', 10, 100),
(101, 'FRANCISCO ANTONIO ZEA CENTRO', '17656300009107', 10, 101),
(102, 'ALFREDO POSADA CORREA', '17656300082201', 10, 102),
(103, 'ATENEO COMERCIAL FEMENINO', '17656300002401', 10, 100),
(104, 'ANTONIO RICAURTE', '17656300009101', 10, 101),
(105, 'SIMBAD ARTURO BUENO', '27656300004508', 10, 103),
(106, 'MIGUEL DE CERVANTES SAAVEDRA', '17631800026401', 11, 104),
(107, 'LEONIDAS MOSQUERA', '17656300082203', 10, 102),
(108, 'FRANCISCO ANTONIO ZEA', '17656300009102', 10, 101),
(109, 'ALFONSO ZAWADZKY', '17689000030501', 12, 105),
(110, 'MANUELA BELTRAN', '27630600017401', 13, 106),
(111, 'DIEGO RENGIFO SALAZAR', '27689000023708', 12, 107),
(112, 'CONCENTRACION ESCOLAR URBANA', '17660600016301', 14, 108),
(113, 'RODRIGO LLOREDA CAICEDO', '27613000062801', 15, 109),
(114, 'GABRIELA MISTRAL', '27689000009101', 12, 110),
(115, 'SIMON BOLÍVAR', '27604100074607', 16, 111),
(116, 'SANTA ANA DE LOS CABALLEROS', '17604100001601', 16, 112),
(117, 'CRISTOBAL COLON', '27604100074609', 16, 111),
(118, 'SANTA INES', '27604100036301', 16, 113),
(119, 'CONCENTRACION RURAL QUEBRADAGRANDE', '27640000060901', 17, 114),
(120, 'NUESTRA SEÑORA DE LAS MERCEDES', '17689500010901', 18, 115),
(121, 'MAGDALENA ORTEGA', '17640000004301', 17, 116),
(122, 'NORMAL SUPERIOR JORGE ISAACS', '17662200008401', 19, 117),
(123, 'SAN JOSE', '27610000070403', 20, 118),
(124, 'JOSÉ MARÍA CÓRDOBA', '17624300002601', 21, 119),
(125, 'DIONISIO CORTES', '27624300049702', 21, 120),
(126, 'MANUEL DOLORES MONDRAGON', '17610000025401', 20, 121),
(127, 'MANUEL DOLORES MONDRAGON', '27610000051801', 20, 122),
(128, 'CONCENTRACION AGRICOLA', '27610000025901', 20, 123),
(129, 'ROSA ZARATE DE PEÑA', '27686300054302', 22, 124),
(130, 'BELISARIO PEÑA PIÑEIRO', '17662200006801', 19, 125),
(131, 'GILBERTO ALZATE AVENDAÑO', '17605400002301', 23, 126),
(132, 'CAMILO TORRES', '27627500015411', 24, 127),
(133, 'HERNANDO LLORENTE ARROYO', '27661600058101', 25, 128),
(134, 'ARTURO GOMEZ JARAMILLO', '47602000024901', 26, 129),
(135, 'BOLIVARIANO', '17612200038001', 27, 130),
(136, 'JOSE ANTONIO GALAN', '27623300102906', 28, 131),
(137, 'LUIS GABRIEL UMAÑA MORALES', '27689500078201', 18, 132),
(138, 'SIMON BOLIVAR', '27611300001102', 29, 133),
(139, 'GIMNASIO DEL DAGUA QUEREMAL', '27623300065101', 28, 134),
(140, 'LIC FEM NUESTRA SEÑORA DE CHIQUINQUIRA', '17662200007601', 19, 135),
(141, 'BELISARIO PEÑA PIÑEIRO SATELITE', '27662200057717', 19, 136),
(142, 'LEOCADIO SALAZAR', '17684500001901', 30, 137),
(143, 'GILBERTO ALZATE AVENDAÑO CENTRO', '17624600066303', 31, 138),
(144, 'JOSE MARIA FALLA', '17625000026101', 32, 139),
(145, 'ROSA SARATE DE PEÑA', '27625000015012', 32, 140),
(146, 'LA CARMELITA', '27610000070410', 20, 118),
(147, 'JUAN HURTADO', '47605400001905', 23, 141),
(148, 'MANUEL DOLORES MONDRAGON', '27610000070401', 20, 118),
(149, 'PABLO EMILIO CAMACHO', '17689500016802', 18, 142),
(150, 'JULIAN TRUJILLO - ANDINAPOLIS', '27682800011502', 33, 143),
(151, 'MARIA INMACULADA', '27684500010201', 30, 144),
(152, 'SAN VICENTE', '27623300048104', 28, 145),
(153, 'GIMNASIO DEL DAGUA', '17623300065601', 28, 146),
(154, 'SANTIAGO RENGIFO SALCEDO', '17613000046101', 15, 147),
(155, 'GIMNASIO DEL DAGUA', '27623300051102', 28, 148),
(156, 'GIMNASIO DEL DAGUA, TOCOTA', '27623300124001', 28, 149),
(157, 'MARINO RENJIFO SALCEDO', '27613000082201', 15, 150),
(158, 'ANTONIO NARIÑO', '17613000039904', 15, 151),
(159, 'JOSE ANTONIO GALAN', '27613000062805', 15, 109),
(160, 'PANEBIANCO AMERICANO - SEDE PRINCIPAL', '27613000018101', 15, 152),
(161, 'JORGE ISAACS', '17624800002401', 34, 153),
(162, 'SAN PIO X', '17637700025101', 35, 154),
(163, 'ESC NORMAL SUPERIOR MARIA INMACULADA', '17612200037101', 27, 155),
(164, 'JUANA DE ARCO', '27630600033607', 13, 156),
(165, 'CONCENTRACIÓN RURAL AGRIC HERACLIO URIBE URIBE', '47673600025801', 36, 157),
(166, 'BOLIVARIANO LA CAMELIA', '27612200022802', 27, 158),
(167, 'PEDRO VICENTE ABADIA', '17631800070101', 11, 159),
(168, 'CENT EDUC LA BETULIA', '27673600017811', 36, 160),
(169, 'INSTITUTO LAS AMERICAS', '17627500001001', 24, 161),
(170, 'SAN JUAN BOSCO', '27689000023701', 12, 107),
(171, 'FRAY JOSE JOAQUIN ESCOBAR', '17682300006601', 37, 162),
(172, 'SAN JUAN BOSCO', '17673600003303', 36, 163),
(173, 'LA INMACULADA', '17682300038403', 37, 164),
(174, 'SAGRADO CORAZON DE JESUS', '17682800006401', 33, 165),
(175, 'ANTONIO RICAURTE', '27686900013806', 38, 166),
(176, 'SAN JOSE', '17649700009301', 39, 167),
(177, 'LAUREANO GOMEZ', '27637700031104', 35, 168),
(178, 'FRANCISCO DE PAULA SANTANDER', '27637700007800', 35, 169),
(179, 'LA INMACULADA', '17686300033601', 22, 170),
(180, 'CARLOS HOLGUIN SARDI', '27686300054301', 22, 124),
(181, 'LUIS ENRIQUE ZAMORA', '17640300003604', 40, 171),
(182, 'MARIA ANALIA ORTIZ HORMAZA', '27649700060801', 39, 172),
(183, 'GUILLERMO VALENCIA', '27623300048101', 28, 145),
(184, 'JUAN SALVADOR GAVIOTA', '27625000015001', 32, 140),
(185, 'AGRICOLA CAMPOALEGRE', '27603600003700', 41, 173),
(186, 'JOSE ANTONIO AGUILERA', '17667000024001', 42, 174),
(187, 'GIMNASIO DEL CALIMA', '17612600005801', 43, 175),
(188, 'SIMON BOLIVAR', '17612600006601', 43, 176),
(189, 'SAGRADO CORAZON', '17624800001601', 34, 177),
(190, 'JORGE ISAACS EL PLACER', '27624800035501', 34, 178),
(191, 'REGIONAL SIMON BOLIVAR', '27627500027801', 24, 179),
(192, 'PRIMITIVO CRESPO', '17661600001301', 25, 180),
(193, 'NEMESIO RODRIGUEZ', '27661600059001', 25, 181),
(194, 'ABSALON TORRES CAMACHO', '17627500139301', 24, 182),
(195, 'LICEO COMERCIAL FEMENINO', '17627500091501', 24, 183),
(196, 'INMACULADA CONCEPCIÓN', '27630600034401', 13, 184),
(197, 'KWE SX NASA KSXA WNXI', '27627500146101', 24, 185),
(198, 'CAMILO TORRES', '27623300056101', 28, 186),
(199, 'NUESTRA SEÑORA DE LA CONSOLACION', '17682300038401', 37, 164),
(200, 'SEVILLA', '17673600002501', 36, 187),
(201, 'BELLO HORIZONTE', '17656300082204', 10, 102),
(202, 'PEDRO VICENTE ABADIA', '27631800011102', 11, 188),
(203, 'JORGE ELIECER GAITAN', '27631800022604', 11, 189),
(204, 'JOSE MARIA CORDOBA', '27623300065102', 28, 134),
(205, 'MARIA AUXILIADORA', '17602000003202', 26, 190),
(206, 'ANTONIO NARIÑO', '27686900013805', 38, 166),
(207, 'ELEAZAR LIBREROS SALAMANCA', '17603600002401', 41, 191),
(208, 'DIEGO RENGIFO SALAZAR', '17611300037701', 29, 192),
(209, 'ANTONIO NARIÑO', '17611300065201', 29, 193),
(210, 'JORGE ROBLEDO', '17686900002801', 38, 194),
(211, 'JOSE MARIA CABAL', '27623300051101', 28, 148),
(212, 'BENJAMIN HERRERA', '27673600081001', 36, 195),
(213, 'ESC SANTA BARBARA', '27673600028301', 36, 196),
(214, 'JORGE ISAACS SEDE PRINCIPAL', '27624800036301', 34, 197),
(215, 'GABRIELA MISTRAL', '27667000021004', 42, 198),
(216, 'JOSE MARIA CARBONEL', '27673600032103', 36, 199),
(217, 'MARIA AGUSTINA MADRID', '17610000025411', 20, 121),
(218, 'MARCO FIDEL SUAREZ', '27656300022301', 10, 200),
(219, 'SAN ANTONIO DE PIEDRAS', '27689000023711', 12, 107),
(220, 'ALFREDO GARRIDO TOVAR', '27661600065401', 25, 201),
(221, 'I.E. TEODORO MUNERA HINCAPIE - SEDE PORINCIPAL', '27660600054101', 14, 202),
(222, 'ANTONIO NARIÑO', '27611300043602', 29, 203),
(223, 'SAN MIGUEL', '27623300124007', 28, 149),
(224, 'CONC  URB  JOSE EUSEBIO CARO', '17612200038002', 27, 130),
(225, 'GINEBRA LA SALLE', '17630600001301', 13, 204),
(226, 'CAMILO TORRES', '27682800044103', 33, 205),
(227, 'ATANASIO GIRARDOT', '27613000018105', 15, 152),
(228, 'SANTA MATILDE', '27603600003713', 41, 173),
(229, 'CONCENTRACIÓN DE DESARROLLO RURAL SAN JOSE', '27640300020101', 40, 206),
(230, 'ISABEL LA CATOLICA', '27610000054203', 20, 207),
(231, 'LA PEDRERA', '27686900013803', 38, 166),
(232, 'MANUELA BELTRAN', '27631800027702', 11, 208),
(233, 'ENRIQUE OLAYA HERRERA', '27623300102903', 28, 131),
(234, 'CRISTOBAL COLON', '27682800012301', 33, 209),
(235, 'JUAN XXIII', '27604100074602', 16, 111),
(236, 'ARGEMIRO ESCOBAR CARDONA', '17640000027201', 17, 210),
(237, 'JOSE EUSEBIO CARO', '17613000046102', 15, 147),
(238, 'GUILLERMO LEON VALENCIA', '27630600033605', 13, 156),
(239, 'SIMON BOLIVAR', '27631800027701', 11, 208),
(240, 'EUSTAQUIO PALACIOS', '27625000015013', 32, 140),
(241, 'SATELITE PEDRO VICENTE ABADIA', '27631800009903', 11, 211),
(242, 'BELISARIO PEÑA PIÑEIRO- CAJAMARCA', '17662200006808', 19, 125),
(243, 'SANTA TERESITA DEL NIÑO JESUS', '27623300026001', 28, 212),
(244, 'SANTA TERESITA', '27673600017801', 36, 160),
(245, 'ELÍAS E. QUIJANO', '27682800044111', 33, 205),
(246, 'ANTONIO JOSE DE SUCRE', '27603600003704', 41, 173),
(247, 'PRIMITIVO CRESPO', '17673600002502', 36, 187),
(248, 'SAGRADA FAMILIA', '17613000039902', 15, 151),
(249, 'GERMAN NIETO', '17613000039901', 15, 151),
(250, 'GENERAL SANTANDER', '27631800009901', 11, 211),
(251, 'JOSE CELESTINO MUTIS', '17624800002403', 34, 153),
(252, 'MANUEL DOLORES MONDRAGON', '27610000054201', 20, 207),
(253, 'SAN PABLO', '27625000015003', 32, 140),
(254, 'CARMEN ARZAYUS', '17631800070105', 11, 159),
(255, 'EL PLACER', '27604100074601', 16, 111),
(256, 'SANTIAGO GUTIERREZ ANGEL', '47605400001901', 23, 141),
(257, 'JOSE ACEVEDO Y GOMEZ', '27660600029001', 14, 213),
(258, 'SANTA RITA DE CASSIA', '27613000018103', 15, 152),
(259, 'SAN JOSÉ', '17602000003201', 26, 190),
(260, 'JUAN DEL CORRAL', '27623300056106', 28, 186),
(261, 'JORGE ROBLEDO', '17682800002105', 33, 214),
(262, 'JULIO CAICEDO TELLEZ', '27667000020101', 42, 215),
(263, 'LA PRESENTACIÓN', '17624600033701', 31, 216),
(264, 'GILBERTO ALZATE AVENDAÑO', '17624600066301', 31, 138),
(265, 'ANTONIO NARIÑO LA URIBE', '17611300037704', 29, 192),
(266, 'GENERAL SANTANDER', '17673600003301', 36, 163),
(267, 'CONCENTRACION DE DESARROLLO RURAL LA SELVA', '27630600033601', 13, 156),
(268, 'SAN JOSE', '17640000001901', 17, 217),
(269, 'JUAN DE DIOS GIRON', '17640000002701', 17, 218),
(270, 'SANTA TERESITA', '17640300007901', 40, 219),
(271, 'CENT DOC NO 22  GILBERTO ALZATE AVENDAÑO', '27612200020101', 27, 220),
(272, 'CACIQUE UMADA', '27627500146166', 24, 185),
(273, 'SAGRADO CORAZON DE JESUS', '27612200022801', 27, 158),
(274, 'MARIANO OSPINA PEREZ', '17611300037706', 29, 192),
(275, 'JOSE MARIA CORDOBA', '27613000018102', 15, 152),
(276, 'I.E. CAMILO TORRES', '27661600025501', 25, 221),
(277, 'RODRIGO LLOREDA', '27682800038701', 20, 222),
(278, 'I.E. SAN PEDRO CLAVER - SEDE PRINCIPAL', '27623300053701', 28, 223),
(279, 'RICARDO NIETO', '17673600003305', 36, 163),
(280, 'INSTITUTO PROMOCION SOCIAL', '17637700001401', 35, 224),
(281, 'GENERAL SANTANDER SATELITE DE CUMBARCO', '27673600081006', 36, 195),
(282, 'MANUEL ANTONIO BONILLA', '17640300003601', 40, 171),
(283, 'CARLOS VILLAFAÑE', '17662200008403', 19, 117),
(284, 'REPÚBLICA DE VENEZUELA', '27689500078202', 18, 132),
(285, 'MERCEDITAS FORERO DE GONZALEZ', '17627500001004', 24, 161),
(286, 'JORGE ELIÉCER GAITÁN', '17689000030506', 12, 105),
(287, 'MANUEL MARÍA MALLARINO', '27682800044101', 33, 205),
(288, 'POLICARPA SALAVARRIETA', '17686900002802', 38, 194),
(289, 'CANAIMA', '27630600017411', 13, 106),
(290, 'MARIA AUXILIADORA', '27637700038801', 35, 225),
(291, 'NORMAN ZULUAGA JARAMILLO', '17627500001005', 24, 161),
(292, 'ANTONIO NARIÑO', '17689500004401', 18, 226),
(293, 'SIMON BOLIVAR', '17689500026501', 18, 227),
(294, 'JORGE ISAACS', '27604100037101', 16, 228),
(295, 'BELISARIO PEÑA PIÑEIRO', '27662200057701', 19, 136),
(296, 'INSTITUTO AGRICOLA CEILAN', '27611300001101', 29, 133),
(297, 'MIGUEL ANTONIO CARO', '27623300058801', 28, 229),
(298, 'GIMNASIO DEL DAGUA BORRERO AYERBE', '27623300071501', 28, 230),
(299, 'JORGE ELIECER GAITÁN', '27667000020107', 42, 215),
(300, 'I.E. MERCEDES ABREGO - SEDE PRINCIPAL', '27656300004501', 10, 103),
(301, 'ANTONIA SANTOS', '17627500001006', 24, 161),
(302, 'JULIO ARBOLEDA', '17627500139302', 24, 182),
(303, 'ANTONIO NARIÑO CHORRERAS', '17611300037709', 29, 192),
(304, 'GENERAL SANTANDER SATELITE LA CUCHILLA', '27673600048806', 36, 231),
(305, 'JORGE ISAACS', '27624800032101', 34, 232),
(306, 'INSTITUTO AGRICOLA', '17682300033301', 37, 233),
(307, 'MARIA AUXILIADORA', '27673600032101', 36, 199),
(308, 'ANTONIO RICAURTE', '17611300037705', 29, 192),
(309, 'FRANCISCO DE PAULA SANTANDER', '27623300051109', 28, 148),
(310, 'GENERAL SANTANDER SATELITE COLORADAS', '27673600017809', 36, 160),
(311, 'GABRIELA MISTRAL', '17627500091502', 24, 183),
(312, 'EL  PARAISO', '17613000046108', 15, 147),
(313, 'ANTONIO JOSE DE SUCRE', '27686900013801', 38, 166),
(314, 'MANUELA BELTRAN', '27627500015405', 24, 127),
(315, 'GREGORIO RAMOS', '27656300004502', 10, 103),
(316, 'SAN ISIDRO', '27682800017401', 33, 234),
(317, 'MANUELA BELTRAN', '27686900017102', 38, 235),
(318, 'SATELITE LAS AMERICAS', '27627500015402', 24, 127),
(319, 'ATANASIO GIRARDOT', '27627500019701', 24, 236),
(320, 'VEINTE DE JULIO', '27686900017101', 38, 235),
(321, 'MIGUEL A CARO', '27667000021001', 42, 198),
(322, 'JULIAN TRUJILLO', '17682800002101', 33, 214),
(323, 'JORGE ELIECER GAITAN', '17660600042201', 14, 237),
(324, 'NUESTRA SEÑORA DE LA CONSOLACION', '17660600042202', 14, 237),
(325, 'ALMIRANTE PADILLA', '27623300065108', 28, 134),
(326, 'SANTA LUCÍA', '27673600081005', 36, 195),
(327, 'GENERAL CARLOS ALBAN', '27623300053706', 28, 223),
(328, 'EFRAIN VARELA VACA', '17689500016801', 18, 142),
(329, 'KIMI PERNIA DOMICO 2', '27627500146165', 24, 185),
(330, 'ATANASIO GIRARDOT', '27686900013802', 38, 166),
(331, 'CONCENTRACION DE DESARROLLO RURAL', '27637700031101', 35, 168),
(332, 'CACIQUE YAGARI', '27627500146139', 24, 185),
(333, 'NUESTRA SEÑORA DE FATIMA', '17682300033302', 37, 233),
(334, 'JORGE ISAACS', '27613000062802', 15, 109),
(335, 'JOSE MARIA CORDOBA', '27624300007102', 21, 238),
(336, 'CRISTO REY', '17667000024005', 42, 174),
(337, 'ANTONIO RICAURTE', '17623300065603', 28, 146),
(338, 'GENERAL SANTANDER ', '27673600028302', 36, 196),
(339, 'FRANCISCO ANTONIO ZEA', '27656300023102', 10, 239),
(340, 'SANJUAN BOSCO', '27610000054202', 20, 207),
(341, 'SIMON BOLIVAR', '27613000062803', 15, 109),
(342, 'FRANCISCO JOSE DE CALDAS', '27660600029006', 14, 213),
(343, 'GILBERTO ALZATE AVENDAÑO - ALBAN', '17624600066302', 31, 138),
(344, 'PABLO VI', '27612600021400', 43, 240),
(345, 'NUESTRA SEÑORA DEL CARMEN', '27630600017404', 13, 106),
(346, 'CRISTO REY', '27682800044113', 33, 205),
(347, 'CONCENTRACION DE DESARROLLO RURAL SANTA MARTA', '27624300049701', 21, 120),
(348, 'SIMON BOLIVAR', '17640000027202', 17, 210),
(349, 'ANTONIA SANTOS', '17689000030504', 12, 105),
(350, 'GENERAL SANTANDER SATÉLITE MEDIO SAN MARCOS', '27673600081003', 36, 195),
(351, 'POLICARPA SALAVAARRIETA', '27623300102902', 28, 131),
(352, 'DOCE DE OCTUBRE', '27673600014301', 36, 241),
(353, 'MERCEDES ABREGO', '27623300065103', 28, 134),
(354, 'JOSE EUSEBIO CARO', '17627500001002', 24, 161),
(355, 'MARINO OROZCO', '17604100001607', 16, 112),
(356, 'POLICARPA SALAVARRIETA', '17625000026107', 32, 139),
(357, 'ANTONIO JOSE DE SUCRE', '27627500015404', 24, 127),
(358, 'BOYACA', '27624300049707', 21, 120),
(359, 'SATELITE GENERAL SANTANDER', '27673600017804', 36, 160),
(360, 'SAN GERARDO', '27673600081008', 36, 195),
(361, 'LEONEL TROCHEZ', '27627500146144', 24, 185),
(362, 'MANUEL JOSE REINA COLLAZOS', '17686900002804', 38, 194),
(363, 'SANTA LUCIA', '17623300065605', 28, 146),
(364, 'SEDE SAN ISIDRO', '27612200022807', 27, 158),
(365, 'BELISARIO CAICEDO', '27640000060902', 17, 114),
(366, 'SANTISIMA TRINIDAD', '17656300009103', 10, 101),
(367, 'FRANCISCO JOSE DE CALDAS', '17613000046104', 15, 147),
(368, 'SATELITE RICAURTE', '17610000025402', 20, 121),
(369, 'POLICARPA SALAVARRIETA', '17656300082207', 10, 102),
(370, 'POLICARPA SALAVARRIETA', '17627500091505', 24, 183),
(371, 'LIC NUESTRA SEÑORA DE CHIQUINQUIRA', '17662200007604', 19, 135),
(372, 'NUESTRA SEÑORA DE FATIMA', '27623300026002', 28, 212),
(373, 'JOHN FITZGERALD KENNEDY', '17673600002503', 36, 187),
(374, 'ANTONIA SANTOS', '17673600002509', 36, 187),
(375, 'SANTA BARBARA', '17624800002406', 34, 153),
(376, 'ANTONIA SANTOS', '17631800026402', 11, 104),
(377, 'FRANCISCO DE PAULA SANTANDER', '27624800035502', 34, 178),
(378, 'MARIA INMACULADA', '27610000051803', 20, 122),
(379, 'JULIAN URIBE URIBE', '17611300037703', 29, 192),
(380, 'FRANCISCO JULIAN OLAYA', '17682800002102', 33, 214),
(381, 'DIEGO FALLON', '27682800038704', 20, 222),
(382, 'SANTA LUCIA', '27682800011507', 33, 143),
(383, 'POLICARPA SALAVARRIETA', '17667000024002', 42, 174),
(384, 'CRISTOBAL COLON', '27623300124002', 28, 149),
(385, 'SIMÓN BOLIVAR', '27640300003102', 40, 242),
(386, 'SANTA TERESITA', '27625000015029', 32, 140),
(387, 'TRES DE MAYO', '17673600003308', 36, 163),
(388, 'JOSE MARIA CORDOBA', '17682300033306', 37, 233),
(389, 'RUCAIDA', '27627500146170', 24, 185),
(390, 'MARCO FIDEL SUAREZ', '27624300007104', 21, 238),
(391, 'SANTA ISABEL', '27624300007103', 21, 238),
(392, 'JOSE IGNACIO RENGIFO', '47602000024911', 26, 129),
(393, 'ANTONIO NARIÑO', '27667000020111', 42, 215),
(394, 'CENT DOC NO  01 ANEXA MARIA INMACULADA', '17612200037102', 27, 155),
(395, 'SANTA CECILIA', '17684500001903', 30, 137),
(396, 'JOSEFITA PEÑA', '27662200057706', 19, 136),
(397, 'TOMAS IGNACIO ESQUIVEL', '17662200007607', 19, 135),
(398, 'SIMON BOLIVAR', '17624600033713', 31, 216),
(399, 'ATANASIO GIRARDOT', '27660600029004', 14, 213),
(400, 'SANTO TOMAS DE AQUINO', '47602000024917', 26, 129),
(401, 'SAULO RICARDO MOLINA', '17631800070102', 11, 159),
(402, 'ATANASIO GIRARDOT', '27625000015008', 32, 140),
(403, 'RAFAEL NUÑEZ', '27623300071502', 28, 230),
(404, 'MARIA INMACULADA', '17673600002504', 36, 187),
(405, 'JORGE ELIECER GAITAN', '27673600048801', 36, 231),
(406, 'SANTA FE', '27661600065408', 25, 201),
(407, 'ONCE DE NOVIEMBRE', '27604100037113', 16, 228),
(408, 'ATANASIO GIRARDOT', '27662200057708', 19, 136),
(409, 'CARTAGENA DE INDIAS', '27627500015407', 24, 127),
(410, 'JUAN DEL CORRAL', '17611300037708', 29, 192),
(411, 'SAN JUAN BOSCO', '17656300082202', 10, 102),
(412, 'JUAN DE DIOS RODRIGUEZ', '17603600002402', 41, 191),
(413, 'LA GRAN COLOMBIA', '27661600059006', 25, 181),
(414, 'BENJAMIN VALENCIA', '17656300002403', 10, 100),
(415, 'MANUEL MEJIA', '27623300058802', 28, 229),
(416, 'CACIQUE TUNAI', '27627500146121', 24, 185),
(417, 'BLASS  DE LESSO', '27656300022302', 10, 200),
(418, 'RAFAEL URIBE URIBE', '27623300053704', 28, 223),
(419, 'NUESTRA SEÑORA DE FATIMA', '17630600001303', 13, 204),
(420, 'MANUELA BELTRAN', '17649700009305', 39, 167),
(421, 'NUESTRA SEÑORA DE LA PAZ', '27640300003101', 40, 242),
(422, 'ANTONIO NARIÑO', '27640300020102', 40, 206),
(423, 'RICARDO NIETO', '17649700009304', 39, 167),
(424, 'ANTONIA SANTOS', '17630600001307', 13, 204),
(425, 'ANTONIA SANTOS', '17623300065604', 28, 146),
(426, 'LOS ANGELES', '27623300058805', 28, 229),
(427, 'PEDRO FERMIN DE VARGAS', '27623300102901', 28, 131),
(428, 'GRAN COLOMBIA', '17660600016302', 14, 108),
(429, 'ALFONSO LOPEZ PUMAREJO', '27656300004506', 10, 103),
(430, 'RAFAEL NUÑEZ', '27637700038807', 35, 225),
(431, 'BAHONDO', '27623300026003', 28, 212),
(432, 'BELISARIO PEÑA', '27682800011504', 33, 143),
(433, 'TULIO GONZALES FORERO', '27627500019705', 24, 236),
(434, 'EMETERIO PIEDRAHITA', '17627500139304', 24, 182),
(435, 'ALFONSO LOPEZ PUMAREJO', '17613000039906', 15, 151),
(436, 'GENERAL SANTANDER', '17613000039905', 15, 151),
(437, 'INMACULADA CONCEPCION', '27630600017402', 13, 106),
(438, 'GUILLERMO LEON VALENCIA', '17682300033308', 37, 233),
(439, 'JOSE ARBEY GARCIA', '27631800022605', 11, 189),
(440, 'SAGRADO CORAZON DE JESUS', '27604100037104', 16, 228),
(441, 'RICARDO NIETO', '27637700038805', 35, 225),
(442, 'JOSE ANTONIO ANZOATEGUI', '27603600003710', 41, 173),
(443, 'ERASMO VIVAS', '17612600006609', 43, 176),
(444, 'NIÑO JESUS DE PRAGA', '27630600017406', 13, 106),
(445, 'SAN JOSE', '17673600002512', 36, 187),
(446, 'MARCO FIDEL SUAREZ', '17604100001602', 16, 112),
(447, 'ANTONIA SANTOS', '27611300043603', 29, 203),
(448, 'PEDRO MARIA MARMOLEJO', '17661600001303', 25, 180),
(449, 'ANOTNIO JOSÉ DE SUCRE', '17686300033604', 22, 170),
(450, 'CAMILO TORRES', '17611300037707', 29, 192),
(451, 'SANTA INES', '47673600025805', 36, 157),
(452, 'CAICEDO Y CUERO', '17682300033307', 37, 233),
(453, 'SANTO TOMAS DE AQUINO', '27610000025902', 20, 123),
(454, 'ANTONIO NARIÑO', '27610000051802', 20, 122),
(455, 'JULIO CAICEDO Y TELLEZ', '17610000025405', 20, 121),
(456, 'SAN JOSE', '17610000025407', 20, 121),
(457, 'NUESTRA SEÑORA DEL CARMEN', '17610000025409', 20, 121),
(458, 'SIMON BOLIVAR', '17603600002407', 41, 191),
(459, 'SANTA RITA # 11', '27662200057707', 19, 136),
(460, 'ANTONIO RICAURTE', '17604100001610', 16, 112),
(461, 'NUESTRA SEÑORA DEL PERPETUO SOCORRO', '17640000004302', 17, 116),
(462, 'LA PAZ', '27662200030501', 19, 243),
(463, 'DACHI BANIA', '27627500146142', 24, 185),
(464, 'MARIA INMACULADA', '17625000026102', 32, 139),
(465, 'DEMETRIO GARCIA VASQUEZ', '27667000020109', 42, 215),
(466, 'PIO XII', '27623300065109', 28, 134),
(467, 'NICOLAS BORRERO OLANO', '17625000026113', 32, 139),
(468, 'DAI EMBERA KURISIA', '27627500146154', 24, 185),
(469, 'GENERAL SANTANDER', '17682800002106', 33, 214),
(470, 'POLICARPA SALAVARRIETA', '27682800038702', 20, 222),
(471, 'SANTA ROSA DE LIMA', '27631800009902', 11, 211),
(472, 'ESC BUENOS AIRES', '27673600028304', 36, 196),
(473, 'SANTA RITA', '27673600014306', 36, 241),
(474, 'CENT DOC NO 03 LAS AMERICAS', '17612200038004', 27, 130),
(475, 'GABRIELA MISTRAL', '17612200038003', 27, 130),
(476, 'CENT DOC N 01 PARROQUIAL', '17612200037107', 27, 155),
(477, 'RAMÓN ELÍAS HERNÁNDEZ', '17686300033616', 22, 170),
(478, 'SAN JOAQUIN', '27627500015412', 24, 127),
(479, 'POLICARPA SALAVARRIETA', '17612600006605', 43, 176),
(480, 'ROMULO RENGIFO', '27625000015018', 32, 140),
(481, 'SANTA TERESITA', '17613000046103', 15, 147),
(482, 'LIGIA AGUDELO', '27604100036306', 16, 113),
(483, 'SAGRADO CORAZON DE JESUS', '27624300049709', 21, 120),
(484, 'SANTA TERESITA', '27684500010202', 30, 144),
(485, 'LEONARDO TASCÓN', '17667000024003', 42, 174),
(486, 'SAN FRANCISCO', '27603600003709', 41, 173),
(487, 'MIGUEL ANTONIO CARO', '27630600017403', 13, 106),
(488, 'DAI DANA', '27627500146164', 24, 185),
(489, 'MARÍA INMACULADA', '17689500016805', 18, 142),
(490, 'JUAN XXIII', '27682800017410', 33, 234),
(491, 'LA PLAYA', '17612600006608', 43, 176),
(492, 'LIBARDO DE JESUS GOMEZ CARDONA', '17686300033621', 22, 170),
(493, 'DIVINO NIÑO', '17662200006806', 19, 125),
(494, 'MIGUEL ANTONIO CARO', '27662200030509', 19, 243),
(495, 'LAUREANO GOMEZ', '17604100001605', 16, 112),
(496, 'JOSE IGNACIO RENGIFO', '17624800002407', 34, 153),
(497, 'JOSE MARIA CORDOBA', '27661600058107', 25, 128),
(498, 'BOLIVARIANA', '17624600033724', 31, 216),
(499, 'LAS AMERICAS', '27661600059002', 25, 181),
(500, 'RAFAEL URIBE URIBE', '27624800036303', 34, 197),
(501, 'FRANCISCO JOSE DE CALDAS', '17689500026504', 18, 227),
(502, 'CRISTOBAL COLON', '17682300033313', 37, 233),
(503, 'CRISTOBAL COLON', '47605400001903', 23, 141),
(504, 'SAN MARTIN DE PORRES', '27625000015015', 32, 140),
(505, 'ERNESTO PIZARRO', '17611300037702', 29, 192),
(506, 'SAN JUAN BOSCO', '27625000015005', 32, 140),
(507, 'SIMON BOLIVAR', '27625000015007', 32, 140),
(508, 'FRANCISCO P. SANTANDER', '27656300022306', 10, 200),
(509, 'MARIA INMACULADA', '17624800001603', 34, 177),
(510, 'BLASS DE LESSO', '27610000051808', 20, 122),
(511, 'RICARDO NIETO', '27604100074605', 16, 111),
(512, 'ANTONIA SANTOS', '27612600021403', 43, 240),
(513, 'PIO XII', '17604100001604', 16, 112),
(514, 'GABRIELA MISTRAL', '17649700009310', 39, 167),
(515, 'EDELMIRA OCAMPO', '27682800017405', 33, 234),
(516, 'MARIA AUXILIADORA', '27661600025511', 25, 221),
(517, 'CARLOS TASCÒN', '17630600001302', 13, 204),
(518, 'ANTONIO JOSE DE SUCRE', '17604100001608', 16, 112),
(519, 'ANTONIO VILLAVICENCIO', '27613000082206', 15, 150),
(520, 'SAN ISIDRO', '27625000015010', 32, 140),
(521, 'ANTONIA SANTOS', '17603600002404', 41, 191),
(522, 'NUESTRA SEÑORA DEL CARMEN', '27610000054210', 20, 207),
(523, 'SIMON BOLIVAR', '27656300022303', 10, 200),
(524, 'SIMON BOLIVAR', '17624300002603', 21, 119),
(525, 'FRANCISCO DE PAULA SANTANDER', '17689500010902', 18, 115),
(526, 'ANTONIO RICAURTE', '17624300002614', 21, 119),
(527, 'MANUELA BELTRAN', '17603600002405', 41, 191),
(528, 'MARIANO OSPINA PEREZ', '27686900013809', 38, 166),
(529, 'BENJAMIN HERRERA', '27613000082207', 15, 150),
(530, 'MARCO FIDEL SUAREZ', '27613000082209', 15, 150),
(531, 'EUSTAQUIO PALACIOS', '17662200006816', 19, 125),
(532, 'CARTAGENA DE INDIAS', '27604100037102', 16, 228),
(533, 'SAN MARTIN DE PORRES', '17640000027205', 17, 210),
(534, 'TAURINO IZQUIERDO', '27689000023709', 12, 107),
(535, 'SALVADOR ROLDAN', '17682300033310', 37, 233),
(536, 'MAIGARA', '27627500146173', 24, 185),
(537, 'LAS MERCEDES', '17689500010904', 18, 115),
(538, 'CACIQUE NACEQUIA', '27627500146123', 24, 185),
(539, 'XAI DE DRUA WADRA', '27627500146155', 24, 185),
(540, 'KIMI PERNIA DOMICO 1', '27627500146167', 24, 185),
(541, 'GENERAL SANTANDER', '17649700009302', 39, 167),
(542, 'SAN ISIDRO', '27627500146114', 24, 185),
(543, 'ANTONIA SANTOS', '17624300002602', 21, 119),
(544, 'C.E. ELÍAS GIRÓN VINASCO', '27640000060916', 17, 114),
(545, 'JOSE MARIA CORDOBA', '17640300007903', 40, 219),
(546, 'NUESTRA SEÑORA DE LAS MERCEDES', '27604100036307', 16, 113),
(547, 'ESTHER ZORRILLA', '27623300056102', 28, 186),
(548, 'JHON F. KENNEDY', '17662200007602', 19, 135),
(549, 'ANTONIO NARIÑO', '27656300023101', 10, 239),
(550, 'MARÍA INMACULADA', '17611300065209', 29, 193),
(551, 'CRISTOBAL COLON', '17673600003304', 36, 163),
(552, 'GENERAL ANZOATEGUI', '27662200030507', 19, 243),
(553, 'CRISTOBAL COLON', '17611300065206', 29, 193),
(554, 'SANTO DOMINGO SAVIO', '27661600025503', 25, 221),
(555, 'PROSPERO PINZON', '27686300054305', 22, 124),
(556, 'SANTA CECILIA', '17689500016803', 18, 142),
(557, 'SIMON BOLIVAR', '27673600032104', 36, 199),
(558, 'JOHN F. KENNEDY', '27612600013301', 43, 244),
(559, 'FRANCISCO ANTONIO ZEA', '27667000020108', 42, 215),
(560, 'JOSE CELESTINO MUITS', '17627500001008', 24, 161),
(561, 'LUIS CARLOS PEÑA', '27613000082205', 15, 150),
(562, 'INDALECIO LIEVANO AGUIRRE.', '17623300065607', 28, 146),
(563, 'POLICARPA SALAVARRIETA', '27631800022602', 11, 189),
(564, 'DIVINO NIÑO JESÚS', '17689500016804', 18, 142),
(565, 'MARIA AUXILIADORA', '27627500015413', 24, 127),
(566, 'NUESTRA SEÑORA  DE FATIMA', '17612600006606', 43, 176),
(567, 'CENT  DOC  NO  08 TRES DE AGOSTO', '17612200037106', 27, 155),
(568, 'ANTONIO JOSE DE SUCRE', '17684500001902', 30, 137),
(569, 'GENERAL SANTANDER', '27604100074606', 16, 111),
(570, 'POLICARPA SALAVARRIETA', '17689500010903', 18, 115),
(571, 'CUSTODIO GARCIA ROVIRA', '27603600003707', 41, 173),
(572, 'DIVINO SALVADOR', '27604100074604', 16, 111),
(573, 'LA GRAN COLOMBIA', '17682300006602', 37, 162),
(574, 'SANTIAGO LOPEZ', '27682800017403', 33, 234),
(575, 'GUILLERMO LEON VALENCIA', '17624800001604', 34, 177),
(576, 'RICARDO LUIS BETANCOURTH', '17624300002612', 21, 119),
(577, 'DAI KURISIA', '27627500146127', 24, 185),
(578, 'CAMILO TORRES', '27604100074608', 16, 111),
(579, 'ANTONIA SANTOS', '27613000082202', 15, 150),
(580, 'HERACLIO URIBE URIBE', '17673600002508', 36, 187),
(581, 'MANUEL MARIA MALLARINO', '17624600033717', 31, 216),
(582, 'FRANCISCO DE PAULA SANTANDER', '17624600033715', 31, 216),
(583, 'LOS NIASA', '27627500146153', 24, 185),
(584, 'LUIS ALFONSO VINASCO', '27640000060913', 17, 114),
(585, 'JOSE MARIA CORDOBA', '17637700025102', 35, 154),
(586, 'BELLAVISTA', '27623300071505', 28, 230),
(587, 'CRISTO REY', '27604100036304', 16, 113),
(588, 'JOAQUIN CAICEDO', '47673600025810', 36, 157),
(589, 'LUUCX YAT', '27627500146136', 24, 185),
(590, 'JOSE CELESTINO MUTIS', '27631800011101', 11, 188),
(591, 'SAN AGUSTIN', '47602000024909', 26, 129),
(592, 'JOSE MARIA CORDOBA', '27627500015401', 24, 127),
(593, 'CARLOS LOZANO LOZANO', '27623300071503', 28, 230),
(594, 'ANTONIO RICAURTE', '27625000015027', 32, 140),
(595, 'RAFAEL POMBO', '27604100074603', 16, 111),
(596, 'MARCO TULIO LORA', '17603600002408', 41, 191),
(597, 'MERCEDES ABREGO', '27625000015004', 32, 140),
(598, 'NUESTRA SEÑORA DE LAS MERCEDES', '17624600033721', 31, 216),
(599, 'LOS MORENOS', '27660600029011', 14, 213),
(600, 'TERESITA GRAJALES', '27625000015026', 32, 140),
(601, 'ANTONIO VILLAVICENCIO', '27662200030503', 19, 243),
(602, 'FABIO MARTÍNEZ CIFUENTES', '17605400002303', 23, 126),
(603, 'GENERAL ANZOATEGUI', '27630600034403', 13, 184),
(604, 'SANTA TERESITA', '47602000024908', 26, 129),
(605, 'ANTONIO NARIÑO', '17640000027207', 17, 210),
(606, 'CENT DOC   NO  29 POLICARPA SALAVARRIETA', '27612200020104', 27, 220),
(607, 'SANTA TERESITA', '27637700007802', 35, 169),
(608, 'SAN JOSÉ', '27661600025508', 25, 221),
(609, 'SAN JUDAS TADEO', '17667000024011', 42, 174),
(610, 'POLICARPA SALAVARRIETA', '17689000030503', 12, 105),
(611, 'JOSE JOAQUIN JARAMILLO', '17625000026106', 32, 139),
(612, 'CACIQUE EADEBENA', '27627500146125', 24, 185),
(613, 'MARIA EDITH JATIVA', '27623300053703', 28, 223),
(614, 'ATANASIO GIRARDOT', '27656300022307', 10, 200),
(615, 'RICARDO NIETO', '27640000060912', 17, 114),
(616, 'VICTOR HUMBERTO BARRERA', '27686900013811', 38, 166),
(617, 'SAN ANTONIO', '27623300124003', 28, 149),
(618, 'GABRIELA MISTRAL', '17612600005802', 43, 175),
(619, 'MARIA MONTESSORI', '17604100001606', 16, 112),
(620, 'SIMON BOLIVAR', '17682300033305', 37, 233),
(621, 'JUAN XXIII', '17682300033304', 37, 233),
(622, 'CACIQUE KARABI', '27627500146126', 24, 185),
(623, 'MANUEL MEJIA', '47602000024902', 26, 129),
(624, 'CAMILO TORRES', '17689500026502', 18, 227),
(625, 'ANTONIO VILLAVICENCIO', '27623300124005', 28, 149),
(626, 'COMUNEROS', '17656300082205', 10, 102),
(627, 'ANTONIO JOSE DE SUCRE', '27682800011501', 33, 143),
(628, 'CIUDADELA GERMAN MEJIA TASCON', '17612600006612', 43, 176),
(629, 'ANTONIA SANTOS', '27625000015009', 32, 140),
(630, 'LA CABAÑA', '27673600017807', 36, 160),
(631, 'SAN ISIDRO ', '17662200006812', 19, 125),
(632, 'SAGRADO CORAZON DE JESUS', '17627500139303', 24, 182),
(633, 'MARCO FIDEL SUAREZ', '17640300003603', 40, 171),
(634, 'HERNANDO BORRERO CUADROS', '27624800032104', 34, 232),
(635, 'JHON F. KENEDY', '17611300037710', 29, 192),
(636, 'EDUARDO SANTOS', '27637700007803', 35, 169),
(637, 'SANTISIMO SACRAMENTO', '17625000026103', 32, 139),
(638, 'LA CARMELITA', '27661600065402', 25, 201),
(639, 'SIMÓN BOLÍVAR', '17686300033602', 22, 170),
(640, 'SANTA CLARA', '17640000001902', 17, 217),
(641, 'INDALECIO MURIMBIA', '27627500146156', 24, 185),
(642, 'SANTO TOMÁS DE AQUINO', '17686300033606', 22, 170),
(643, 'ALBERTO FRESNEDA', '27625000015025', 32, 140),
(644, 'SAN JOSE', '27640300020104', 40, 206),
(645, 'CACIQUE GUASIRUMA', '27627500146119', 24, 185),
(646, 'POLICARPA SALAVARRIETA', '27610000025909', 20, 123),
(647, 'JOSE ACEVEDO Y GOMEZ', '27640000060905', 17, 114),
(648, 'VICENTE H CRUZ', '27689000009102', 12, 110),
(649, 'SAN ANTONIO', '27630600034406', 13, 184),
(650, 'ANTONIO NARIÑO', '17630600001306', 13, 204),
(651, 'ELOY SILVA', '17656300002404', 10, 100),
(652, 'SANTA ANA', '27627500019703', 24, 236),
(653, 'MARCOS FIDEL SUAREZ', '27661600059008', 25, 181),
(654, 'LA INDEPENDENCIA', '27604100037107', 16, 228),
(655, 'JAIME OSSA ESCOBAR', '17673600003309', 36, 163),
(656, 'CINCUENTENARIO', '17624800002404', 34, 153),
(657, 'MARÍA MONTESSORI', '27623300056107', 28, 186),
(658, 'SANTA MONICA', '27673600017815', 36, 160),
(659, 'JOSE MIGUEL IPIA', '27627500146113', 24, 185),
(660, 'ANTONIA SANTOS', '47605400001902', 23, 141),
(661, 'PUEBLO NUEVO', '27686900013810', 38, 166),
(662, 'LA MARIA', '47673600025802', 36, 157),
(663, 'JORGE ELIECER GAITAN', '27656300004507', 10, 103),
(664, 'LAUREANO CAICEDO TRUJILLO', '27661600059005', 25, 181),
(665, 'ANTONIO RICAURTE', '27630600033603', 13, 156),
(666, 'SAN MARTIN', '17611300037713', 29, 192),
(667, 'JOSE MARIA CORDOBA', '27610000025908', 20, 123),
(668, 'KAPUR', '27627500146172', 24, 185),
(669, 'SEBASTIAN DE BELALCAZAR', '47605400001908', 23, 141),
(670, 'JORGE ISAACS', '27624800036304', 34, 197),
(671, 'PEDRO VICENTE MONTAÑO', '17624800002402', 34, 153),
(672, 'VEINTE DE JULIO', '17625000026112', 32, 139),
(673, 'EL TAMBORAL', '27627500015406', 24, 127),
(674, 'JOSÉ CELESTINO MUTIS', '27682800017409', 33, 234),
(675, 'DAIDUMA', '27627500146175', 24, 185),
(676, 'POLICARPA SALAVARRIETA', '17660600016303', 14, 108),
(677, 'MARIANO GONZALEZ', '27611300043601', 29, 203),
(678, 'ESC RUR  MIX  NO 47  JUAN PABLO I', '27612200020107', 27, 220),
(679, 'SAN JORGE', '17627500001003', 24, 161),
(680, 'SAN LUIS BELTRAN', '27624300049712', 21, 120),
(681, 'GONZALO JIMENEZ DE QUEZADA', '17624600066317', 31, 138),
(682, 'GERARDO BUENO', '17686300033620', 22, 170),
(683, 'DAI URUMAMADUANUMA', '27627500146157', 24, 185),
(684, 'SANTO TOMAS DE AQUINO', '27624300049705', 21, 120),
(685, 'EDELMIRA RAMIREZ', '17640000027204', 17, 210),
(686, 'MANUELA BELTRAN', '27667000020110', 42, 215),
(687, 'CRISTOBAL COLON', '17637700025103', 35, 154),
(688, 'CENTRO DOCENTE NO. 60 PABLO NERUDA', '27623300102907', 28, 131),
(689, 'CAMILO TORRES', '17682300033311', 37, 233),
(690, 'SANTA ANA', '17662200006814', 19, 125),
(691, 'SAN JUDAS TADEO', '27630600034407', 13, 184),
(692, 'TRECE DE JUNIO', '27662200030504', 19, 243),
(693, 'JOSE MARIA VILLEGAS', '17630600001305', 13, 204),
(694, 'FRANCISCO JOSE DE CALDAS', '17624300002604', 21, 119),
(695, 'MARIA LUISA DE LA ESPADA', '27624800032102', 34, 232),
(696, 'MANUEL MURILLO TORO', '27623300071506', 28, 230),
(697, 'JOSE ACEVEDO Y GOMEZ', '17624600033706', 31, 216),
(698, 'JOSE MARIA CORDOBA', '27673600081002', 36, 195),
(699, 'SAN JUAN BOSCO', '17624600033719', 31, 216),
(700, 'SANTA TERESITA', '17640000002703', 17, 218),
(701, 'JESUS MARIA MURGUEITIO', '27623300124004', 28, 149),
(702, 'REPÚBLICA DE COLOMBIA', '17689500004403', 18, 226),
(703, 'MARCO FIDEL SUAREZ', '17686300033605', 22, 170),
(704, 'ELENA OSPINA', '27667000020104', 42, 215),
(705, 'HUGO TORO ECHEVERRY', '17673600003302', 36, 163),
(706, 'DIVINO ECCE HOMO', '27610000070402', 20, 118),
(707, 'DOJUURU', '27627500146150', 24, 185),
(708, 'CACIQUE TASCON', '27627500146140', 24, 185),
(709, 'ALFONSO LOPEZ PUMAREJO', '27627500146104', 24, 185),
(710, 'MAGDALENA ORTEGA DE NARIÑO', '27627500146147', 24, 185),
(711, 'ATANASIO GIRARDOT', '27623300058804', 28, 229),
(712, 'JOSE EUSEBIO CARO', '17640000027206', 17, 210),
(713, 'SIMON BOLIVAR', '27667000020103', 42, 215),
(714, 'GENERAL SANTANDER', '27667000021003', 42, 198),
(715, 'CARLOS ALFONSO GIL', '27689000023710', 12, 107),
(716, 'SANTA LUCIA', '17662200006810', 19, 125),
(717, 'JOSE MARIA CORDOBA', '27624300049706', 21, 120),
(718, 'JOSE JOAQUIN JARAMILLO', '27637700031106', 35, 168),
(719, 'FRANCISCO JOSE DE CALDAS', '27667000021002', 42, 198),
(720, 'NUEVA GRANADA', '47602000024903', 26, 129),
(721, 'SAN ROQUE', '27686300054303', 22, 124),
(722, 'FRANCISCO DE PAULA SANTANDER', '47602000024913', 26, 129),
(723, 'CAMILO TORRES', '27686900017103', 38, 235),
(724, 'MERCEDES ABREGO', '27640000060908', 17, 114),
(725, 'DOLORES SALAZAR DE LOPEZ', '47605400001904', 23, 141),
(726, 'LAUREANO GOMEZ', '27612200022803', 27, 158),
(727, 'SANTA MARIANA DE JESUS', '17673600002511', 36, 187),
(728, 'VERACRUZ', '27661600065403', 25, 201),
(729, 'GUILLERMO VALENCIA', '27689000023705', 12, 107),
(730, 'JOSE ASUNCION SILVA', '27611300001105', 29, 133),
(731, 'SANTA ANA', '27612600013305', 43, 244),
(732, 'CAMILO RESTREPO LOPEZ', '17612200038008', 27, 130),
(733, 'JORGE ROBLEDO', '27604100036303', 16, 113),
(734, 'CACIQUE TAUDA', '27627500146158', 24, 185),
(735, 'ATANASIO GIRARDOT', '17686300033615', 22, 170),
(736, 'MARISCAL SUCRE', '27637700038802', 35, 225),
(737, 'JUAN XXIII', '17611300037712', 29, 192),
(738, 'LLANITOS', '17612600006611', 43, 176),
(739, 'JORGE ELIECER GAITAN', '27623300048105', 28, 145),
(740, 'SIMON BOLIVAR', '27627500027803', 24, 179),
(741, 'SAN SEBASTIAN', '17662200006802', 19, 125),
(742, 'ESTELIA QUINTERO', '27630600017410', 13, 106),
(743, 'ROBERTO URDANETA ARBELAEZ ', '27623300065107', 28, 134),
(744, 'JACINTO SANCHEZ', '27625000015016', 32, 140),
(745, 'JARADEAI DACHI BEDEA', '27627500146168', 24, 185),
(746, 'LAS AMERICAS', '27604100074613', 16, 111),
(747, 'JESUS DE LA BUENA ESPERANZA', '27623300051108', 28, 148),
(748, 'HELIODORO PEÑA', '27662200057705', 19, 136),
(749, 'SAN ANTONIO', '17631800026405', 11, 104),
(750, 'GENERAL CARLOS ALBAN', '17624600066307', 31, 138),
(751, 'JOSE ANTONIO ANZOATEGUI', '27661600058104', 25, 128),
(752, 'JUAN JOSE RONDON', '27686900013804', 38, 166),
(753, 'JULIO ARBOLEDA', '27611300043610', 29, 203),
(754, 'SIETE DE AGOSTO', '17624600033712', 31, 216),
(755, 'SANTA MATILDE', '27673600014308', 36, 241),
(756, 'SAN JUAN BAUTISTA', '17625000026110', 32, 139),
(757, 'COLOMBIA', '27673600017810', 36, 160),
(758, 'FEDICIO NAVARRETE', '27682800044107', 33, 205),
(759, 'JUAN  XXIII', '27661600058106', 25, 128),
(760, 'SAGRADO CORAZÓN DE JESÚS', '17689500026503', 18, 227),
(761, 'VIRGEN LA MILAGROSA', '27611300001106', 29, 133),
(762, 'JORGE ROBLEDO', '27637700038804', 35, 225),
(763, 'MARCO FIDEL SUAREZ', '17637700001402', 35, 224),
(764, 'RICARDO CIFUENTES RIOMAÑA', '17624800001607', 34, 177),
(765, 'RAFAEL NUÑEZ', '27610000054216', 20, 207),
(766, 'CENTRO DOCENTE NO 11 POLICARPA SALAVARRIETA', '27624800036307', 34, 197),
(767, 'JUAN XXIII', '17624600066314', 31, 138),
(768, 'DOLORES BUENO DE TEJADA', '17656300082206', 10, 102),
(769, 'SIMÓN BOLIVAR', '27682800044104', 33, 205),
(770, 'MANUELA BELTRAN', '17613000046105', 15, 147),
(771, 'EL RECREO', '47673600025806', 36, 157),
(772, 'NUESTRA SEÑORA DEL CARMEN', '27612600013303', 43, 244),
(773, 'JOSE CESLESTINO MUTIS', '27656300022305', 10, 200),
(774, 'NUESTRA SRA DEL PERPETUO SOCORRO', '47673600025807', 36, 157),
(775, 'JOSE MARIA ERAZO', '27662200057715', 19, 136),
(776, 'EL BARCINO', '27673600081004', 36, 195),
(777, 'JOSE ANTONIO GALAN', '47605400001909', 23, 141),
(778, 'JOSE CELESTINO MUTIS', '27613000062804', 15, 109),
(779, 'MERCEDES ABREGO', '27604100037103', 16, 228),
(780, 'CRISTOBAL COLON', '47602000024905', 26, 129),
(781, 'SAN ROQUE', '27631800009911', 11, 211),
(782, 'NASA KIWE', '27627500146148', 24, 185),
(783, 'ANTONIO NARIÑO', '17623300065606', 28, 146),
(784, 'MERCEDES ABREGO', '27631800009908', 11, 211),
(785, 'JOHN F. KENNEDY', '17689500010905', 18, 115),
(786, 'SIMON BOLIVAR', '27662200057711', 19, 136),
(787, 'ANTONIO JOSE DE SUCRE', '27640000060904', 17, 114),
(788, 'CRISTO REY', '27689000023707', 12, 107),
(789, 'JOSE MARIA VIVAS BALCAZAR', '17656300009106', 10, 101),
(790, 'CRISTOBAL COLON', '17624600033709', 31, 216),
(791, 'MARIO FERNANDEZ DE SOTO', '27623300051104', 28, 148),
(792, 'ALBERTINA HOYOS DE OSORIO', '27624300049711', 21, 120),
(793, 'SAGRADO CORAZON DE JESUS', '27625000015006', 32, 140),
(794, 'SAN NICOLAS', '17624600033708', 31, 216),
(795, 'JOSE HILARIO LOPEZ', '27611300001109', 29, 133),
(796, 'ANDRÉS  BELLO', '27667000021007', 42, 198),
(797, 'JORGE ELIECER GAITAN', '27627500146146', 24, 185),
(798, 'JOSE MARIA CORDOBA', '27689000009107', 12, 110),
(799, 'ALTO DE LAS TORTOLAS', '27623300026004', 28, 212),
(800, 'SANTA CECILIA', '27637700007805', 35, 169),
(801, 'MANUEL JOSE RAMIREZ', '27656300004504', 10, 103),
(802, 'PERPETUO SOCORRO', '27630600034405', 13, 184),
(803, 'MARCO FIDEL SUÁREZ', '27662200057716', 19, 136),
(804, 'DOLORES LOPEZ DE GIRALDO', '27624300007116', 21, 238),
(805, 'NIÑO JESUS DE PRAGA', '27604100074611', 16, 111),
(806, 'CAMILO TORRES', '27637700007806', 35, 169),
(807, 'MANUEL MEJIA VÉLEZ', '17605400002302', 23, 126),
(808, 'LUIS LORZA', '27610000025907', 20, 123),
(809, 'AMPARO MORALES', '17624600066310', 31, 138),
(810, 'TRINIDAD TAMAYO', '17640000002702', 17, 218),
(811, 'ANTONIA SANTOS', '27667000020102', 42, 215),
(812, 'VEINTE DE JULIO', '27689000023706', 12, 107),
(813, 'SAGRADO CORAZON DE JESUS', '17661600001302', 25, 180),
(814, 'JUAN PABLO II', '27610000054209', 20, 207),
(815, 'LUIS CARLOS PEÑA', '27682800044106', 33, 205),
(816, 'POLICARPA SALAVARRIETA', '27624300007101', 21, 238),
(817, 'FRANCISCO ANTONIO ZEA', '17624600033704', 31, 216),
(818, 'JOSE CELESTINO MUTIS', '27623300056105', 28, 186),
(819, 'SOFIA AGUDELO', '17624300002608', 21, 119),
(820, 'SAN JUAN BOSCO', '47602000024906', 26, 129),
(821, 'POLICARPA SALAVARRIETA', '27637700007801', 35, 169),
(822, 'SAN ANTONIO', '27661600025510', 25, 221),
(823, 'SANTO TOMAS DE AQUINO', '27661600058103', 25, 128),
(824, 'MARIA INMACULADA', '17612600005803', 43, 175),
(825, 'ALTO BONITO', '27611300001112', 29, 133),
(826, 'LA SAGRADA FAMILIA', '27684500010204', 30, 144),
(827, 'FRANCISCO JOSE DE CALDAS', '47605400001913', 23, 141),
(828, 'JOSE ANTONIO GALAN', '27682800038706', 20, 222),
(829, 'ISABEL NAGETH ARIZA', '27660600054106', 14, 202),
(830, 'SAGRADO CORAZON DE JESUS', '27660600054102', 14, 202),
(831, 'ROSA ZARATE DE PEÑA', '27624800032106', 34, 232),
(832, 'CARTAGENA DE INDIAS', '17610000025410', 20, 121),
(833, 'JOSE ACEVEDO Y GOMEZ', '27611300001110', 29, 133),
(834, 'SANTA CATALINA', '27673600048803', 36, 231),
(835, 'MIGUEL ANTONIO CARO', '27686300054306', 22, 124),
(836, 'JOSE JOAQUIN JARAMILLO', '27662200057713', 19, 136),
(837, 'LA MARIA', '27610000051807', 20, 122),
(838, 'ISABEL ARAGON', '27603600003702', 41, 173),
(839, 'NASA CXHACXA', '27627500146145', 24, 185),
(840, 'LA PROVIDENCIA', '17682300038402', 37, 164),
(841, 'LISANDRO CAICEDO', '27612200022806', 27, 158),
(842, 'ANTONIA SANTOS', '27661600059004', 25, 181),
(843, 'ADRIANO MORENO', '27682800044112', 33, 205),
(844, 'TOMAS CIPRIANO DE MOSQUERA', '27623300051107', 28, 148),
(845, 'POLICARPA SALAVARRIETA', '27661600065406', 25, 201),
(846, 'LA INDEPENDENCIA', '17660600016304', 14, 108),
(847, 'EL PARAISO', '27624800036309', 34, 197),
(848, 'SANTA ELENA', '47605400001906', 23, 141),
(849, 'ATANASIO GIRARDOT', '27611300043609', 29, 203),
(850, 'NUESTRA SRA DE FATIMA', '27689000023702', 12, 107),
(851, 'GRAN COLOMBIA', '17649700009303', 39, 167),
(852, 'PIO XII', '17612600006602', 43, 176),
(853, 'ANTONIO NARIÑO', '17637700001403', 35, 224),
(854, 'ANTONIA SANTOS', '17649700009307', 39, 167),
(855, 'POLICARPA SALAVARRIETA', '27684500010205', 30, 144),
(856, 'ELOY HERNANDEZ', '27682800012303', 33, 209),
(857, 'PBRO JOSE ANCIZAR HENAO', '27640000060911', 17, 114),
(858, 'CAROLA BUENO DE BUENO', '27627500146107', 24, 185),
(859, 'ANTONIO RICAUTE', '17624600066318', 31, 138),
(860, 'LIBARDO MADRID VALDERRAMA', '17662200008402', 19, 117),
(861, 'MARCO FIDEL SUAREZ', '27627500146111', 24, 185),
(862, 'SAN MARTIN DE PORRES', '27627500146108', 24, 185),
(863, 'RICARDO MUÑOZ', '17625000026111', 32, 139),
(864, 'CACIQUE DOJABIDA', '27627500146128', 24, 185),
(865, 'JOSÉ MARCOS VARGAS', '27682800044102', 33, 205),
(866, 'PIPISA', '27627500146176', 24, 185),
(867, 'JUAN ANTONIO PEREIRA', '27625000015022', 32, 140),
(868, ' JOSE ANTONIO  GALAN', '27624800036305', 34, 197),
(869, 'SANTA MARTA', '27673600081009', 36, 195),
(870, 'VILLA DEL MAR', '27623300051110', 28, 148),
(871, 'PEDRO JOSÉ MURGUEITIO', '27649700060804', 39, 172),
(872, 'MERCEDES ABREGO', '27673600017808', 36, 160),
(873, 'MARCO FIDEL SUAREZ', '27603600003705', 41, 173),
(874, 'MERCEDES ABREGO', '27649700060805', 39, 172),
(875, 'FELIPE RIVERA', '17682300006605', 37, 162),
(876, 'LUUCX KIWE', '27627500146134', 24, 185),
(877, 'ANTONIA SANTOS', '27662200057712', 19, 136),
(878, 'MERCEDES ABREGO', '27661600058102', 25, 128),
(879, 'RAFAEL NUÑEZ', '17624600066309', 31, 138),
(880, 'MARIA INMACULADA', '27661600059003', 25, 181),
(881, 'MARCO FIDEL SUAREZ', '27682800044105', 33, 205),
(882, 'ARCELIA GIRON', '27689000009108', 12, 110),
(883, 'ENRIQUE OLAYA HERRERA', '17611300037711', 29, 192),
(884, 'FRANCISCO DE PAULA SANTANDER', '27611300043604', 29, 203),
(885, 'SOR MARÍA JULIANA', '17624300002606', 21, 119),
(886, 'SAN ANTONIO', '27656300022304', 10, 200),
(887, 'SAN JUDAS TADEO', '27610000051805', 20, 122),
(888, 'CARLOS HOLMES TRUJILLO', '27627500146109', 24, 185),
(889, 'PRIMITIVO CRESPO', '27603600003706', 41, 173),
(890, 'CACIQUE CORTES', '27627500146141', 24, 185),
(891, 'FRANCISCO JOSE DE CALDAS', '17631800070104', 11, 159),
(892, 'JOSE CELESTINO MUTIS', '27623300051111', 28, 148),
(893, 'MARCO FIDEL SUAREZ', '17624600066316', 31, 138),
(894, 'SAN LUIS GONZAGA', '27661600065409', 25, 201),
(895, 'MELIDA CRUZ', '17661600001305', 25, 180),
(896, 'SAN MARTIN', '27624300049708', 21, 120),
(897, 'ALFONSO LOPEZ PUMAREJO', '27627500146162', 24, 185),
(898, 'SAN AGUSTÍN', '17624300002611', 21, 119),
(899, 'AVENDAÑO GARCIA', '27610000054214', 20, 207),
(900, 'ANTONIA SANTOS', '27610000051804', 20, 122),
(901, 'SAN JUANITO', '27627500146103', 24, 185),
(902, 'SANTA MONICA', '27610000070407', 20, 118),
(903, 'ESCUELITA SAN JOSE', '17640000001903', 17, 217),
(904, 'ELPIDIA LEMOS', '27640300003105', 40, 242),
(905, 'CACIQUE CALARCA', '27627500146138', 24, 185),
(906, 'DOXURA', '27627500146137', 24, 185),
(907, 'RODRIGO DE BASTDIDAS', '27673600017806', 36, 160),
(908, 'LAS DELICIAS', '27623300051103', 28, 148),
(909, 'LA HONDA', '27624800036308', 34, 197),
(910, 'GABRIELA MISTRAL', '27624300007114', 21, 238),
(911, 'DIVINO NIÑO', '17624600066311', 31, 138),
(912, 'CACIQUE GERSAIN', '27627500146174', 24, 185),
(913, 'POLICARPA SALAVARRIETA', '27611300001103', 29, 133),
(914, 'CACIQUE DOVIGAMO', '27627500146122', 24, 185),
(915, 'MARCO  FIDEL SUAREZ', '27631800009907', 11, 211),
(916, 'CARLOS ALFREDO ZUÑIGA', '27623300051105', 28, 148),
(917, 'JOAQUIN C. TORRES', '27630600017409', 13, 106),
(918, 'JUAN DEL CORRAL', '27661600059007', 25, 181),
(919, 'SANTA CATALINA DE LABOURE', '27610000054207', 20, 207),
(920, 'ROSA ZARATE DE PEÑA', '27610000025904', 20, 123),
(921, 'PAULO VI', '27623300058803', 28, 229),
(922, 'NIÑO JESUS DE PRAGA', '17667000024006', 42, 174),
(923, 'EL BARBULA', '27627500019702', 24, 236),
(924, 'BOYACA', '17682300038405', 37, 164),
(925, 'ANTONIA SANTOS', '27656300004503', 10, 103),
(926, 'SAN JULIAN', '27656300004505', 10, 103),
(927, 'EDUARDO RIASCOS GRUESO', '27624800036310', 34, 197),
(928, 'SAN JUAN BOSCO', '17649700009311', 39, 167),
(929, 'CENT DOC  NO 24 SANTA TERESITA', '27612200020106', 27, 220),
(930, 'FRAY BARTOLOME DE DE LAS CASAS', '47673600025804', 36, 157),
(931, 'NUESTRA SEÑORA DE  FATIMA', '27612200022805', 27, 158),
(932, 'MANUELA BELTRAN', '27624800032105', 34, 232),
(933, 'GABRIEL GARCIA MARQUEZ', '27656300022308', 10, 200),
(934, 'LOS COMUNEROS', '27623300056109', 28, 186),
(935, 'ANTONIO RICAURTE', '27673600048802', 36, 231),
(936, 'ROSA ZARATE DE PEÑA', '17624600033705', 31, 216),
(937, 'ESC NUESTRA SEÑORA DE FATIMA', '27673600028303', 36, 196),
(938, 'SAN GIL', '27627500146110', 24, 185),
(939, 'LUIS CARLOS GALAN', '27627500146115', 24, 185),
(940, 'QUENIER GIRALDO', '27624300007107', 21, 238),
(941, 'ENRIQUE OLAYA HERRERA', '27613000018104', 15, 152),
(942, 'FRANCISCO DE PAULA SANTANDER', '27610000070406', 20, 118),
(943, 'JESUS OSIAS QUINTERO', '27640000060910', 17, 114),
(944, 'MANUELA BELTRAN', '47602000024912', 26, 129),
(945, 'ANTONIO JOSE DE SUCRE', '27623300051112', 28, 148),
(946, 'CARLOTA RENGIFO', '17682300033319', 37, 233),
(947, 'EL SOCORRO', '27661600025506', 25, 221),
(948, 'CRISTO REY', '27627500019704', 24, 236),
(949, 'JOSE ANTONIO GALAN', '27673600017813', 36, 160),
(950, 'SANTO TOMAS DE AQUINO', '27689000009106', 12, 110),
(951, 'ATANASIO GIRARDOT', '27604100037108', 16, 228),
(952, 'SIMON BOLIVAR', '17637700025104', 35, 154),
(953, 'MIRAMAR', '27673600032102', 36, 199),
(954, 'SIMON BOLIVAR', '47602000024907', 26, 129),
(955, 'JOSE ACEVEDO Y GOMEZ', '27649700060802', 39, 172),
(956, 'SIMON BOLIVAR', '27660600054104', 14, 202),
(957, 'RAFAEL POMBO', '27623300065106', 28, 134),
(958, 'CRISTO REY', '27637700031102', 35, 168),
(959, 'LASTENIA DURAN', '27684500010210', 30, 144),
(960, 'SANTA TERESITA', '27612600021404', 43, 240),
(961, 'SAN VICENTE FERRER', '27661600058105', 25, 128),
(962, 'MANUELA BELTRAN', '27637700007807', 35, 169),
(963, 'ALONSO ARAGON QUINTERO', '17610000025404', 20, 121),
(964, 'GABRIELA MISTRAL', '27662200030505', 19, 243),
(965, 'SIMON BOLIVAR', '17624800002408', 34, 153),
(966, 'JOSÉ CELESTINO MUTIS', '27604100074610', 16, 111),
(967, 'LEOCADIO SALAZAR', '27682800017411', 33, 234),
(968, 'INES FERNANDEZ DE AGUDELO', '17624300002607', 21, 119),
(969, 'CAMILO TORRES', '17667000024010', 42, 174),
(970, 'PANAMERICANA', '47605400001914', 23, 141),
(971, 'JORGE TADEO LOZANO2', '27686300054304', 22, 124),
(972, 'SAN JOSE', '27662200057710', 19, 136),
(973, 'SANTA TERESITA', '27624300049703', 21, 120),
(974, 'JOSE ANTONIO GALAN', '27686900017104', 38, 235),
(975, 'JUAN JOSE RONDON', '27673600017802', 36, 160),
(976, 'AUGUSTO DOMINGUEZ', '17631800070103', 11, 159),
(977, 'ALFONSO LÓPEZ PUMAREJO', '27684500010209', 30, 144),
(978, 'SAN ALBERTO', '27612600021401', 43, 240),
(979, 'MANUELA BELTRAN', '17611300065208', 29, 193),
(980, 'TERESA BORJA DE CASTRO', '27604100037109', 16, 228),
(981, 'LA MAGDALENA', '27673600017805', 36, 160),
(982, 'CRISTO REY', '17624600033714', 31, 216),
(983, 'CRISTOBAL COLON', '27660600029003', 14, 213),
(984, 'SAN VICENTE FERRER', '17603600002406', 41, 191),
(985, 'ALFREDO VASQUEZ COBO', '27623300051106', 28, 148),
(986, 'ONCE DE NOVIEMBRE', '27684500010203', 30, 144),
(987, 'ANTONIO JOSE DE SUCRE', '27630600033602', 13, 156),
(988, 'JOSE MARIA CORDOBA', '17624600066312', 31, 138),
(989, 'SEBASTIAN DE BEL ALCAZAR', '27624300007108', 21, 238),
(990, 'KWE´SX U´SE YAAKXNXI', '27627500146135', 24, 185),
(991, 'MERCEDES ABREGO', '27624800032107', 34, 232),
(992, 'ALFONSO LOPEZ PUMAREJO', '27623300102904', 28, 131),
(993, 'SANTA ELENA', '27673600017803', 36, 160),
(994, 'VEINTE DE JULIO', '27610000051806', 20, 122),
(995, 'GUILERMO VALENCIA', '27686900017106', 38, 235),
(996, 'ENRIQUE OLAYA HERRERA', '27630600033604', 13, 156),
(997, 'FRANCISCO JOSE DE CALDAS', '17625000026109', 32, 139),
(998, 'JUAN DEL CORRAL', '27649700060807', 39, 172),
(999, 'CACIQUE ESCOBAR', '27627500146129', 24, 185),
(1000, 'JOSE JOAQUIN CASAS', '27611300001108', 29, 133),
(1001, 'ROSA ZARATE DE PEÑA', '27623300056103', 28, 186),
(1002, 'SAGRADA FAMILIA', '17624300002613', 21, 119),
(1003, 'ATANASIO GIRARDOT', '17624600033718', 31, 216),
(1004, 'CAMILO TORRES', '27640300003104', 40, 242),
(1005, 'NUESTRA SEÑORA DE FÁTIMA', '17689500026505', 18, 227),
(1006, 'SAN JUAN BAUTISTA DE LA SALLE', '17686300033603', 22, 170),
(1007, 'CAMILO TORRES', '17686300033619', 22, 170),
(1008, 'LA PRIMAVERA', '27627500146106', 24, 185),
(1009, 'JUAN EVANGELISTA GONZALEZ', '27686300054308', 22, 124),
(1010, 'ESTHER ZORRILLA', '27684500010208', 30, 144),
(1011, 'SAN JUAN BOSCO', '27661600065404', 25, 201),
(1012, 'ALEJANDRO HENAO', '17667000024008', 42, 174),
(1013, 'CACIQUE DOPARA', '27627500146124', 24, 185),
(1014, 'PANTALEON DE LA TORRE', '17682800002107', 33, 214),
(1015, 'ANTONIO RICAURTE', '27660600054105', 14, 202),
(1016, 'SAN ANTONIO DE PADUA', '27627500146116', 24, 185),
(1017, 'ATANASIO GIRARDOT', '27689000009103', 12, 110),
(1018, 'SAN JOSE DE LAS GUACAS', '27627500146112', 24, 185),
(1019, 'GENERAL RENGIFO', '27625000015011', 32, 140),
(1020, 'EL MIRADOR', '27627500146117', 24, 185),
(1021, 'BASILIO LABIO', '27627500146118', 24, 185),
(1022, 'PIO XII', '47605400001907', 23, 141),
(1023, 'PABLO VI', '47605400001911', 23, 141),
(1024, 'AYACUCHO', '27686900013807', 38, 166),
(1025, 'KWE´SX UMA KIWE', '27627500146143', 24, 185),
(1026, 'KWESX KIWE', '27627500146161', 24, 185),
(1027, 'CAMILO TORRES', '27689000009105', 12, 110),
(1028, 'MARIANO OSPINA PEREZ', '47605400001917', 23, 141),
(1029, 'CARLOS ENRIQUE RESTREPO', '27682800017402', 33, 234),
(1030, 'PARAISO', '27610000054212', 20, 207);
INSERT INTO `branches` (`id`, `name`, `dane_code`, `town_id`, `institution_id`) VALUES
(1031, 'SAN JUAN BOSCO', '17682300038406', 37, 164),
(1032, 'ROSA ZARATE DE PEÑA', '27661600025507', 25, 221),
(1033, 'SAN JUAN BAUTISTA', '27610000025905', 20, 123),
(1034, 'RUFINO JOSE CUERVO', '17624600066315', 31, 138),
(1035, 'CAMILO TORRES', '17624600033707', 31, 216),
(1036, 'MARCO FIDEL SUAREZ', '27623300065104', 28, 134),
(1037, 'SAN PEDRO CLAVER', '27660600054103', 14, 202),
(1038, 'MERCEDES ABREGO', '27610000054215', 20, 207),
(1039, 'JOSE ANTONIO GALAN', '27637700031105', 35, 168),
(1040, 'YAT PIYANXI', '27627500146171', 24, 185),
(1041, 'RICARDO NIETO', '27624300007109', 21, 238),
(1042, 'MERCEDES ABREGO', '27624300007105', 21, 238),
(1043, 'JOSE EUSEBIO CARO', '17682300033317', 37, 233),
(1044, 'POLICARPA SALAVARRIETA', '27604100036309', 16, 113),
(1045, 'HERMILA SALAZAR', '27640000060915', 17, 114),
(1046, 'JOSE MARIA CORDOBA', '27603600003712', 41, 173),
(1047, 'CRISTO REY', '17686300033609', 22, 170),
(1048, 'BENJAMIN PEREA', '17625000026116', 32, 139),
(1049, 'SANTO DOMINGO SAVIO', '17613000039903', 15, 151),
(1050, 'MARIA PEREGRINA GARCIA', '27682800011505', 33, 143),
(1051, 'SAN JUAN BOSCO', '17686300033608', 22, 170),
(1052, 'ARMANDO ROMERO LOZANO', '17673600003306', 36, 163),
(1053, 'ELVIRA PEÑA', '17625000026115', 32, 139),
(1054, 'MANUELA BELTRAN', '27661600058108', 25, 128),
(1055, 'JOHN F  KENNEDY', '17689000030502', 12, 105),
(1056, 'JUAN DE LA CRUZ HERRERA', '27613000062806', 15, 109),
(1057, 'LUIS ZULUAGA', '27625000015019', 32, 140),
(1058, 'MARTIN LUTHER KING 20 DE JULIO', '17613000046107', 15, 147),
(1059, 'JOSE MARIA ANZOATEGUI', '27623300124006', 28, 149),
(1060, 'LA LIBERTAD', '27637700031107', 35, 168),
(1061, 'SANTA ISABEL', '17662200006813', 19, 125),
(1062, 'GERARDO BUENO', '17662200006815', 19, 125),
(1063, 'GERMAN MEJIA', '27612600021405', 43, 240),
(1064, 'ARAUCA', '27682800011503', 33, 143),
(1065, 'JOSE EUSEBIO CARO', '27604100074612', 16, 111),
(1066, 'CENTRO DOCENTE NO 9 GREGORIA BENAVIDES', '27624800036302', 34, 197),
(1067, 'SEDE RICARDO NIETO', '17624600033723', 31, 216),
(1068, 'EL CONSUELO', '27604100036302', 16, 113),
(1069, 'ARNULFO DRADA', '17649700009308', 39, 167),
(1070, 'NUESTRA SRA. DEL CARMEN', '27662200030508', 19, 243),
(1071, 'PIO XII', '17624600066305', 31, 138),
(1072, 'VICENTE H CRUZ', '27667000020106', 42, 215),
(1073, 'LA POLONIA', '47602000024914', 26, 129),
(1074, 'CARLOS HOLMES TRUJILLO', '27623300053702', 28, 223),
(1075, 'GENERAL SANTANDER', '27612600013302', 43, 244),
(1076, 'LOS LULOS', '27631800009904', 11, 211),
(1077, 'SANTA CECILIA', '27624300049704', 21, 120),
(1078, 'NTRA SRA DEL CARMEN', '27689000023703', 12, 107),
(1079, 'ANTONIA SANTOS', '27682800012302', 33, 209),
(1080, 'GABRIELA MISTRAL', '27661600025505', 25, 221),
(1081, 'JUAN JOSE RONDON', '27611300043606', 29, 203),
(1082, 'MARIA AUXILIADORA', '27662200057709', 19, 136),
(1083, 'JOSE MARÍA CABAL', '17611300065205', 29, 193),
(1084, 'MANUELA BELTRAN', '27604100037112', 16, 228),
(1085, 'GUILLERMO LEON VALENCIA', '27660600029007', 14, 213),
(1086, 'RESTREPO MEJIA', '17682300033312', 37, 233),
(1087, 'HELIODORO AGUADO', '27637700038806', 35, 225),
(1088, 'ATANASIO GIRARDOT', '27637700038803', 35, 225),
(1089, 'JOSE HERNANDO DUARTE', '27624300049713', 21, 120),
(1090, 'ARTURO PIEDRAHITA', '47673600025803', 36, 157),
(1091, 'SAN JOSE', '17612600006607', 43, 176),
(1092, 'CLIMACO LENIS', '27631800009905', 11, 211),
(1093, 'JOSE ACEVEDO Y GOMEZ', '27624300049710', 21, 120),
(1094, 'NUESTRA SEÑORA DE FATIMA', '27604100037110', 16, 228),
(1095, 'LA TRINIDAD', '27673600017814', 36, 160),
(1096, 'SAN ISIDRO', '17661600001304', 25, 180),
(1097, 'EL CARMEN', '47605400001912', 23, 141),
(1098, 'BUENOS AIRES', '47605400001916', 23, 141),
(1099, 'MANUEL J. GIL', '17640300007902', 40, 219),
(1100, 'SAN BERNARDO', '27682800044108', 33, 205),
(1101, 'PABLO GERARDO PEREZ', '47605400001919', 23, 141),
(1102, 'PIO XII', '17625000026117', 32, 139),
(1103, 'LA ESTRELLA DE ALTO MIRA', '27682800011506', 33, 143),
(1104, 'MANUELA BELTRAN', '17625000026114', 32, 139),
(1105, 'JOSE ACEVEDO Y GOMEZ', '27604100037111', 16, 228),
(1106, 'SAGRADO CORAZON DE JESUS', '17640300003602', 40, 171),
(1107, 'ALFONSO LINCE', '17630600001304', 13, 204),
(1108, 'SAN RAFAEL', '17640000002704', 17, 218),
(1109, 'INDIO AGUALONGO', '27627500146132', 24, 185),
(1110, 'DIVINO NIÑO', '27611300001104', 29, 133),
(1111, 'LA ALBANIA', '27660600029005', 14, 213),
(1112, 'ALFONSO LOPEZ PUMAREJO', '27611300001107', 29, 133),
(1113, 'ALFONSO LÓPEZ PUMAREJO', '27649700060808', 39, 172),
(1114, 'JOSÈ ACEVEDO Y GOMEZ', '27661600025502', 25, 221),
(1115, 'PARROQUIAL', '27627500027802', 24, 179),
(1116, 'ANTONIO NARIÑO', '27682800038703', 20, 222),
(1117, 'LA PUERTA', '27623300053708', 28, 223),
(1118, 'TULIO RAMIREZ', '27640000060906', 17, 114),
(1119, 'GILBERTO ALZATE AVENDAÑO', '27686300054310', 22, 124),
(1120, 'MIGUEL MARÍA DÁVILA', '27640300003106', 40, 242),
(1121, 'ANTONIO NARIÑO', '27612600013304', 43, 244),
(1122, 'ONCE DE NOVIEMBRE', '27610000070412', 20, 118),
(1123, 'SAN JUAN BOSCO', '27604100036308', 16, 113),
(1124, 'PABLO VI', '27624300007113', 21, 238),
(1125, 'ATANASIO GIRARDOT', '47602000024915', 26, 129),
(1126, 'DOCE DE OCTUBRE', '27684500010207', 30, 144),
(1127, 'HEBERTH  MARINO SAAVEDRA', '27631800009909', 11, 211),
(1128, 'SANTA ANA', '17624300002610', 21, 119),
(1129, 'LA CRISTALINA', '27623300053709', 28, 223),
(1130, 'LIGIA RAMIREZ HOYOS', '47605400001910', 23, 141),
(1131, 'CENT DOC NO 04 SANTA ISABEL', '17612200037108', 27, 155),
(1132, 'ELOY HERNANDEZ', '17682300006603', 37, 162),
(1133, 'JULIO CASTAÑO', '17627500091504', 24, 183),
(1134, 'SAN JOSE', '17611300065210', 29, 193),
(1135, 'VIRGEN DE FATIMA', '27631800009906', 11, 211),
(1136, 'SANTA TERESA', '27684500010211', 30, 144),
(1137, 'FCO JOSE DECALDAS', '27662200030502', 19, 243),
(1138, 'JORGE ROBLEDO', '27625000015020', 32, 140),
(1139, 'ALVARO ORTIZ CORREA', '17686900002803', 38, 194),
(1140, 'SANTA ANA', '27673600014307', 36, 241),
(1141, 'FCO DE PAULA SANTANDER', '27662200030506', 19, 243),
(1142, 'RAFAEL ALBERTO MARMOLEJO', '17667000024007', 42, 174),
(1143, 'ANTONIA SANTOS', '27640300020103', 40, 206),
(1144, 'MARIANO OSPINA PEREZ', '17682300033320', 37, 233),
(1145, 'SANTA ELENA', '27684500010206', 30, 144),
(1146, 'CENT DOC NO  36 LAS CARMELITAS', '17612200037105', 27, 155),
(1147, 'CRISTOBAL COLON', '27689000023704', 12, 107),
(1148, 'NUESTRA SRA DE FATIMA', '27623300071504', 28, 230),
(1149, 'RAFAEL URIBE URIBE', '17667000024004', 42, 174),
(1150, 'MARIA AUXILIADORA', '27610000025903', 20, 123),
(1151, 'SAN JORGE', '27625000015023', 32, 140),
(1152, 'MARIA MONTESSORI', '17624800001602', 34, 177),
(1153, 'SANTA CECILIA', '17662200006811', 19, 125),
(1154, 'SANTA ROSA DE LIMA', '27662200057703', 19, 136),
(1155, 'JOSE ACEVEDO Y GÓMEZ', '27662200057702', 19, 136),
(1156, 'PABLO SEXTO', '27604100036305', 16, 113),
(1157, 'ANTONIO ISAZA', '17627500091503', 24, 183),
(1158, 'MERCEDES ABREGO', '17682800002103', 33, 214),
(1159, 'JOSE MARIA CORDOBA', '27682800038705', 20, 222),
(1160, 'SAGRADO CORAZON DE JESUS', '17630600001308', 13, 204),
(1161, 'VICENTE H. CRUZ', '27603600003701', 41, 173),
(1162, 'SANTA ANA', '27640300003103', 40, 242),
(1163, 'PEDRO ANTONIO MOLINA', '17603600002403', 41, 191),
(1164, 'JARD  INF MARCO FIDEL SUAREZ', '17612200037103', 27, 155),
(1165, 'MANUELA BELTRAN', '17660600016305', 14, 108),
(1166, 'FRANCISCO JOSE DE CALDAS', '27627500146102', 24, 185),
(1167, 'MARIA INMACULADA', '17604100001603', 16, 112),
(1168, 'SIMON BOLIVAR', '27623300053705', 28, 223),
(1169, 'JARDIN INFANTIL RAFAEL POMBO', '17673600002505', 36, 187),
(1170, 'NUESTRA SRA DE LOURDES', '27613000082203', 15, 150),
(1171, 'JARDIN MI PEQUEÑO MUNDO', '17610000025403', 20, 121);

INSERT INTO `cashes` (`id`, `name`, `snip`, `type_id`) VALUES
(1, 'Moneda Universum', 'universum_coin', 1);

INSERT INTO `cashes_finances` (`id`, `amount`, `finance_id`, `cash_id`) VALUES
('007261b4-36a9-4800-8f04-c5cb536bcd84', 4000, 'bc6b7f57-8a98-42dd-927a-fc1638fd1710', 1),
('058f01e7-36a0-4689-ad0c-f41a231a30cd', 4000, '0e484a5a-c6d3-4aa9-bc47-57d018a09b0c', 1),
('05ff0958-1cc7-4be7-8e8d-c7e9ea723942', 4000, '41297c26-2f06-4923-9805-fe9a5cd4fc82', 1),
('0643b788-4328-4587-a0ee-96c077e74a4b', 4000, '4c79609b-035c-4292-97a5-d212ee7f9719', 1),
('0dcc0095-1495-4969-807a-d2ce474b507e', 4000, '2e234c9d-4fde-4e4f-9388-24525f214b4e', 1),
('0f240eb7-7bce-4207-8bc4-88510e84ed1a', 4000, '7adcfb89-58df-4944-b1ff-7e2eae61854c', 1),
('101795b4-0ed9-49f6-89e7-94afa57fc2ee', 4000, '65d018c8-acaf-4905-aa40-f594851d170d', 1),
('1a9a032c-619b-44a9-ab12-223b40063cb9', 4000, 'd8d80ba8-2d96-4aee-b948-84c2bdbdb98f', 1),
('1b4a414d-e751-4402-9138-896c89682586', 4000, '754434c1-f32f-4e9f-8d77-cfa53f6fba5f', 1),
('23235c98-27f2-4f6f-b5cb-9780f6bd4557', 4000, '82a79b69-a3ed-4e52-8a0f-8168aa8e8d2d', 1),
('294cd3a8-0a58-410d-9808-c89388c32d71', 4000, '047524aa-575e-4d6b-8ed6-f7885c1d6df9', 1),
('2b3438c8-51fd-43ff-bfca-d946e6efff9b', 4000, 'ff4605a9-a9e5-4649-bf6d-02f19752f92f', 1),
('2c44a12e-588c-476e-a40d-ca1f63b64e92', 4000, 'c441f730-7b57-42fc-ad8c-07bccf06da86', 1),
('302bf22a-f62f-4aba-9510-0b5c39816260', 4000, '845af0b8-6bae-4c42-8a4b-d241f3ae485d', 1),
('324fe960-8217-4106-8ebf-0e9266530f28', 4000, '80e9cb0e-7575-4d87-81db-a3aca3384a9c', 1),
('3954c339-aebc-489f-8bdb-41d509ab3542', 4000, 'f3387465-822e-4c92-a006-b452ddf516f7', 1),
('3a07f69d-ec98-4cb2-9532-9b3deab77921', 4000, 'a7a8bf33-4b31-463c-821a-de3df66b4343', 1),
('3a7a13a4-43fa-4114-9fd2-6c3ed397aef9', 4000, 'c75a8f5b-38a6-4258-bfc0-19c04766c3a8', 1),
('40ab9c00-75f0-44e5-b1a0-d982e6ccec9b', 4000, 'c23ba053-431b-4b90-8ac4-f9132d64ec69', 1),
('45e52888-af49-4949-a1ac-e84ad24b420e', 4000, '7fb7c32a-6c91-46d5-882e-1987e1e13a80', 1),
('468dd68c-bced-482d-b588-2bec23073b40', 4000, '76513165-1804-4ba2-a712-2a21c02b3154', 1),
('66cb0e84-b3a2-43bd-9555-e92817bb3c65', 4000, '9156ad0a-9317-4d63-857d-6ce1c07bab04', 1),
('68b0c4ec-bf7b-4c77-9375-d2fd320b5f8b', 4000, '976ba3a7-5707-4935-97ca-a31ae4046d50', 1),
('6cbb2447-efca-4063-97d5-c65c6ecc24bf', 4000, '81e3f80d-d329-4118-be26-853474bea19f', 1),
('6f4c3fdb-bc9d-47d6-9c71-8aa090c5feac', 4000, '991aca8e-fa92-4f74-94e8-72faaf51f578', 1),
('74487d96-5ce6-43f5-bf38-1da22e3fd687', 4000, 'dd279716-90a9-4f47-86cb-67dc169ac3e2', 1),
('74677d61-e5d1-4102-bab1-771b1bd68347', 4000, '294a908d-f553-456c-972e-8fbf2e21cdc2', 1),
('78fe68f1-3cb7-404c-b52f-7e5a1712b9c5', 4000, '82e38b00-33d3-4072-b930-5775cbfab06d', 1),
('814a9d0b-2d65-408a-9763-6a8406456cb7', 4000, '9e55f501-f45d-427f-9493-35f7706a84cf', 1),
('896e7c16-ad21-48fb-93e1-81e6f92b1f76', 4000, '5f4e87cf-4948-4edb-ab70-496806cc4f73', 1),
('8e13b03e-78f6-4752-8dd4-39884771ef80', 4000, 'cdd01f0b-ba98-44d8-8cde-e5e77ff2f539', 1),
('8e655e3f-ad6f-408a-a610-7920f399b750', 4000, 'cc153698-dd33-4249-9512-ccafa6621cf1', 1),
('95ce2cb6-f046-40ff-aaa5-f78456228bc5', 4000, 'ee1c2538-c1c6-4df7-ae0b-845a15071524', 1),
('98334621-d4d1-4330-bb83-48316aa0b275', 4000, 'dbdf4060-4399-45e1-95b3-e6e19ae968fc', 1),
('9bb36421-cecc-465e-b89a-b5ea10c063b6', 4000, '33b97dbb-9eaa-48cf-bc10-78a41741e938', 1),
('a4765ed3-99d7-440c-839f-517aedc9d329', 4000, '571068d5-cd1a-40cf-8c31-50b1ea3f4c23', 1),
('a5fea012-b18d-4c46-8ce4-c61e6385d248', 4000, '666bd1a2-f766-4cc6-a701-0a9cca8999f5', 1),
('b6504b97-7918-4862-86ed-b011ef12ace3', 4000, '348f8b32-5349-45cc-8325-b2ea5d76e6b1', 1),
('ba953cc5-fdf2-494d-a546-eb48227153b8', 4000, '7f1584fe-f39c-4bbb-afa9-76e51c7fe9ae', 1),
('bca8bf48-f4e4-4f1a-824f-8fc1d76f7b4c', 4000, 'f936e5ac-2b17-486e-bca6-ce9d4e530b98', 1),
('bcda9059-7206-46e1-a4ab-90e61bd1d8fc', 4000, 'd08a750b-b7db-4412-a68a-ce25b8979978', 1),
('c08e65cc-2262-4e99-afa3-17a981ac7ee0', 4000, '07c27f79-8ca0-4ae0-904e-5d7458542cf9', 1),
('cb304ed9-7f16-461a-888a-1ba886707d63', 4000, '834772b7-aad6-4a45-b93b-5f1edeec1b23', 1),
('d8524ec1-ee32-4396-a21b-1667132b47b3', 4000, '516d6a74-a156-48a5-8bae-1f4f34d0b113', 1),
('dac983a4-5ec6-4da8-8944-27255bc4ef95', 4000, '1dbb12ff-4e7e-4e33-8a6d-3512078b8972', 1),
('ea9bcb81-5d88-402e-9563-72408ea7be2e', 4000, '634a2f1a-2663-4351-aa1c-3535204703ce', 1),
('ef05b215-669d-4559-ba7d-c4ddeaba63fd', 4000, '67bcd846-e947-4451-b74d-f0dcdf272885', 1),
('fa4f013f-b650-411d-bfe0-4bfa5a477940', 4000, '09f0272c-a096-46d9-93c0-8a78a4f33f07', 1),
('fab04636-5c6a-452f-afb7-f06c84f4bf8d', 4000, 'fb70c414-4bbb-4813-93a5-a6df8f98d185', 1),
('ff17a1d0-19ee-4a81-90b2-eb3a1799ecaa', 4000, 'c269547a-de00-4f72-94d0-8946c29d3ee4', 1);

INSERT INTO `cash_types` (`id`, `name`) VALUES
(1, 'univ_coin'),
(2, 'univ_badge');

INSERT INTO `categories` (`id`, `name`) VALUES
(1, 'Educativo'),
(2, 'Personal'),
(3, 'Recompensa');

INSERT INTO `countries` (`id`, `name`) VALUES
(1, 'COLOMBIA');

INSERT INTO `departments` (`id`, `name`, `dane_code`, `country_id`) VALUES
(1, 'VALLE DEL CAUCA', '76', 1);

INSERT INTO `enrolments` (`id`, `name`, `institution_id`, `branch_id`, `school_year_id`, `grade_group_id`) VALUES
('0bb0322f-d354-4cdf-80d0-755a91164ab4', 'Enrol-Jo2vR-Nt78', 210, 605, 1, 12),
('11e6d932-a2f8-4ca6-976c-5e3a4614843e', 'Enrol-ua6H0gdKed', 161, 285, 1, 10),
('1d6ff455-1f8e-4bcf-b97e-83997066fcc8', 'Enrol-INd28lDXGH', 116, 121, 1, 4),
('20b5ea2f-b760-41f6-8c5e-d16233317f95', 'Enrol-R1BBFM1Z6G', 178, 377, 1, 17),
('22a0d4a9-055e-4617-ae1e-2ebe78fc0417', 'Enrol-nM_VpOcsJT', 182, 434, 1, 19),
('276b8e59-9251-4ab5-9697-e3bb350fb266', 'Enrol-CcswoacVQl', 100, 651, 1, 14),
('2bf8083f-54aa-41ae-b997-89487061bd43', 'Enrol-1YWRGY4fs6', 166, 330, 1, 2),
('2e57d4ee-4ea4-4644-9eba-a6c81c415874', 'Enrol-d2w15_4kWX', 216, 498, 1, 15),
('33619298-85d5-49b2-8f52-15e0e9d88737', 'Enrol-5r5cw4LAj0', 100, 651, 1, 23),
('3a8f530b-825e-4aa8-8641-6c7e63f2e85e', 'Enrol-jF8LzZJYul', 210, 605, 1, 10),
('3df2b9cf-dc02-4cf0-8fb3-736ba1acee6c', 'Enrol-ExbU-kuIVl', 152, 258, 1, 22),
('4695c758-1e23-498a-9966-bec4f206aebe', 'Enrol-XmvsBp4iOl', 114, 365, 1, 19),
('4bd050a2-b138-402e-b855-0beb835b1846', 'Enrol-Xn-2ewXSoi', 227, 624, 1, 15),
('4e083645-f2d2-457e-bba6-ccdf1f18b9f0', 'Enrol-EmpD2xe0fR', 184, 196, 1, 20),
('546c970a-43fd-4513-a319-e1ae2ff5e247', 'Enrol-Av5WRWW_RF', 226, 702, 1, 20),
('58759f27-b81c-40d2-9009-3baeecdb428b', 'Enrol-kM4yaKR5OT', 109, 341, 1, 15),
('66d73756-7b2c-4cc3-b8ba-9f2e1075af6c', 'Enrol-gE1VmATFx5', 175, 187, 1, 7),
('6a26bb73-8e25-4609-a295-a4fadd2845f9', 'Enrol-bDd38BaJ_G', 217, 268, 1, 8),
('6b1efe04-896c-41b1-a55f-aacdb3ea8d19', 'Enrol-Gae2UbxCuT', 185, 542, 1, 12),
('717f64cf-9c3f-43ac-9a48-e919c650d2f7', 'Enrol-A0R7sTHaWy', 226, 702, 1, 23),
('75ea4e54-0e1a-41aa-a027-35d513b9edf4', 'Enrol-ltOdVQJeSf', 147, 312, 1, 19),
('76766738-d768-49b2-b1f9-1b297551c644', 'Enrol-lFoODCdNQF', 100, 651, 1, 13),
('7a45810e-2b99-4811-ae45-46ef841f636c', 'Enrol-f97rL0BMvx', 102, 107, 1, 19),
('852d7cb5-ade2-45c4-8418-e351c0c1aec1', 'Enrol-bqrZha09EZ', 114, 787, 1, 20),
('860ffefe-5425-46fe-a93f-0ac0a5342ce5', 'Enrol-gCcxA5k7Si', 116, 461, 1, 9),
('86e373ff-d93b-4808-a6b6-f042daa90f60', 'Enrol-d9QIL8AO10', 184, 196, 1, 15),
('889db71a-94ca-44c2-b0be-c4960ae1a953', 'Enrol-nRY_iLSkoa', 175, 824, 1, 16),
('89a53113-8326-49e8-80ef-c548e9e861c7', 'Enrol-tVc5jBsGEi', 214, 469, 1, 19),
('9035cff6-8d3e-425e-a5fd-85b118b35ddc', 'Enrol-vb2iAlk3tr', 102, 411, 1, 20),
('a1c9e07a-067c-4e05-b928-63b862899ad8', 'Enrol-cfBvMVZ2MC', 177, 509, 1, 13),
('a9c31c27-3fdf-488d-aee0-5213a7c8029b', 'Enrol-ePuqXaYjvc', 105, 1055, 1, 20),
('ab6faf08-1aa8-469e-b429-8310c11a6576', 'Enrol-1IhpimRBNw', 152, 275, 1, 7),
('b001de9e-0c9b-434d-a1ed-3bcaec641e28', 'Enrol-n1RTRy_DPs', 152, 258, 1, 21),
('b30b8aab-343f-423d-a2b9-81d62b4a0ee3', 'Enrol-KBnZrF1DBk', 198, 215, 1, 19),
('b31759e3-6fc2-43d0-a216-7718595cfb99', 'Enrol-KelIYcgqtX', 100, 651, 1, 18),
('b9ab97e6-20aa-4601-b571-93985786e48c', 'Enrol-ii3Mw5sIWz', 204, 1107, 1, 19),
('c04ac002-9a9d-4681-a7ca-a0f65d6a2b15', 'Enrol-oBNJE3cmPh', 210, 236, 1, 3),
('c410620d-2ecc-4f43-a1db-7d31533fa777', 'Enrol-ZoEdly2dG8', 236, 652, 1, 19),
('cb14e23a-5df1-47fd-838a-70d0dd46dc7b', 'Enrol-KZ7lZAavmm', 169, 178, 1, 1),
('cec83a47-8bab-41e9-b3fc-c3e37e743ae6', 'Enrol-ARjI-YByRb', 152, 160, 1, 23),
('d6180f77-1697-4c33-a867-6445efe5a8e0', 'Enrol-djmBgTINhT', 142, 328, 1, 19),
('d8e7b713-02f0-4899-9b43-5a5438626ba2', 'Enrol-om7I_QvDuG', 152, 227, 1, 19),
('dd7ccff1-02e9-47a1-9644-eb43f96caa65', 'Enrol-x0gtp76AMr', 146, 425, 1, 23),
('dfa975c5-7155-4726-8312-8015a0ff90d4', 'Enrol-DvrytP4BTg', 171, 1106, 1, 23),
('e09ae3d4-8c57-49b5-8a70-05cf2af2707e', 'Enrol-rTv7_tmnfa', 142, 149, 1, 5),
('e3012478-fdf9-4f03-bdfa-f26f8612aebc', 'Enrol-c0zBdcACIj', 182, 632, 1, 10),
('e6fc2a6a-e352-4387-919c-209eab32b0a7', 'Enrol-WOgSsKXIwF', 152, 160, 1, 5),
('ec7a6345-8386-4f47-a926-f687e3b4da30', 'Enrol-wvtIScnnUw', 142, 149, 1, 6),
('f21b31ae-7067-46f4-85b5-b7abe0713964', 'Enrol-PCiI2lbwp0', 102, 411, 1, 11),
('f78940b2-d02e-4011-9c59-f8bb4fd29638', 'Enrol-1z0O-r-XTK', 233, 306, 1, 7);

INSERT INTO `finances` (`id`) VALUES
('047524aa-575e-4d6b-8ed6-f7885c1d6df9'),
('07c27f79-8ca0-4ae0-904e-5d7458542cf9'),
('09f0272c-a096-46d9-93c0-8a78a4f33f07'),
('0e484a5a-c6d3-4aa9-bc47-57d018a09b0c'),
('1dbb12ff-4e7e-4e33-8a6d-3512078b8972'),
('294a908d-f553-456c-972e-8fbf2e21cdc2'),
('2e234c9d-4fde-4e4f-9388-24525f214b4e'),
('33b97dbb-9eaa-48cf-bc10-78a41741e938'),
('348f8b32-5349-45cc-8325-b2ea5d76e6b1'),
('41297c26-2f06-4923-9805-fe9a5cd4fc82'),
('4c79609b-035c-4292-97a5-d212ee7f9719'),
('516d6a74-a156-48a5-8bae-1f4f34d0b113'),
('571068d5-cd1a-40cf-8c31-50b1ea3f4c23'),
('5f4e87cf-4948-4edb-ab70-496806cc4f73'),
('634a2f1a-2663-4351-aa1c-3535204703ce'),
('65d018c8-acaf-4905-aa40-f594851d170d'),
('666bd1a2-f766-4cc6-a701-0a9cca8999f5'),
('67bcd846-e947-4451-b74d-f0dcdf272885'),
('754434c1-f32f-4e9f-8d77-cfa53f6fba5f'),
('76513165-1804-4ba2-a712-2a21c02b3154'),
('7adcfb89-58df-4944-b1ff-7e2eae61854c'),
('7f1584fe-f39c-4bbb-afa9-76e51c7fe9ae'),
('7fb7c32a-6c91-46d5-882e-1987e1e13a80'),
('80e9cb0e-7575-4d87-81db-a3aca3384a9c'),
('81e3f80d-d329-4118-be26-853474bea19f'),
('82a79b69-a3ed-4e52-8a0f-8168aa8e8d2d'),
('82e38b00-33d3-4072-b930-5775cbfab06d'),
('834772b7-aad6-4a45-b93b-5f1edeec1b23'),
('845af0b8-6bae-4c42-8a4b-d241f3ae485d'),
('9156ad0a-9317-4d63-857d-6ce1c07bab04'),
('976ba3a7-5707-4935-97ca-a31ae4046d50'),
('991aca8e-fa92-4f74-94e8-72faaf51f578'),
('9e55f501-f45d-427f-9493-35f7706a84cf'),
('a7a8bf33-4b31-463c-821a-de3df66b4343'),
('bc6b7f57-8a98-42dd-927a-fc1638fd1710'),
('c23ba053-431b-4b90-8ac4-f9132d64ec69'),
('c269547a-de00-4f72-94d0-8946c29d3ee4'),
('c441f730-7b57-42fc-ad8c-07bccf06da86'),
('c75a8f5b-38a6-4258-bfc0-19c04766c3a8'),
('cc153698-dd33-4249-9512-ccafa6621cf1'),
('cdd01f0b-ba98-44d8-8cde-e5e77ff2f539'),
('d08a750b-b7db-4412-a68a-ce25b8979978'),
('d8d80ba8-2d96-4aee-b948-84c2bdbdb98f'),
('dbdf4060-4399-45e1-95b3-e6e19ae968fc'),
('dd279716-90a9-4f47-86cb-67dc169ac3e2'),
('ee1c2538-c1c6-4df7-ae0b-845a15071524'),
('f3387465-822e-4c92-a006-b452ddf516f7'),
('f936e5ac-2b17-486e-bca6-ce9d4e530b98'),
('fb70c414-4bbb-4813-93a5-a6df8f98d185'),
('ff4605a9-a9e5-4649-bf6d-02f19752f92f');

INSERT INTO `gameplays` (`id`, `data`, `time`, `score`, `errors`, `abort`, `finish`, `created_on`, `activity_id`, `enrolment_id`) VALUES
('039b04f8-ede9-4771-911c-5b602fd5e582', '{\"replies\": [{\"init\": \"XLLKV\", \"value\": 2, \"result\": 5, \"measure\": \"WYZBNSLJDO\", \"options\": [{\"count\": 3, \"answer\": \"NTKAY\"}, {\"count\": 3, \"answer\": \"MIBOU\"}, {\"count\": 5, \"answer\": \"NPFHH\"}]}]}', 976046, 2, '{\"count\": 1, \"resume\": [{\"concept\": \"Lu00edrico-u00c9pico\", \"errorDesc\": \"Esta en el Lu00edrico-u00c9pico y trato de agregar Otros\", \"errorCount\": 1}, {\"concept\": \"Dramu00e1tico\", \"errorDesc\": \"Esta en el Dramu00e1tico y trato de agregar Mu00e9trica\", \"errorCount\": 1}, {\"concept\": \"Narrativo\", \"errorDesc\": \"Esta en el Narrativo y trato de agregar Mu00e9trica\", \"errorCount\": 1}]}', 0, 1, '2023-09-29 15:01:26.168007', 17, 'ec7a6345-8386-4f47-a926-f687e3b4da30'),
('03b5b329-659f-4432-82af-57fd26df24a1', '{\"replies\": [{\"init\": \"AXGTP\", \"value\": 4, \"result\": 1, \"measure\": \"SAKWNNIQVS\", \"options\": [{\"count\": 2, \"answer\": \"WZLVC\"}, {\"count\": 0, \"answer\": \"DNFMW\"}, {\"count\": 1, \"answer\": \"LHUGU\"}]}]}', 151721, 2, '{\"count\": 9, \"resume\": [{\"concept\": \"Lu00edrico-u00c9pico\", \"errorDesc\": \"Esta en el Lu00edrico-u00c9pico y trato de agregar Otros\", \"errorCount\": 3}, {\"concept\": \"Dramu00e1tico\", \"errorDesc\": \"Esta en el Dramu00e1tico y trato de agregar Mu00e9trica\", \"errorCount\": 1}, {\"concept\": \"Lu00edrico-u00c9pico\", \"errorDesc\": \"Esta en el Lu00edrico-u00c9pico y trato de agregar Otros\", \"errorCount\": 4}]}', 0, 1, '2023-09-29 15:01:26.132272', 25, '89a53113-8326-49e8-80ef-c548e9e861c7'),
('0420a53d-abf8-4bac-9e04-addf44850ce4', '{\"replies\": [{\"init\": \"IPSUF\", \"value\": 0, \"result\": 0, \"measure\": \"GSDBELRVZL\", \"options\": [{\"count\": 3, \"answer\": \"YOCLJ\"}, {\"count\": 4, \"answer\": \"RAKXD\"}, {\"count\": 0, \"answer\": \"ZJIKM\"}]}]}', 214962, 6, '{\"count\": 3, \"resume\": [{\"concept\": \"Lu00edrico-Narrativo\", \"errorDesc\": \"Esta en el Lu00edrico-Narrativo y trato de agregar Otros\", \"errorCount\": 2}, {\"concept\": \"Narrativo\", \"errorDesc\": \"Esta en el Narrativo y trato de agregar Mu00e9trica\", \"errorCount\": 5}, {\"concept\": \"Cu00f3mico\", \"errorDesc\": \"Esta en el Cu00f3mico y trato de agregar Mu00e9trica\", \"errorCount\": 1}]}', 1, 1, '2023-09-29 15:01:26.220155', 18, '0bb0322f-d354-4cdf-80d0-755a91164ab4'),
('09f4adf3-79db-4b7b-97e1-aa69378947f5', '{\"replies\": [{\"init\": \"ULUCP\", \"value\": 1, \"result\": 4, \"measure\": \"ZOJUBFQYWH\", \"options\": [{\"count\": 1, \"answer\": \"NCJQP\"}, {\"count\": 0, \"answer\": \"INTRL\"}, {\"count\": 3, \"answer\": \"XDXUL\"}]}]}', 28184, 1, '{\"count\": 3, \"resume\": [{\"concept\": \"Cu00f3mico\", \"errorDesc\": \"Esta en el Cu00f3mico y trato de agregar Otros\", \"errorCount\": 4}, {\"concept\": \"u00c9pico\", \"errorDesc\": \"Esta en el u00c9pico y trato de agregar Otros\", \"errorCount\": 1}, {\"concept\": \"Dramu00e1tico\", \"errorDesc\": \"Esta en el Dramu00e1tico y trato de agregar Mu00e9trica\", \"errorCount\": 3}]}', 0, 0, '2023-09-29 15:01:26.202378', 4, '889db71a-94ca-44c2-b0be-c4960ae1a953'),
('0a87966b-ca68-4796-92c8-e6c45e63dcfd', '{\"replies\": [{\"init\": \"CYXUL\", \"value\": 5, \"result\": 3, \"measure\": \"SUQACVJHDC\", \"options\": [{\"count\": 3, \"answer\": \"HIFWE\"}, {\"count\": 5, \"answer\": \"YRROS\"}, {\"count\": 0, \"answer\": \"FANAV\"}]}]}', 4380166, 7, '{\"count\": 3, \"resume\": [{\"concept\": \"Dramu00e1tico\", \"errorDesc\": \"Esta en el Dramu00e1tico y trato de agregar Mu00e9trica\", \"errorCount\": 5}, {\"concept\": \"Lu00edrico-u00c9pico\", \"errorDesc\": \"Esta en el Lu00edrico-u00c9pico y trato de agregar Personajes\", \"errorCount\": 1}, {\"concept\": \"Lu00edrico\", \"errorDesc\": \"Esta en el Lu00edrico y trato de agregar Otros\", \"errorCount\": 4}]}', 0, 1, '2023-09-29 15:01:26.230385', 24, 'dd7ccff1-02e9-47a1-9644-eb43f96caa65'),
('0aaef050-5da6-47d5-94bc-945976e83bba', '{\"replies\": [{\"init\": \"REAEV\", \"value\": 5, \"result\": 5, \"measure\": \"ECQZHRGJCL\", \"options\": [{\"count\": 5, \"answer\": \"VFOQE\"}, {\"count\": 1, \"answer\": \"VHVSL\"}, {\"count\": 5, \"answer\": \"UBADF\"}]}]}', 406043, 2, '{\"count\": 8, \"resume\": [{\"concept\": \"Lu00edrico-u00c9pico\", \"errorDesc\": \"Esta en el Lu00edrico-u00c9pico y trato de agregar Mu00e9trica\", \"errorCount\": 1}, {\"concept\": \"Narrativo\", \"errorDesc\": \"Esta en el Narrativo y trato de agregar Mu00e9trica\", \"errorCount\": 1}, {\"concept\": \"u00c9pico\", \"errorDesc\": \"Esta en el u00c9pico y trato de agregar Personajes\", \"errorCount\": 3}]}', 0, 0, '2023-09-29 15:01:26.139398', 10, '2e57d4ee-4ea4-4644-9eba-a6c81c415874'),
('0bafb589-35c9-46c1-a21c-3639873b69fc', '{\"replies\": [{\"init\": \"CPQVD\", \"value\": 3, \"result\": 2, \"measure\": \"HPYDRNOKBN\", \"options\": [{\"count\": 5, \"answer\": \"KGJUK\"}, {\"count\": 1, \"answer\": \"XNGRI\"}, {\"count\": 3, \"answer\": \"JVHDX\"}]}]}', 470781, 9, '{\"count\": 3, \"resume\": [{\"concept\": \"Cu00f3mico\", \"errorDesc\": \"Esta en el Cu00f3mico y trato de agregar Otros\", \"errorCount\": 5}, {\"concept\": \"u00c9pico\", \"errorDesc\": \"Esta en el u00c9pico y trato de agregar Mu00e9trica\", \"errorCount\": 5}, {\"concept\": \"Cu00f3mico\", \"errorDesc\": \"Esta en el Cu00f3mico y trato de agregar Mu00e9trica\", \"errorCount\": 4}]}', 1, 1, '2023-09-29 15:01:26.151263', 18, 'd6180f77-1697-4c33-a867-6445efe5a8e0'),
('0c1a4c20-741d-456f-8567-8fff0e772179', '{\"replies\": [{\"init\": \"XWJCT\", \"value\": 0, \"result\": 3, \"measure\": \"CACQFDJSIC\", \"options\": [{\"count\": 0, \"answer\": \"XIHFD\"}, {\"count\": 2, \"answer\": \"LJQZO\"}, {\"count\": 3, \"answer\": \"KDZND\"}]}]}', 920654, 2, '{\"count\": 2, \"resume\": [{\"concept\": \"Lu00edrico-u00c9pico\", \"errorDesc\": \"Esta en el Lu00edrico-u00c9pico y trato de agregar Otros\", \"errorCount\": 1}, {\"concept\": \"u00c9pico-Narrativo\", \"errorDesc\": \"Esta en el u00c9pico-Narrativo y trato de agregar Otros\", \"errorCount\": 2}, {\"concept\": \"u00c9pico-Narrativo\", \"errorDesc\": \"Esta en el u00c9pico-Narrativo y trato de agregar Personajes\", \"errorCount\": 1}]}', 1, 0, '2023-09-29 15:01:26.177399', 3, '2bf8083f-54aa-41ae-b997-89487061bd43'),
('1122eb00-d7a3-44cb-bcc9-50761f13a32b', '{\"replies\": [{\"init\": \"YROPP\", \"value\": 5, \"result\": 3, \"measure\": \"CTTCCWWDOE\", \"options\": [{\"count\": 1, \"answer\": \"MHWJB\"}, {\"count\": 4, \"answer\": \"ZREIZ\"}, {\"count\": 2, \"answer\": \"KUVSM\"}]}]}', 2938427, 9, '{\"count\": 2, \"resume\": [{\"concept\": \"Narrativo\", \"errorDesc\": \"Esta en el Narrativo y trato de agregar Otros\", \"errorCount\": 4}, {\"concept\": \"u00c9pico-Narrativo\", \"errorDesc\": \"Esta en el u00c9pico-Narrativo y trato de agregar Otros\", \"errorCount\": 2}, {\"concept\": \"Lu00edrico-Narrativo\", \"errorDesc\": \"Esta en el Lu00edrico-Narrativo y trato de agregar Personajes\", \"errorCount\": 2}]}', 1, 1, '2023-09-29 15:01:26.165336', 25, 'cec83a47-8bab-41e9-b3fc-c3e37e743ae6'),
('167f8330-a410-4ba2-8f6d-a89013a7ca96', '{\"replies\": [{\"init\": \"WGAUH\", \"value\": 4, \"result\": 0, \"measure\": \"AUGLIKLWDQ\", \"options\": [{\"count\": 1, \"answer\": \"SIXHU\"}, {\"count\": 5, \"answer\": \"RSWQW\"}, {\"count\": 5, \"answer\": \"VRNJY\"}]}]}', 949765, 6, '{\"count\": 4, \"resume\": [{\"concept\": \"Lu00edrico-Narrativo\", \"errorDesc\": \"Esta en el Lu00edrico-Narrativo y trato de agregar Otros\", \"errorCount\": 2}, {\"concept\": \"u00c9pico-Narrativo\", \"errorDesc\": \"Esta en el u00c9pico-Narrativo y trato de agregar Mu00e9trica\", \"errorCount\": 5}, {\"concept\": \"Narrativo\", \"errorDesc\": \"Esta en el Narrativo y trato de agregar Personajes\", \"errorCount\": 1}]}', 1, 1, '2023-09-29 15:01:26.155637', 12, '1d6ff455-1f8e-4bcf-b97e-83997066fcc8'),
('1ca867fe-e102-4f03-bebc-17407de64d20', '{\"replies\": [{\"init\": \"XYKRW\", \"value\": 0, \"result\": 0, \"measure\": \"NEJPJUMDFB\", \"options\": [{\"count\": 2, \"answer\": \"VHKIS\"}, {\"count\": 1, \"answer\": \"NPXAJ\"}, {\"count\": 0, \"answer\": \"SYGAQ\"}]}]}', 473073, 8, '{\"count\": 2, \"resume\": [{\"concept\": \"Narrativo\", \"errorDesc\": \"Esta en el Narrativo y trato de agregar Mu00e9trica\", \"errorCount\": 5}, {\"concept\": \"u00c9pico-Narrativo\", \"errorDesc\": \"Esta en el u00c9pico-Narrativo y trato de agregar Otros\", \"errorCount\": 3}, {\"concept\": \"Dramu00e1tico\", \"errorDesc\": \"Esta en el Dramu00e1tico y trato de agregar Mu00e9trica\", \"errorCount\": 4}]}', 1, 1, '2023-09-29 15:01:26.185492', 15, '76766738-d768-49b2-b1f9-1b297551c644'),
('2487e722-a7d1-481c-92b6-4fa3f87ea558', '{\"replies\": [{\"init\": \"ACDPB\", \"value\": 1, \"result\": 3, \"measure\": \"VWTCDTCBNJ\", \"options\": [{\"count\": 2, \"answer\": \"PPGYI\"}, {\"count\": 2, \"answer\": \"JXTUG\"}, {\"count\": 3, \"answer\": \"UHHYC\"}]}]}', 822687, 4, '{\"count\": 1, \"resume\": [{\"concept\": \"u00c9pico\", \"errorDesc\": \"Esta en el u00c9pico y trato de agregar Personajes\", \"errorCount\": 2}, {\"concept\": \"u00c9pico\", \"errorDesc\": \"Esta en el u00c9pico y trato de agregar Otros\", \"errorCount\": 1}, {\"concept\": \"u00c9pico-Narrativo\", \"errorDesc\": \"Esta en el u00c9pico-Narrativo y trato de agregar Otros\", \"errorCount\": 4}]}', 1, 0, '2023-09-29 15:01:26.217622', 18, 'e09ae3d4-8c57-49b5-8a70-05cf2af2707e'),
('2700b2cb-6206-4de9-b162-45592f80f34a', '{\"replies\": [{\"init\": \"LAQLF\", \"value\": 0, \"result\": 1, \"measure\": \"YAUEONAQLX\", \"options\": [{\"count\": 5, \"answer\": \"MTWDD\"}, {\"count\": 4, \"answer\": \"YFHML\"}, {\"count\": 3, \"answer\": \"ZEQIB\"}]}]}', 988063, 5, '{\"count\": 3, \"resume\": [{\"concept\": \"Cu00f3mico\", \"errorDesc\": \"Esta en el Cu00f3mico y trato de agregar Otros\", \"errorCount\": 3}, {\"concept\": \"Lu00edrico\", \"errorDesc\": \"Esta en el Lu00edrico y trato de agregar Otros\", \"errorCount\": 2}, {\"concept\": \"Lu00edrico-u00c9pico\", \"errorDesc\": \"Esta en el Lu00edrico-u00c9pico y trato de agregar Mu00e9trica\", \"errorCount\": 2}]}', 1, 0, '2023-09-29 15:01:26.141715', 9, '20b5ea2f-b760-41f6-8c5e-d16233317f95'),
('2ad37cfb-185a-4df4-b23c-aebf693198a5', '{\"replies\": [{\"init\": \"WBSSV\", \"value\": 4, \"result\": 5, \"measure\": \"EAGWMCJROL\", \"options\": [{\"count\": 5, \"answer\": \"FEVYD\"}, {\"count\": 0, \"answer\": \"GZNCS\"}, {\"count\": 0, \"answer\": \"PYKJS\"}]}]}', 527956, 7, '{\"count\": 7, \"resume\": [{\"concept\": \"Lu00edrico\", \"errorDesc\": \"Esta en el Lu00edrico y trato de agregar Personajes\", \"errorCount\": 3}, {\"concept\": \"Lu00edrico-Narrativo\", \"errorDesc\": \"Esta en el Lu00edrico-Narrativo y trato de agregar Personajes\", \"errorCount\": 3}, {\"concept\": \"Lu00edrico-Narrativo\", \"errorDesc\": \"Esta en el Lu00edrico-Narrativo y trato de agregar Personajes\", \"errorCount\": 1}]}', 1, 0, '2023-09-29 15:01:26.159951', 14, '4e083645-f2d2-457e-bba6-ccdf1f18b9f0'),
('2d5a3b2d-109a-444f-8c4b-4fc092224d4c', '{\"replies\": [{\"init\": \"PCXIV\", \"value\": 3, \"result\": 0, \"measure\": \"CLZMSJWTAB\", \"options\": [{\"count\": 3, \"answer\": \"FEDEA\"}, {\"count\": 2, \"answer\": \"AFPMC\"}, {\"count\": 0, \"answer\": \"YWMMM\"}]}]}', 513088, 1, '{\"count\": 7, \"resume\": [{\"concept\": \"u00c9pico-Narrativo\", \"errorDesc\": \"Esta en el u00c9pico-Narrativo y trato de agregar Otros\", \"errorCount\": 2}, {\"concept\": \"u00c9pico\", \"errorDesc\": \"Esta en el u00c9pico y trato de agregar Personajes\", \"errorCount\": 4}, {\"concept\": \"Lu00edrico-Narrativo\", \"errorDesc\": \"Esta en el Lu00edrico-Narrativo y trato de agregar Personajes\", \"errorCount\": 2}]}', 0, 1, '2023-09-29 15:01:26.138512', 6, '76766738-d768-49b2-b1f9-1b297551c644'),
('2db68281-d06b-489e-947b-e4b10dce83db', '{\"replies\": [{\"init\": \"FKAHY\", \"value\": 5, \"result\": 3, \"measure\": \"UYTPYWLIXM\", \"options\": [{\"count\": 5, \"answer\": \"WWNDA\"}, {\"count\": 2, \"answer\": \"GSHKV\"}, {\"count\": 2, \"answer\": \"CHIWK\"}]}]}', 735126, 8, '{\"count\": 6, \"resume\": [{\"concept\": \"Cu00f3mico\", \"errorDesc\": \"Esta en el Cu00f3mico y trato de agregar Mu00e9trica\", \"errorCount\": 5}, {\"concept\": \"Tru00e1gico\", \"errorDesc\": \"Esta en el Tru00e1gico y trato de agregar Personajes\", \"errorCount\": 1}, {\"concept\": \"u00c9pico\", \"errorDesc\": \"Esta en el u00c9pico y trato de agregar Otros\", \"errorCount\": 3}]}', 0, 0, '2023-09-29 15:01:26.223112', 6, '4695c758-1e23-498a-9966-bec4f206aebe'),
('2ddb5b7c-bdd5-487e-a769-4a8b26a75d17', '{\"replies\": [{\"init\": \"IDOBH\", \"value\": 3, \"result\": 0, \"measure\": \"BJBBXYAQPH\", \"options\": [{\"count\": 4, \"answer\": \"MDPWU\"}, {\"count\": 1, \"answer\": \"QDKPC\"}, {\"count\": 0, \"answer\": \"KFNAF\"}]}]}', 1944999, 9, '{\"count\": 10, \"resume\": [{\"concept\": \"Cu00f3mico\", \"errorDesc\": \"Esta en el Cu00f3mico y trato de agregar Otros\", \"errorCount\": 4}, {\"concept\": \"u00c9pico-Narrativo\", \"errorDesc\": \"Esta en el u00c9pico-Narrativo y trato de agregar Mu00e9trica\", \"errorCount\": 5}, {\"concept\": \"Narrativo\", \"errorDesc\": \"Esta en el Narrativo y trato de agregar Personajes\", \"errorCount\": 1}]}', 0, 1, '2023-09-29 15:01:26.189787', 6, '852d7cb5-ade2-45c4-8418-e351c0c1aec1'),
('2e6d9922-08e4-45e6-a822-e4554a57af28', '{\"replies\": [{\"init\": \"BYACK\", \"value\": 4, \"result\": 1, \"measure\": \"TQKITMHQQY\", \"options\": [{\"count\": 2, \"answer\": \"YIGTC\"}, {\"count\": 0, \"answer\": \"LXTOU\"}, {\"count\": 2, \"answer\": \"MNGVR\"}]}]}', 746793, 2, '{\"count\": 6, \"resume\": [{\"concept\": \"u00c9pico\", \"errorDesc\": \"Esta en el u00c9pico y trato de agregar Mu00e9trica\", \"errorCount\": 4}, {\"concept\": \"Tru00e1gico\", \"errorDesc\": \"Esta en el Tru00e1gico y trato de agregar Mu00e9trica\", \"errorCount\": 3}, {\"concept\": \"Lu00edrico-Narrativo\", \"errorDesc\": \"Esta en el Lu00edrico-Narrativo y trato de agregar Mu00e9trica\", \"errorCount\": 1}]}', 1, 0, '2023-09-29 15:01:26.199528', 19, 'dd7ccff1-02e9-47a1-9644-eb43f96caa65'),
('2e729b21-23b6-4071-9981-d4c6a1587996', '{\"replies\": [{\"init\": \"BXTMU\", \"value\": 4, \"result\": 3, \"measure\": \"PBKZRRPINK\", \"options\": [{\"count\": 2, \"answer\": \"JPOSD\"}, {\"count\": 1, \"answer\": \"ROUIQ\"}, {\"count\": 3, \"answer\": \"NUEXG\"}]}]}', 539892, 3, '{\"count\": 4, \"resume\": [{\"concept\": \"Cu00f3mico\", \"errorDesc\": \"Esta en el Cu00f3mico y trato de agregar Mu00e9trica\", \"errorCount\": 4}, {\"concept\": \"u00c9pico-Narrativo\", \"errorDesc\": \"Esta en el u00c9pico-Narrativo y trato de agregar Mu00e9trica\", \"errorCount\": 1}, {\"concept\": \"u00c9pico\", \"errorDesc\": \"Esta en el u00c9pico y trato de agregar Mu00e9trica\", \"errorCount\": 5}]}', 1, 0, '2023-09-29 15:01:26.129680', 8, 'b30b8aab-343f-423d-a2b9-81d62b4a0ee3'),
('2f082c75-fd3b-40e0-86ff-8ab3456995ba', '{\"replies\": [{\"init\": \"IWWEB\", \"value\": 1, \"result\": 4, \"measure\": \"ILNIVBOJBU\", \"options\": [{\"count\": 0, \"answer\": \"ICZAO\"}, {\"count\": 5, \"answer\": \"RYSIT\"}, {\"count\": 1, \"answer\": \"WGPPL\"}]}]}', 313833, 4, '{\"count\": 1, \"resume\": [{\"concept\": \"Lu00edrico-u00c9pico\", \"errorDesc\": \"Esta en el Lu00edrico-u00c9pico y trato de agregar Personajes\", \"errorCount\": 3}, {\"concept\": \"Lu00edrico-u00c9pico\", \"errorDesc\": \"Esta en el Lu00edrico-u00c9pico y trato de agregar Mu00e9trica\", \"errorCount\": 4}, {\"concept\": \"Tru00e1gico\", \"errorDesc\": \"Esta en el Tru00e1gico y trato de agregar Otros\", \"errorCount\": 1}]}', 0, 1, '2023-09-29 15:01:26.169696', 20, '6a26bb73-8e25-4609-a295-a4fadd2845f9'),
('32b4322d-1f3d-4145-b817-54652edd5259', '{\"replies\": [{\"init\": \"YIPKN\", \"value\": 2, \"result\": 1, \"measure\": \"EDQTNVGKTB\", \"options\": [{\"count\": 1, \"answer\": \"CABXO\"}, {\"count\": 3, \"answer\": \"RGPGY\"}, {\"count\": 0, \"answer\": \"QAJNR\"}]}]}', 469638, 8, '{\"count\": 8, \"resume\": [{\"concept\": \"Lu00edrico-u00c9pico\", \"errorDesc\": \"Esta en el Lu00edrico-u00c9pico y trato de agregar Otros\", \"errorCount\": 1}, {\"concept\": \"Tru00e1gico\", \"errorDesc\": \"Esta en el Tru00e1gico y trato de agregar Mu00e9trica\", \"errorCount\": 4}, {\"concept\": \"Narrativo\", \"errorDesc\": \"Esta en el Narrativo y trato de agregar Mu00e9trica\", \"errorCount\": 4}]}', 1, 0, '2023-09-29 15:01:26.183073', 9, '889db71a-94ca-44c2-b0be-c4960ae1a953'),
('3428d087-8d1f-49e8-8614-9fd263fdb851', '{\"replies\": [{\"init\": \"HUWRF\", \"value\": 1, \"result\": 0, \"measure\": \"YGSLODWYBP\", \"options\": [{\"count\": 0, \"answer\": \"YZCYC\"}, {\"count\": 3, \"answer\": \"GIXSX\"}, {\"count\": 0, \"answer\": \"QFYBI\"}]}]}', 64290, 2, '{\"count\": 5, \"resume\": [{\"concept\": \"Tru00e1gico\", \"errorDesc\": \"Esta en el Tru00e1gico y trato de agregar Mu00e9trica\", \"errorCount\": 1}, {\"concept\": \"u00c9pico\", \"errorDesc\": \"Esta en el u00c9pico y trato de agregar Mu00e9trica\", \"errorCount\": 3}, {\"concept\": \"Narrativo\", \"errorDesc\": \"Esta en el Narrativo y trato de agregar Mu00e9trica\", \"errorCount\": 5}]}', 0, 0, '2023-09-29 15:01:26.161320', 23, '860ffefe-5425-46fe-a93f-0ac0a5342ce5'),
('34dc343a-a0fa-4915-9f04-17950efc97a9', '{\"replies\": [{\"init\": \"WHMLA\", \"value\": 1, \"result\": 5, \"measure\": \"ZHIXHPDVFL\", \"options\": [{\"count\": 0, \"answer\": \"PUXHW\"}, {\"count\": 4, \"answer\": \"QSLTS\"}, {\"count\": 2, \"answer\": \"TKMMM\"}]}]}', 23106, 6, '{\"count\": 9, \"resume\": [{\"concept\": \"Tru00e1gico\", \"errorDesc\": \"Esta en el Tru00e1gico y trato de agregar Mu00e9trica\", \"errorCount\": 4}, {\"concept\": \"Dramu00e1tico\", \"errorDesc\": \"Esta en el Dramu00e1tico y trato de agregar Personajes\", \"errorCount\": 3}, {\"concept\": \"Narrativo\", \"errorDesc\": \"Esta en el Narrativo y trato de agregar Otros\", \"errorCount\": 2}]}', 1, 0, '2023-09-29 15:01:26.152076', 17, '4695c758-1e23-498a-9966-bec4f206aebe'),
('352acf78-8894-4199-b115-0fb0becde793', '{\"replies\": [{\"init\": \"DGWXF\", \"value\": 2, \"result\": 4, \"measure\": \"DQDIHVVKKG\", \"options\": [{\"count\": 4, \"answer\": \"BSKSG\"}, {\"count\": 0, \"answer\": \"QWENH\"}, {\"count\": 2, \"answer\": \"NDZTE\"}]}]}', 805436, 7, '{\"count\": 8, \"resume\": [{\"concept\": \"Lu00edrico\", \"errorDesc\": \"Esta en el Lu00edrico y trato de agregar Otros\", \"errorCount\": 4}, {\"concept\": \"u00c9pico-Narrativo\", \"errorDesc\": \"Esta en el u00c9pico-Narrativo y trato de agregar Otros\", \"errorCount\": 2}, {\"concept\": \"Narrativo\", \"errorDesc\": \"Esta en el Narrativo y trato de agregar Mu00e9trica\", \"errorCount\": 5}]}', 0, 1, '2023-09-29 15:01:26.153868', 4, '0bb0322f-d354-4cdf-80d0-755a91164ab4'),
('37d7f1b4-43ae-4954-a767-66119d1ce42a', '{\"replies\": [{\"init\": \"IMHEQ\", \"value\": 2, \"result\": 2, \"measure\": \"JPUXUZGWZB\", \"options\": [{\"count\": 3, \"answer\": \"FUGYF\"}, {\"count\": 0, \"answer\": \"NIUFL\"}, {\"count\": 5, \"answer\": \"SMMNS\"}]}]}', 431344, 6, '{\"count\": 3, \"resume\": [{\"concept\": \"Lu00edrico\", \"errorDesc\": \"Esta en el Lu00edrico y trato de agregar Otros\", \"errorCount\": 4}, {\"concept\": \"Narrativo\", \"errorDesc\": \"Esta en el Narrativo y trato de agregar Otros\", \"errorCount\": 1}, {\"concept\": \"Lu00edrico-u00c9pico\", \"errorDesc\": \"Esta en el Lu00edrico-u00c9pico y trato de agregar Mu00e9trica\", \"errorCount\": 4}]}', 1, 1, '2023-09-29 15:01:26.190777', 7, 'cec83a47-8bab-41e9-b3fc-c3e37e743ae6'),
('384f04b0-b4e7-4252-9d63-3c1f975a1760', '{\"replies\": [{\"init\": \"BCLAL\", \"value\": 5, \"result\": 4, \"measure\": \"DHUYBPLYXW\", \"options\": [{\"count\": 1, \"answer\": \"QQRML\"}, {\"count\": 3, \"answer\": \"LUDFT\"}, {\"count\": 1, \"answer\": \"OCAIN\"}]}]}', 15984, 4, '{\"count\": 6, \"resume\": [{\"concept\": \"Cu00f3mico\", \"errorDesc\": \"Esta en el Cu00f3mico y trato de agregar Personajes\", \"errorCount\": 1}, {\"concept\": \"Lu00edrico-Narrativo\", \"errorDesc\": \"Esta en el Lu00edrico-Narrativo y trato de agregar Mu00e9trica\", \"errorCount\": 1}, {\"concept\": \"Narrativo\", \"errorDesc\": \"Esta en el Narrativo y trato de agregar Mu00e9trica\", \"errorCount\": 5}]}', 0, 1, '2023-09-29 15:01:26.147810', 12, 'a1c9e07a-067c-4e05-b928-63b862899ad8'),
('40a6899b-5329-4d35-9a72-38efbc7817d0', '{\"replies\": [{\"init\": \"QSJVU\", \"value\": 1, \"result\": 3, \"measure\": \"JBKAEIZSOT\", \"options\": [{\"count\": 2, \"answer\": \"XNKND\"}, {\"count\": 1, \"answer\": \"XSIFN\"}, {\"count\": 0, \"answer\": \"ZNOXC\"}]}]}', 45918, 8, '{\"count\": 8, \"resume\": [{\"concept\": \"Dramu00e1tico\", \"errorDesc\": \"Esta en el Dramu00e1tico y trato de agregar Personajes\", \"errorCount\": 4}, {\"concept\": \"Lu00edrico-Narrativo\", \"errorDesc\": \"Esta en el Lu00edrico-Narrativo y trato de agregar Mu00e9trica\", \"errorCount\": 3}, {\"concept\": \"Lu00edrico-Narrativo\", \"errorDesc\": \"Esta en el Lu00edrico-Narrativo y trato de agregar Personajes\", \"errorCount\": 3}]}', 1, 0, '2023-09-29 15:01:26.148740', 1, '66d73756-7b2c-4cc3-b8ba-9f2e1075af6c'),
('41fe7702-4dad-463e-8c77-740c2bdcc4ad', '{\"replies\": [{\"init\": \"XCWAN\", \"value\": 5, \"result\": 2, \"measure\": \"YWARBHLKKL\", \"options\": [{\"count\": 3, \"answer\": \"WXMZG\"}, {\"count\": 3, \"answer\": \"QHYUI\"}, {\"count\": 1, \"answer\": \"JQFNP\"}]}]}', 6836325, 8, '{\"count\": 6, \"resume\": [{\"concept\": \"Lu00edrico-u00c9pico\", \"errorDesc\": \"Esta en el Lu00edrico-u00c9pico y trato de agregar Personajes\", \"errorCount\": 4}, {\"concept\": \"u00c9pico\", \"errorDesc\": \"Esta en el u00c9pico y trato de agregar Mu00e9trica\", \"errorCount\": 4}, {\"concept\": \"Cu00f3mico\", \"errorDesc\": \"Esta en el Cu00f3mico y trato de agregar Otros\", \"errorCount\": 4}]}', 1, 0, '2023-09-29 15:01:26.198673', 9, 'b31759e3-6fc2-43d0-a216-7718595cfb99'),
('42e9963a-577f-4cd9-9e8e-f425f93671ec', '{\"replies\": [{\"init\": \"LNWUD\", \"value\": 2, \"result\": 5, \"measure\": \"JAHCMBNYNL\", \"options\": [{\"count\": 5, \"answer\": \"JDMCZ\"}, {\"count\": 5, \"answer\": \"URARU\"}, {\"count\": 0, \"answer\": \"TDIVI\"}]}]}', 7334782, 6, '{\"count\": 8, \"resume\": [{\"concept\": \"Narrativo\", \"errorDesc\": \"Esta en el Narrativo y trato de agregar Mu00e9trica\", \"errorCount\": 5}, {\"concept\": \"Narrativo\", \"errorDesc\": \"Esta en el Narrativo y trato de agregar Otros\", \"errorCount\": 5}, {\"concept\": \"Lu00edrico-u00c9pico\", \"errorDesc\": \"Esta en el Lu00edrico-u00c9pico y trato de agregar Personajes\", \"errorCount\": 3}]}', 0, 1, '2023-09-29 15:01:26.122162', 8, '2bf8083f-54aa-41ae-b997-89487061bd43'),
('430874e7-1e47-48ad-8270-3639291db2de', '{\"replies\": [{\"init\": \"RJVHH\", \"value\": 2, \"result\": 3, \"measure\": \"ODXWRXAPQQ\", \"options\": [{\"count\": 4, \"answer\": \"ARXNO\"}, {\"count\": 3, \"answer\": \"GJQHW\"}, {\"count\": 1, \"answer\": \"FNHWW\"}]}]}', 937507, 9, '{\"count\": 4, \"resume\": [{\"concept\": \"Cu00f3mico\", \"errorDesc\": \"Esta en el Cu00f3mico y trato de agregar Personajes\", \"errorCount\": 3}, {\"concept\": \"Lu00edrico-u00c9pico\", \"errorDesc\": \"Esta en el Lu00edrico-u00c9pico y trato de agregar Mu00e9trica\", \"errorCount\": 4}, {\"concept\": \"u00c9pico-Narrativo\", \"errorDesc\": \"Esta en el u00c9pico-Narrativo y trato de agregar Mu00e9trica\", \"errorCount\": 5}]}', 1, 1, '2023-09-29 15:01:26.196877', 18, 'e3012478-fdf9-4f03-bdfa-f26f8612aebc'),
('48b4e1f0-e8d0-497b-9186-dbc310eeb84e', '{\"replies\": [{\"init\": \"MVCUN\", \"value\": 1, \"result\": 2, \"measure\": \"HECNIYVZDX\", \"options\": [{\"count\": 5, \"answer\": \"ZMRBY\"}, {\"count\": 5, \"answer\": \"NXAZW\"}, {\"count\": 0, \"answer\": \"RONQZ\"}]}]}', 874760, 7, '{\"count\": 3, \"resume\": [{\"concept\": \"u00c9pico-Narrativo\", \"errorDesc\": \"Esta en el u00c9pico-Narrativo y trato de agregar Mu00e9trica\", \"errorCount\": 1}, {\"concept\": \"Lu00edrico-u00c9pico\", \"errorDesc\": \"Esta en el Lu00edrico-u00c9pico y trato de agregar Otros\", \"errorCount\": 3}, {\"concept\": \"Dramu00e1tico\", \"errorDesc\": \"Esta en el Dramu00e1tico y trato de agregar Otros\", \"errorCount\": 1}]}', 0, 1, '2023-09-29 15:01:26.224662', 19, '7a45810e-2b99-4811-ae45-46ef841f636c'),
('49799f3a-ab84-4c21-8b12-5be3646cb085', '{\"replies\": [{\"init\": \"RAZGM\", \"value\": 0, \"result\": 1, \"measure\": \"MDAVQXMYYE\", \"options\": [{\"count\": 4, \"answer\": \"QQWNW\"}, {\"count\": 1, \"answer\": \"GLSOV\"}, {\"count\": 5, \"answer\": \"NORAK\"}]}]}', 7777528, 3, '{\"count\": 3, \"resume\": [{\"concept\": \"u00c9pico\", \"errorDesc\": \"Esta en el u00c9pico y trato de agregar Personajes\", \"errorCount\": 2}, {\"concept\": \"Lu00edrico\", \"errorDesc\": \"Esta en el Lu00edrico y trato de agregar Mu00e9trica\", \"errorCount\": 3}, {\"concept\": \"Lu00edrico-u00c9pico\", \"errorDesc\": \"Esta en el Lu00edrico-u00c9pico y trato de agregar Otros\", \"errorCount\": 5}]}', 0, 0, '2023-09-29 15:01:26.174292', 1, '276b8e59-9251-4ab5-9697-e3bb350fb266'),
('4af597e1-ca5c-4d8f-a24e-cc18565528f1', '{\"replies\": [{\"init\": \"PYPNQ\", \"value\": 5, \"result\": 1, \"measure\": \"AYLABQBNRC\", \"options\": [{\"count\": 3, \"answer\": \"FQGYV\"}, {\"count\": 0, \"answer\": \"TYOUE\"}, {\"count\": 4, \"answer\": \"XPYTJ\"}]}]}', 8137882, 3, '{\"count\": 4, \"resume\": [{\"concept\": \"Cu00f3mico\", \"errorDesc\": \"Esta en el Cu00f3mico y trato de agregar Otros\", \"errorCount\": 3}, {\"concept\": \"Tru00e1gico\", \"errorDesc\": \"Esta en el Tru00e1gico y trato de agregar Mu00e9trica\", \"errorCount\": 3}, {\"concept\": \"u00c9pico\", \"errorDesc\": \"Esta en el u00c9pico y trato de agregar Personajes\", \"errorCount\": 4}]}', 1, 0, '2023-09-29 15:01:26.188909', 19, '89a53113-8326-49e8-80ef-c548e9e861c7'),
('5290686b-564f-4ea2-b5ba-8644f701310a', '{\"replies\": [{\"init\": \"CISNT\", \"value\": 3, \"result\": 3, \"measure\": \"ZYXWGXKVPM\", \"options\": [{\"count\": 5, \"answer\": \"PLVYW\"}, {\"count\": 4, \"answer\": \"SMXTD\"}, {\"count\": 1, \"answer\": \"CWHVA\"}]}]}', 250899, 9, '{\"count\": 8, \"resume\": [{\"concept\": \"Dramu00e1tico\", \"errorDesc\": \"Esta en el Dramu00e1tico y trato de agregar Personajes\", \"errorCount\": 4}, {\"concept\": \"Cu00f3mico\", \"errorDesc\": \"Esta en el Cu00f3mico y trato de agregar Mu00e9trica\", \"errorCount\": 1}, {\"concept\": \"Lu00edrico\", \"errorDesc\": \"Esta en el Lu00edrico y trato de agregar Mu00e9trica\", \"errorCount\": 5}]}', 0, 0, '2023-09-29 15:01:26.178637', 24, '6a26bb73-8e25-4609-a295-a4fadd2845f9'),
('52d3ac27-32a8-4bb3-b9d1-61134909648f', '{\"replies\": [{\"init\": \"WUOLO\", \"value\": 3, \"result\": 1, \"measure\": \"VSMAQWNVTA\", \"options\": [{\"count\": 0, \"answer\": \"SGFGE\"}, {\"count\": 1, \"answer\": \"UKBHL\"}, {\"count\": 2, \"answer\": \"AUEFM\"}]}]}', 436031, 9, '{\"count\": 6, \"resume\": [{\"concept\": \"Lu00edrico\", \"errorDesc\": \"Esta en el Lu00edrico y trato de agregar Mu00e9trica\", \"errorCount\": 1}, {\"concept\": \"u00c9pico\", \"errorDesc\": \"Esta en el u00c9pico y trato de agregar Otros\", \"errorCount\": 3}, {\"concept\": \"Lu00edrico\", \"errorDesc\": \"Esta en el Lu00edrico y trato de agregar Mu00e9trica\", \"errorCount\": 1}]}', 0, 1, '2023-09-29 15:01:26.216460', 5, '2bf8083f-54aa-41ae-b997-89487061bd43'),
('53405424-da27-423d-85d2-9ec0266915b8', '{\"replies\": [{\"init\": \"SSDRW\", \"value\": 5, \"result\": 2, \"measure\": \"KHSTZOIAYU\", \"options\": [{\"count\": 1, \"answer\": \"DIBQS\"}, {\"count\": 2, \"answer\": \"VUDGG\"}, {\"count\": 4, \"answer\": \"FBJKG\"}]}]}', 686403, 3, '{\"count\": 7, \"resume\": [{\"concept\": \"Narrativo\", \"errorDesc\": \"Esta en el Narrativo y trato de agregar Mu00e9trica\", \"errorCount\": 4}, {\"concept\": \"u00c9pico\", \"errorDesc\": \"Esta en el u00c9pico y trato de agregar Personajes\", \"errorCount\": 2}, {\"concept\": \"u00c9pico-Narrativo\", \"errorDesc\": \"Esta en el u00c9pico-Narrativo y trato de agregar Mu00e9trica\", \"errorCount\": 2}]}', 0, 0, '2023-09-29 15:01:26.136452', 8, 'e6fc2a6a-e352-4387-919c-209eab32b0a7'),
('53e71265-54a1-4a53-9e7b-3e3ef5510d56', '{\"replies\": [{\"init\": \"KELSS\", \"value\": 5, \"result\": 4, \"measure\": \"UKAJUALRZY\", \"options\": [{\"count\": 1, \"answer\": \"QFCOK\"}, {\"count\": 1, \"answer\": \"IKHYP\"}, {\"count\": 5, \"answer\": \"ARBXD\"}]}]}', 92567, 6, '{\"count\": 2, \"resume\": [{\"concept\": \"Lu00edrico\", \"errorDesc\": \"Esta en el Lu00edrico y trato de agregar Otros\", \"errorCount\": 2}, {\"concept\": \"Narrativo\", \"errorDesc\": \"Esta en el Narrativo y trato de agregar Personajes\", \"errorCount\": 2}, {\"concept\": \"Lu00edrico-u00c9pico\", \"errorDesc\": \"Esta en el Lu00edrico-u00c9pico y trato de agregar Mu00e9trica\", \"errorCount\": 2}]}', 1, 1, '2023-09-29 15:01:26.207297', 23, 'f78940b2-d02e-4011-9c59-f8bb4fd29638'),
('5b3954ec-e374-4ebd-8674-9a420558a1a7', '{\"replies\": [{\"init\": \"DOHKP\", \"value\": 4, \"result\": 3, \"measure\": \"SAQVHUURXR\", \"options\": [{\"count\": 5, \"answer\": \"HMSTT\"}, {\"count\": 0, \"answer\": \"GSION\"}, {\"count\": 1, \"answer\": \"AFZRV\"}]}]}', 347247, 3, '{\"count\": 2, \"resume\": [{\"concept\": \"Lu00edrico\", \"errorDesc\": \"Esta en el Lu00edrico y trato de agregar Personajes\", \"errorCount\": 4}, {\"concept\": \"Dramu00e1tico\", \"errorDesc\": \"Esta en el Dramu00e1tico y trato de agregar Mu00e9trica\", \"errorCount\": 4}, {\"concept\": \"Tru00e1gico\", \"errorDesc\": \"Esta en el Tru00e1gico y trato de agregar Mu00e9trica\", \"errorCount\": 1}]}', 1, 0, '2023-09-29 15:01:26.152869', 4, 'cec83a47-8bab-41e9-b3fc-c3e37e743ae6'),
('63426917-7ba5-44c6-b21a-123631d771b5', '{\"replies\": [{\"init\": \"YZNFT\", \"value\": 2, \"result\": 2, \"measure\": \"VZQLFTCMEV\", \"options\": [{\"count\": 0, \"answer\": \"BWUON\"}, {\"count\": 2, \"answer\": \"KGPRX\"}, {\"count\": 5, \"answer\": \"MRNHA\"}]}]}', 265411, 9, '{\"count\": 5, \"resume\": [{\"concept\": \"Lu00edrico\", \"errorDesc\": \"Esta en el Lu00edrico y trato de agregar Personajes\", \"errorCount\": 1}, {\"concept\": \"Dramu00e1tico\", \"errorDesc\": \"Esta en el Dramu00e1tico y trato de agregar Personajes\", \"errorCount\": 3}, {\"concept\": \"Dramu00e1tico\", \"errorDesc\": \"Esta en el Dramu00e1tico y trato de agregar Mu00e9trica\", \"errorCount\": 2}]}', 1, 0, '2023-09-29 15:01:26.214699', 14, 'a1c9e07a-067c-4e05-b928-63b862899ad8'),
('679ed084-a504-4c77-bc69-e95a74af96b9', '{\"replies\": [{\"init\": \"TGTGJ\", \"value\": 0, \"result\": 4, \"measure\": \"NEMXDJYVMH\", \"options\": [{\"count\": 5, \"answer\": \"NKCFK\"}, {\"count\": 2, \"answer\": \"BWAVO\"}, {\"count\": 2, \"answer\": \"ISNKW\"}]}]}', 119569, 3, '{\"count\": 7, \"resume\": [{\"concept\": \"Lu00edrico-u00c9pico\", \"errorDesc\": \"Esta en el Lu00edrico-u00c9pico y trato de agregar Otros\", \"errorCount\": 1}, {\"concept\": \"Tru00e1gico\", \"errorDesc\": \"Esta en el Tru00e1gico y trato de agregar Personajes\", \"errorCount\": 2}, {\"concept\": \"Lu00edrico-Narrativo\", \"errorDesc\": \"Esta en el Lu00edrico-Narrativo y trato de agregar Mu00e9trica\", \"errorCount\": 2}]}', 0, 1, '2023-09-29 15:01:26.191655', 15, '6a26bb73-8e25-4609-a295-a4fadd2845f9'),
('69d0522e-9579-417f-bd7a-fbab53652401', '{\"replies\": [{\"init\": \"GJRZP\", \"value\": 2, \"result\": 3, \"measure\": \"SAMGISNHBX\", \"options\": [{\"count\": 3, \"answer\": \"XLEKJ\"}, {\"count\": 0, \"answer\": \"IULEW\"}, {\"count\": 1, \"answer\": \"DOQWG\"}]}]}', 685908, 3, '{\"count\": 10, \"resume\": [{\"concept\": \"Cu00f3mico\", \"errorDesc\": \"Esta en el Cu00f3mico y trato de agregar Personajes\", \"errorCount\": 5}, {\"concept\": \"Tru00e1gico\", \"errorDesc\": \"Esta en el Tru00e1gico y trato de agregar Otros\", \"errorCount\": 3}, {\"concept\": \"Lu00edrico-Narrativo\", \"errorDesc\": \"Esta en el Lu00edrico-Narrativo y trato de agregar Otros\", \"errorCount\": 4}]}', 0, 0, '2023-09-29 15:01:26.195938', 12, 'f78940b2-d02e-4011-9c59-f8bb4fd29638'),
('6ade5254-42de-4b0b-a188-56d183a47279', '{\"replies\": [{\"init\": \"NEVJQ\", \"value\": 5, \"result\": 1, \"measure\": \"MZLGBWPDWM\", \"options\": [{\"count\": 3, \"answer\": \"PHXSK\"}, {\"count\": 5, \"answer\": \"HUUWT\"}, {\"count\": 2, \"answer\": \"EPTLW\"}]}]}', 640944, 7, '{\"count\": 7, \"resume\": [{\"concept\": \"u00c9pico-Narrativo\", \"errorDesc\": \"Esta en el u00c9pico-Narrativo y trato de agregar Personajes\", \"errorCount\": 1}, {\"concept\": \"Lu00edrico\", \"errorDesc\": \"Esta en el Lu00edrico y trato de agregar Mu00e9trica\", \"errorCount\": 4}, {\"concept\": \"Lu00edrico-u00c9pico\", \"errorDesc\": \"Esta en el Lu00edrico-u00c9pico y trato de agregar Otros\", \"errorCount\": 2}]}', 0, 1, '2023-09-29 15:01:26.206413', 23, 'dd7ccff1-02e9-47a1-9644-eb43f96caa65'),
('6cf8b4b9-b480-4dcc-b8ba-e0cf4c7d1de4', '{\"replies\": [{\"init\": \"BUUAE\", \"value\": 0, \"result\": 1, \"measure\": \"KQDWBZVJKG\", \"options\": [{\"count\": 4, \"answer\": \"RZVDG\"}, {\"count\": 2, \"answer\": \"ADBZV\"}, {\"count\": 4, \"answer\": \"FZWDU\"}]}]}', 890141, 3, '{\"count\": 10, \"resume\": [{\"concept\": \"u00c9pico-Narrativo\", \"errorDesc\": \"Esta en el u00c9pico-Narrativo y trato de agregar Otros\", \"errorCount\": 2}, {\"concept\": \"Cu00f3mico\", \"errorDesc\": \"Esta en el Cu00f3mico y trato de agregar Personajes\", \"errorCount\": 1}, {\"concept\": \"Lu00edrico\", \"errorDesc\": \"Esta en el Lu00edrico y trato de agregar Mu00e9trica\", \"errorCount\": 2}]}', 1, 1, '2023-09-29 15:01:26.179579', 4, '0bb0322f-d354-4cdf-80d0-755a91164ab4'),
('6d1547ac-775a-4fbb-9a21-652222e3bcbf', '{\"replies\": [{\"init\": \"DTLYZ\", \"value\": 0, \"result\": 4, \"measure\": \"JUHXFZLPLZ\", \"options\": [{\"count\": 4, \"answer\": \"SGXGK\"}, {\"count\": 0, \"answer\": \"MUFVP\"}, {\"count\": 2, \"answer\": \"DSRCJ\"}]}]}', 175051, 1, '{\"count\": 3, \"resume\": [{\"concept\": \"Lu00edrico\", \"errorDesc\": \"Esta en el Lu00edrico y trato de agregar Personajes\", \"errorCount\": 1}, {\"concept\": \"Lu00edrico\", \"errorDesc\": \"Esta en el Lu00edrico y trato de agregar Personajes\", \"errorCount\": 1}, {\"concept\": \"Tru00e1gico\", \"errorDesc\": \"Esta en el Tru00e1gico y trato de agregar Personajes\", \"errorCount\": 4}]}', 1, 0, '2023-09-29 15:01:26.144427', 12, '276b8e59-9251-4ab5-9697-e3bb350fb266'),
('71f3d17d-8a20-4ee5-ba02-6b3805ece9b0', '{\"replies\": [{\"init\": \"ZQEZU\", \"value\": 3, \"result\": 4, \"measure\": \"OSTCQULMSM\", \"options\": [{\"count\": 2, \"answer\": \"KKNGE\"}, {\"count\": 3, \"answer\": \"QMKGI\"}, {\"count\": 3, \"answer\": \"PQIRZ\"}]}]}', 881798, 5, '{\"count\": 8, \"resume\": [{\"concept\": \"u00c9pico\", \"errorDesc\": \"Esta en el u00c9pico y trato de agregar Otros\", \"errorCount\": 2}, {\"concept\": \"Dramu00e1tico\", \"errorDesc\": \"Esta en el Dramu00e1tico y trato de agregar Otros\", \"errorCount\": 4}, {\"concept\": \"Cu00f3mico\", \"errorDesc\": \"Esta en el Cu00f3mico y trato de agregar Otros\", \"errorCount\": 2}]}', 0, 1, '2023-09-29 15:01:26.158954', 15, 'a1c9e07a-067c-4e05-b928-63b862899ad8'),
('79035bc7-4c25-4a33-8634-25c53c285a5c', '{\"replies\": [{\"init\": \"WJJYW\", \"value\": 4, \"result\": 1, \"measure\": \"KHWTITBCWL\", \"options\": [{\"count\": 4, \"answer\": \"VFXSC\"}, {\"count\": 5, \"answer\": \"KMPTS\"}, {\"count\": 2, \"answer\": \"XNZCQ\"}]}]}', 138159, 8, '{\"count\": 9, \"resume\": [{\"concept\": \"Narrativo\", \"errorDesc\": \"Esta en el Narrativo y trato de agregar Mu00e9trica\", \"errorCount\": 3}, {\"concept\": \"Lu00edrico-u00c9pico\", \"errorDesc\": \"Esta en el Lu00edrico-u00c9pico y trato de agregar Mu00e9trica\", \"errorCount\": 4}, {\"concept\": \"Dramu00e1tico\", \"errorDesc\": \"Esta en el Dramu00e1tico y trato de agregar Mu00e9trica\", \"errorCount\": 2}]}', 0, 1, '2023-09-29 15:01:26.222261', 21, 'b30b8aab-343f-423d-a2b9-81d62b4a0ee3'),
('83a447a7-e0f4-4e82-a37c-5d47b626ddb9', '{\"replies\": [{\"init\": \"OCWCP\", \"value\": 0, \"result\": 3, \"measure\": \"AJDSVBLQEY\", \"options\": [{\"count\": 4, \"answer\": \"YFAND\"}, {\"count\": 5, \"answer\": \"AFLZH\"}, {\"count\": 0, \"answer\": \"JARSW\"}]}]}', 502934, 5, '{\"count\": 3, \"resume\": [{\"concept\": \"Cu00f3mico\", \"errorDesc\": \"Esta en el Cu00f3mico y trato de agregar Otros\", \"errorCount\": 4}, {\"concept\": \"Dramu00e1tico\", \"errorDesc\": \"Esta en el Dramu00e1tico y trato de agregar Personajes\", \"errorCount\": 3}, {\"concept\": \"Narrativo\", \"errorDesc\": \"Esta en el Narrativo y trato de agregar Personajes\", \"errorCount\": 5}]}', 0, 1, '2023-09-29 15:01:26.197711', 14, '89a53113-8326-49e8-80ef-c548e9e861c7'),
('84d5abdb-9cd3-434e-954e-36df3a8ce134', '{\"replies\": [{\"init\": \"NORIK\", \"value\": 5, \"result\": 0, \"measure\": \"MJQNWYMEAD\", \"options\": [{\"count\": 4, \"answer\": \"RPKTE\"}, {\"count\": 3, \"answer\": \"NBZLQ\"}, {\"count\": 3, \"answer\": \"RQRFF\"}]}]}', 413858, 2, '{\"count\": 2, \"resume\": [{\"concept\": \"u00c9pico\", \"errorDesc\": \"Esta en el u00c9pico y trato de agregar Otros\", \"errorCount\": 3}, {\"concept\": \"u00c9pico\", \"errorDesc\": \"Esta en el u00c9pico y trato de agregar Otros\", \"errorCount\": 1}, {\"concept\": \"Narrativo\", \"errorDesc\": \"Esta en el Narrativo y trato de agregar Otros\", \"errorCount\": 2}]}', 1, 0, '2023-09-29 15:01:26.164377', 4, '22a0d4a9-055e-4617-ae1e-2ebe78fc0417'),
('85094e01-c44e-469a-8353-43ac43c6c778', '{\"replies\": [{\"init\": \"SRYEK\", \"value\": 3, \"result\": 1, \"measure\": \"MCVQRDQMQG\", \"options\": [{\"count\": 5, \"answer\": \"SYJKP\"}, {\"count\": 2, \"answer\": \"HENYT\"}, {\"count\": 2, \"answer\": \"GZUEE\"}]}]}', 526137, 1, '{\"count\": 2, \"resume\": [{\"concept\": \"Cu00f3mico\", \"errorDesc\": \"Esta en el Cu00f3mico y trato de agregar Personajes\", \"errorCount\": 5}, {\"concept\": \"u00c9pico\", \"errorDesc\": \"Esta en el u00c9pico y trato de agregar Mu00e9trica\", \"errorCount\": 2}, {\"concept\": \"Narrativo\", \"errorDesc\": \"Esta en el Narrativo y trato de agregar Otros\", \"errorCount\": 1}]}', 0, 0, '2023-09-29 15:01:26.137617', 12, 'e6fc2a6a-e352-4387-919c-209eab32b0a7'),
('85a31e16-71dd-454b-a0fc-8f0a06a8ed29', '{\"replies\": [{\"init\": \"BJEXE\", \"value\": 2, \"result\": 3, \"measure\": \"UFSBCWGDKE\", \"options\": [{\"count\": 3, \"answer\": \"RINGJ\"}, {\"count\": 4, \"answer\": \"XLXPK\"}, {\"count\": 4, \"answer\": \"WKLGO\"}]}]}', 982696, 7, '{\"count\": 9, \"resume\": [{\"concept\": \"Narrativo\", \"errorDesc\": \"Esta en el Narrativo y trato de agregar Personajes\", \"errorCount\": 4}, {\"concept\": \"Tru00e1gico\", \"errorDesc\": \"Esta en el Tru00e1gico y trato de agregar Otros\", \"errorCount\": 3}, {\"concept\": \"Tru00e1gico\", \"errorDesc\": \"Esta en el Tru00e1gico y trato de agregar Otros\", \"errorCount\": 5}]}', 1, 1, '2023-09-29 15:01:26.134431', 2, '2e57d4ee-4ea4-4644-9eba-a6c81c415874'),
('86c0cc9c-fea4-4b41-85ff-7a01614f273d', '{\"replies\": [{\"init\": \"FHDMR\", \"value\": 4, \"result\": 5, \"measure\": \"UHOAQORHYM\", \"options\": [{\"count\": 5, \"answer\": \"WNCSO\"}, {\"count\": 2, \"answer\": \"TWBWR\"}, {\"count\": 1, \"answer\": \"EAPWG\"}]}]}', 478192, 8, '{\"count\": 6, \"resume\": [{\"concept\": \"Lu00edrico-Narrativo\", \"errorDesc\": \"Esta en el Lu00edrico-Narrativo y trato de agregar Otros\", \"errorCount\": 4}, {\"concept\": \"Lu00edrico-Narrativo\", \"errorDesc\": \"Esta en el Lu00edrico-Narrativo y trato de agregar Mu00e9trica\", \"errorCount\": 2}, {\"concept\": \"Tru00e1gico\", \"errorDesc\": \"Esta en el Tru00e1gico y trato de agregar Personajes\", \"errorCount\": 5}]}', 1, 1, '2023-09-29 15:01:26.142638', 18, '4695c758-1e23-498a-9966-bec4f206aebe'),
('89e8a83d-03cd-4a80-8f85-6e9d3987a284', '{\"replies\": [{\"init\": \"WJXGL\", \"value\": 5, \"result\": 5, \"measure\": \"NIEPYPHMZE\", \"options\": [{\"count\": 3, \"answer\": \"GKPRK\"}, {\"count\": 3, \"answer\": \"RVWCL\"}, {\"count\": 3, \"answer\": \"QKFKE\"}]}]}', 13998, 4, '{\"count\": 10, \"resume\": [{\"concept\": \"Lu00edrico-u00c9pico\", \"errorDesc\": \"Esta en el Lu00edrico-u00c9pico y trato de agregar Mu00e9trica\", \"errorCount\": 4}, {\"concept\": \"Lu00edrico\", \"errorDesc\": \"Esta en el Lu00edrico y trato de agregar Otros\", \"errorCount\": 5}, {\"concept\": \"Lu00edrico-Narrativo\", \"errorDesc\": \"Esta en el Lu00edrico-Narrativo y trato de agregar Personajes\", \"errorCount\": 4}]}', 1, 0, '2023-09-29 15:01:26.143523', 14, '4bd050a2-b138-402e-b855-0beb835b1846'),
('8ad0dad0-2e4b-4cc6-88f2-366c2b25aaa6', '{\"replies\": [{\"init\": \"CNYMF\", \"value\": 1, \"result\": 3, \"measure\": \"JCBADWWLRT\", \"options\": [{\"count\": 4, \"answer\": \"YCACW\"}, {\"count\": 2, \"answer\": \"IZEIN\"}, {\"count\": 4, \"answer\": \"ZJJHI\"}]}]}', 392167, 5, '{\"count\": 10, \"resume\": [{\"concept\": \"Tru00e1gico\", \"errorDesc\": \"Esta en el Tru00e1gico y trato de agregar Otros\", \"errorCount\": 1}, {\"concept\": \"Lu00edrico-Narrativo\", \"errorDesc\": \"Esta en el Lu00edrico-Narrativo y trato de agregar Personajes\", \"errorCount\": 4}, {\"concept\": \"Dramu00e1tico\", \"errorDesc\": \"Esta en el Dramu00e1tico y trato de agregar Personajes\", \"errorCount\": 1}]}', 1, 0, '2023-09-29 15:01:26.215591', 25, 'cec83a47-8bab-41e9-b3fc-c3e37e743ae6'),
('90567fa9-43b1-469c-b4ff-fd0f048e0252', '{\"replies\": [{\"init\": \"RUGPZ\", \"value\": 0, \"result\": 4, \"measure\": \"QAAAGLAKOQ\", \"options\": [{\"count\": 2, \"answer\": \"RZKXV\"}, {\"count\": 1, \"answer\": \"SIJSC\"}, {\"count\": 4, \"answer\": \"URGET\"}]}]}', 7379895, 7, '{\"count\": 6, \"resume\": [{\"concept\": \"Lu00edrico-u00c9pico\", \"errorDesc\": \"Esta en el Lu00edrico-u00c9pico y trato de agregar Mu00e9trica\", \"errorCount\": 4}, {\"concept\": \"Tru00e1gico\", \"errorDesc\": \"Esta en el Tru00e1gico y trato de agregar Personajes\", \"errorCount\": 2}, {\"concept\": \"Lu00edrico-u00c9pico\", \"errorDesc\": \"Esta en el Lu00edrico-u00c9pico y trato de agregar Otros\", \"errorCount\": 1}]}', 0, 1, '2023-09-29 15:01:26.183885', 18, 'b30b8aab-343f-423d-a2b9-81d62b4a0ee3'),
('910dcbc4-5ffa-4e6b-a2a9-a69ccadfca56', '{\"replies\": [{\"init\": \"MRFKL\", \"value\": 1, \"result\": 4, \"measure\": \"TOVSKLNPCI\", \"options\": [{\"count\": 0, \"answer\": \"KKUTV\"}, {\"count\": 0, \"answer\": \"AXOQA\"}, {\"count\": 0, \"answer\": \"CBFEN\"}]}]}', 573227, 5, '{\"count\": 3, \"resume\": [{\"concept\": \"Cu00f3mico\", \"errorDesc\": \"Esta en el Cu00f3mico y trato de agregar Mu00e9trica\", \"errorCount\": 1}, {\"concept\": \"Narrativo\", \"errorDesc\": \"Esta en el Narrativo y trato de agregar Mu00e9trica\", \"errorCount\": 1}, {\"concept\": \"Narrativo\", \"errorDesc\": \"Esta en el Narrativo y trato de agregar Otros\", \"errorCount\": 1}]}', 1, 1, '2023-09-29 15:01:26.170785', 25, '89a53113-8326-49e8-80ef-c548e9e861c7'),
('918530ac-ea22-4495-a561-0890f8fa413b', '{\"replies\": [{\"init\": \"RJCXO\", \"value\": 1, \"result\": 4, \"measure\": \"QAIBDLSHKS\", \"options\": [{\"count\": 5, \"answer\": \"TKCZA\"}, {\"count\": 3, \"answer\": \"YATGK\"}, {\"count\": 5, \"answer\": \"ZIJGD\"}]}]}', 284796, 6, '{\"count\": 5, \"resume\": [{\"concept\": \"Cu00f3mico\", \"errorDesc\": \"Esta en el Cu00f3mico y trato de agregar Personajes\", \"errorCount\": 2}, {\"concept\": \"Lu00edrico-Narrativo\", \"errorDesc\": \"Esta en el Lu00edrico-Narrativo y trato de agregar Personajes\", \"errorCount\": 2}, {\"concept\": \"Tru00e1gico\", \"errorDesc\": \"Esta en el Tru00e1gico y trato de agregar Personajes\", \"errorCount\": 3}]}', 0, 1, '2023-09-29 15:01:26.180492', 19, '9035cff6-8d3e-425e-a5fd-85b118b35ddc'),
('96c35056-b39f-4736-98b5-3034906fec84', '{\"replies\": [{\"init\": \"JNUJV\", \"value\": 0, \"result\": 2, \"measure\": \"YZHQTBMAVQ\", \"options\": [{\"count\": 4, \"answer\": \"SUQAI\"}, {\"count\": 3, \"answer\": \"OCUQO\"}, {\"count\": 0, \"answer\": \"XXVPT\"}]}]}', 5245311, 8, '{\"count\": 1, \"resume\": [{\"concept\": \"Lu00edrico-Narrativo\", \"errorDesc\": \"Esta en el Lu00edrico-Narrativo y trato de agregar Personajes\", \"errorCount\": 4}, {\"concept\": \"Lu00edrico\", \"errorDesc\": \"Esta en el Lu00edrico y trato de agregar Personajes\", \"errorCount\": 4}, {\"concept\": \"Cu00f3mico\", \"errorDesc\": \"Esta en el Cu00f3mico y trato de agregar Personajes\", \"errorCount\": 5}]}', 1, 0, '2023-09-29 15:01:26.181366', 13, '717f64cf-9c3f-43ac-9a48-e919c650d2f7'),
('973eb265-e413-427a-a328-65d1bd5a0f50', '{\"replies\": [{\"init\": \"APXZG\", \"value\": 2, \"result\": 3, \"measure\": \"ZFHATZPHZE\", \"options\": [{\"count\": 2, \"answer\": \"BUTJS\"}, {\"count\": 5, \"answer\": \"UNHBO\"}, {\"count\": 1, \"answer\": \"TBSHS\"}]}]}', 560131, 8, '{\"count\": 8, \"resume\": [{\"concept\": \"Dramu00e1tico\", \"errorDesc\": \"Esta en el Dramu00e1tico y trato de agregar Personajes\", \"errorCount\": 4}, {\"concept\": \"Lu00edrico-u00c9pico\", \"errorDesc\": \"Esta en el Lu00edrico-u00c9pico y trato de agregar Personajes\", \"errorCount\": 5}, {\"concept\": \"u00c9pico\", \"errorDesc\": \"Esta en el u00c9pico y trato de agregar Otros\", \"errorCount\": 4}]}', 1, 0, '2023-09-29 15:01:26.149637', 10, '20b5ea2f-b760-41f6-8c5e-d16233317f95'),
('9cdec47b-da59-45be-85f9-2d930ddeb80e', '{\"replies\": [{\"init\": \"SBICM\", \"value\": 4, \"result\": 2, \"measure\": \"WHAJNLPNHW\", \"options\": [{\"count\": 0, \"answer\": \"ZNZNZ\"}, {\"count\": 0, \"answer\": \"PTJBU\"}, {\"count\": 2, \"answer\": \"JPSEY\"}]}]}', 6534623, 3, '{\"count\": 3, \"resume\": [{\"concept\": \"Tru00e1gico\", \"errorDesc\": \"Esta en el Tru00e1gico y trato de agregar Personajes\", \"errorCount\": 3}, {\"concept\": \"Cu00f3mico\", \"errorDesc\": \"Esta en el Cu00f3mico y trato de agregar Personajes\", \"errorCount\": 1}, {\"concept\": \"Cu00f3mico\", \"errorDesc\": \"Esta en el Cu00f3mico y trato de agregar Otros\", \"errorCount\": 5}]}', 0, 0, '2023-09-29 15:01:26.221318', 20, '7a45810e-2b99-4811-ae45-46ef841f636c'),
('9e55563c-3954-4208-b723-5d5cd4c140d7', '{\"replies\": [{\"init\": \"KRGXD\", \"value\": 4, \"result\": 2, \"measure\": \"UHVZRZUDUN\", \"options\": [{\"count\": 3, \"answer\": \"XXQLU\"}, {\"count\": 0, \"answer\": \"DFRTJ\"}, {\"count\": 1, \"answer\": \"WJOGW\"}]}]}', 572865, 5, '{\"count\": 9, \"resume\": [{\"concept\": \"Lu00edrico-Narrativo\", \"errorDesc\": \"Esta en el Lu00edrico-Narrativo y trato de agregar Personajes\", \"errorCount\": 2}, {\"concept\": \"Lu00edrico-u00c9pico\", \"errorDesc\": \"Esta en el Lu00edrico-u00c9pico y trato de agregar Personajes\", \"errorCount\": 1}, {\"concept\": \"Lu00edrico-Narrativo\", \"errorDesc\": \"Esta en el Lu00edrico-Narrativo y trato de agregar Personajes\", \"errorCount\": 3}]}', 1, 0, '2023-09-29 15:01:26.225501', 6, 'dfa975c5-7155-4726-8312-8015a0ff90d4'),
('9fa42110-5960-461e-957c-4bbd54dc26ab', '{\"replies\": [{\"init\": \"ATUGC\", \"value\": 2, \"result\": 1, \"measure\": \"WLBAGSFALR\", \"options\": [{\"count\": 5, \"answer\": \"SFXUL\"}, {\"count\": 0, \"answer\": \"SIULS\"}, {\"count\": 2, \"answer\": \"GUMKL\"}]}]}', 1792804, 4, '{\"count\": 6, \"resume\": [{\"concept\": \"Dramu00e1tico\", \"errorDesc\": \"Esta en el Dramu00e1tico y trato de agregar Personajes\", \"errorCount\": 4}, {\"concept\": \"Lu00edrico-u00c9pico\", \"errorDesc\": \"Esta en el Lu00edrico-u00c9pico y trato de agregar Personajes\", \"errorCount\": 1}, {\"concept\": \"u00c9pico-Narrativo\", \"errorDesc\": \"Esta en el u00c9pico-Narrativo y trato de agregar Otros\", \"errorCount\": 4}]}', 1, 1, '2023-09-29 15:01:26.167101', 24, '860ffefe-5425-46fe-a93f-0ac0a5342ce5'),
('9fe1af07-9e91-437f-8aa9-eaec1feaee7b', '{\"replies\": [{\"init\": \"WEYRY\", \"value\": 5, \"result\": 5, \"measure\": \"CELNEUTVAS\", \"options\": [{\"count\": 5, \"answer\": \"UZGMF\"}, {\"count\": 2, \"answer\": \"NLDQZ\"}, {\"count\": 3, \"answer\": \"CRCWT\"}]}]}', 815893, 1, '{\"count\": 9, \"resume\": [{\"concept\": \"Lu00edrico-Narrativo\", \"errorDesc\": \"Esta en el Lu00edrico-Narrativo y trato de agregar Mu00e9trica\", \"errorCount\": 4}, {\"concept\": \"Dramu00e1tico\", \"errorDesc\": \"Esta en el Dramu00e1tico y trato de agregar Personajes\", \"errorCount\": 3}, {\"concept\": \"u00c9pico-Narrativo\", \"errorDesc\": \"Esta en el u00c9pico-Narrativo y trato de agregar Otros\", \"errorCount\": 3}]}', 0, 1, '2023-09-29 15:01:26.193315', 12, '6b1efe04-896c-41b1-a55f-aacdb3ea8d19'),
('a34bc0a1-025d-4fa1-8598-9bd7326baee3', '{\"replies\": [{\"init\": \"OHSTB\", \"value\": 4, \"result\": 4, \"measure\": \"TCNZDGPVPC\", \"options\": [{\"count\": 1, \"answer\": \"PPVIK\"}, {\"count\": 3, \"answer\": \"HVAVC\"}, {\"count\": 2, \"answer\": \"KDJVF\"}]}]}', 597899, 8, '{\"count\": 9, \"resume\": [{\"concept\": \"Lu00edrico\", \"errorDesc\": \"Esta en el Lu00edrico y trato de agregar Mu00e9trica\", \"errorCount\": 1}, {\"concept\": \"Lu00edrico\", \"errorDesc\": \"Esta en el Lu00edrico y trato de agregar Personajes\", \"errorCount\": 3}, {\"concept\": \"u00c9pico\", \"errorDesc\": \"Esta en el u00c9pico y trato de agregar Mu00e9trica\", \"errorCount\": 1}]}', 0, 1, '2023-09-29 15:01:26.186512', 1, 'd8e7b713-02f0-4899-9b43-5a5438626ba2'),
('a8350979-6e24-402a-b429-27fbd645514c', '{\"replies\": [{\"init\": \"DMBJV\", \"value\": 1, \"result\": 1, \"measure\": \"LPRGQLEKGE\", \"options\": [{\"count\": 2, \"answer\": \"JHGDM\"}, {\"count\": 4, \"answer\": \"VCLFJ\"}, {\"count\": 5, \"answer\": \"NZORZ\"}]}]}', 517022, 4, '{\"count\": 7, \"resume\": [{\"concept\": \"Lu00edrico\", \"errorDesc\": \"Esta en el Lu00edrico y trato de agregar Otros\", \"errorCount\": 5}, {\"concept\": \"Cu00f3mico\", \"errorDesc\": \"Esta en el Cu00f3mico y trato de agregar Personajes\", \"errorCount\": 1}, {\"concept\": \"Narrativo\", \"errorDesc\": \"Esta en el Narrativo y trato de agregar Personajes\", \"errorCount\": 5}]}', 1, 1, '2023-09-29 15:01:26.154696', 8, '75ea4e54-0e1a-41aa-a027-35d513b9edf4');
INSERT INTO `gameplays` (`id`, `data`, `time`, `score`, `errors`, `abort`, `finish`, `created_on`, `activity_id`, `enrolment_id`) VALUES
('aabe81e3-c98b-461f-a123-40d9d3641b45', '{\"replies\": [{\"init\": \"ZGPGO\", \"value\": 0, \"result\": 4, \"measure\": \"CCJJOVMQLD\", \"options\": [{\"count\": 3, \"answer\": \"RHUHY\"}, {\"count\": 1, \"answer\": \"NZJRQ\"}, {\"count\": 5, \"answer\": \"QNGSK\"}]}]}', 16622, 7, '{\"count\": 8, \"resume\": [{\"concept\": \"Lu00edrico-Narrativo\", \"errorDesc\": \"Esta en el Lu00edrico-Narrativo y trato de agregar Personajes\", \"errorCount\": 1}, {\"concept\": \"Narrativo\", \"errorDesc\": \"Esta en el Narrativo y trato de agregar Mu00e9trica\", \"errorCount\": 1}, {\"concept\": \"Lu00edrico-u00c9pico\", \"errorDesc\": \"Esta en el Lu00edrico-u00c9pico y trato de agregar Personajes\", \"errorCount\": 2}]}', 1, 0, '2023-09-29 15:01:26.146398', 18, 'e6fc2a6a-e352-4387-919c-209eab32b0a7'),
('ad1d6dfc-904d-40bd-a2cd-6fb67892431c', '{\"replies\": [{\"init\": \"CWPFC\", \"value\": 5, \"result\": 5, \"measure\": \"NSGUYIXWRH\", \"options\": [{\"count\": 5, \"answer\": \"LWFRL\"}, {\"count\": 3, \"answer\": \"QNNTC\"}, {\"count\": 1, \"answer\": \"AUDYL\"}]}]}', 982898, 9, '{\"count\": 1, \"resume\": [{\"concept\": \"Lu00edrico\", \"errorDesc\": \"Esta en el Lu00edrico y trato de agregar Personajes\", \"errorCount\": 2}, {\"concept\": \"Lu00edrico-u00c9pico\", \"errorDesc\": \"Esta en el Lu00edrico-u00c9pico y trato de agregar Mu00e9trica\", \"errorCount\": 5}, {\"concept\": \"Lu00edrico-Narrativo\", \"errorDesc\": \"Esta en el Lu00edrico-Narrativo y trato de agregar Otros\", \"errorCount\": 3}]}', 0, 0, '2023-09-29 15:01:26.201354', 19, '276b8e59-9251-4ab5-9697-e3bb350fb266'),
('ae652ced-94d8-4641-bb88-d14577f01fea', '{\"replies\": [{\"init\": \"FIXID\", \"value\": 4, \"result\": 4, \"measure\": \"UAUNQFBHPT\", \"options\": [{\"count\": 2, \"answer\": \"HBLFF\"}, {\"count\": 5, \"answer\": \"YFZVQ\"}, {\"count\": 1, \"answer\": \"EXBMZ\"}]}]}', 654673, 7, '{\"count\": 1, \"resume\": [{\"concept\": \"u00c9pico-Narrativo\", \"errorDesc\": \"Esta en el u00c9pico-Narrativo y trato de agregar Otros\", \"errorCount\": 2}, {\"concept\": \"Lu00edrico-u00c9pico\", \"errorDesc\": \"Esta en el Lu00edrico-u00c9pico y trato de agregar Personajes\", \"errorCount\": 1}, {\"concept\": \"Narrativo\", \"errorDesc\": \"Esta en el Narrativo y trato de agregar Personajes\", \"errorCount\": 4}]}', 1, 1, '2023-09-29 15:01:26.200349', 23, '33619298-85d5-49b2-8f52-15e0e9d88737'),
('b516a087-5634-4f06-8238-aa804001d7f3', '{\"replies\": [{\"init\": \"QHRMU\", \"value\": 2, \"result\": 2, \"measure\": \"XKJTLHOPLB\", \"options\": [{\"count\": 4, \"answer\": \"CZRWQ\"}, {\"count\": 3, \"answer\": \"POVXP\"}, {\"count\": 4, \"answer\": \"GZMND\"}]}]}', 917183, 7, '{\"count\": 5, \"resume\": [{\"concept\": \"Narrativo\", \"errorDesc\": \"Esta en el Narrativo y trato de agregar Otros\", \"errorCount\": 3}, {\"concept\": \"Dramu00e1tico\", \"errorDesc\": \"Esta en el Dramu00e1tico y trato de agregar Otros\", \"errorCount\": 2}, {\"concept\": \"Lu00edrico\", \"errorDesc\": \"Esta en el Lu00edrico y trato de agregar Mu00e9trica\", \"errorCount\": 5}]}', 1, 1, '2023-09-29 15:01:26.229200', 6, '852d7cb5-ade2-45c4-8418-e351c0c1aec1'),
('b60ce0e4-14d8-478e-8163-caf9cbba8668', '{\"replies\": [{\"init\": \"VQOJE\", \"value\": 3, \"result\": 0, \"measure\": \"UARDOGKTFD\", \"options\": [{\"count\": 4, \"answer\": \"GHORM\"}, {\"count\": 0, \"answer\": \"QRDFA\"}, {\"count\": 3, \"answer\": \"HPOPD\"}]}]}', 98413, 8, '{\"count\": 10, \"resume\": [{\"concept\": \"Lu00edrico-u00c9pico\", \"errorDesc\": \"Esta en el Lu00edrico-u00c9pico y trato de agregar Mu00e9trica\", \"errorCount\": 1}, {\"concept\": \"Lu00edrico\", \"errorDesc\": \"Esta en el Lu00edrico y trato de agregar Mu00e9trica\", \"errorCount\": 3}, {\"concept\": \"Dramu00e1tico\", \"errorDesc\": \"Esta en el Dramu00e1tico y trato de agregar Personajes\", \"errorCount\": 3}]}', 0, 0, '2023-09-29 15:01:26.203247', 8, '9035cff6-8d3e-425e-a5fd-85b118b35ddc'),
('b64d4384-f4af-431c-8030-6ab04335960f', '{\"replies\": [{\"init\": \"PPUHP\", \"value\": 4, \"result\": 1, \"measure\": \"FEJUAULZJO\", \"options\": [{\"count\": 3, \"answer\": \"VJUKN\"}, {\"count\": 4, \"answer\": \"YBMND\"}, {\"count\": 1, \"answer\": \"FMHGU\"}]}]}', 60104, 5, '{\"count\": 2, \"resume\": [{\"concept\": \"Dramu00e1tico\", \"errorDesc\": \"Esta en el Dramu00e1tico y trato de agregar Mu00e9trica\", \"errorCount\": 1}, {\"concept\": \"Lu00edrico\", \"errorDesc\": \"Esta en el Lu00edrico y trato de agregar Personajes\", \"errorCount\": 3}, {\"concept\": \"u00c9pico-Narrativo\", \"errorDesc\": \"Esta en el u00c9pico-Narrativo y trato de agregar Mu00e9trica\", \"errorCount\": 4}]}', 1, 1, '2023-09-29 15:01:26.182233', 14, '58759f27-b81c-40d2-9009-3baeecdb428b'),
('b655e84b-7889-4f9b-89bc-4b52a213cfb9', '{\"replies\": [{\"init\": \"JGOTK\", \"value\": 5, \"result\": 5, \"measure\": \"GDIQNXTJSZ\", \"options\": [{\"count\": 4, \"answer\": \"QVIKP\"}, {\"count\": 0, \"answer\": \"LQPKS\"}, {\"count\": 2, \"answer\": \"TIDBZ\"}]}]}', 780123, 2, '{\"count\": 7, \"resume\": [{\"concept\": \"u00c9pico\", \"errorDesc\": \"Esta en el u00c9pico y trato de agregar Personajes\", \"errorCount\": 2}, {\"concept\": \"Narrativo\", \"errorDesc\": \"Esta en el Narrativo y trato de agregar Personajes\", \"errorCount\": 1}, {\"concept\": \"Cu00f3mico\", \"errorDesc\": \"Esta en el Cu00f3mico y trato de agregar Otros\", \"errorCount\": 2}]}', 1, 1, '2023-09-29 15:01:26.194164', 18, '860ffefe-5425-46fe-a93f-0ac0a5342ce5'),
('b68f93b8-88c3-4e03-a6d0-c9dfc1d223e2', '{\"replies\": [{\"init\": \"HMFEY\", \"value\": 1, \"result\": 1, \"measure\": \"FSXJYSQZCL\", \"options\": [{\"count\": 5, \"answer\": \"MGHUD\"}, {\"count\": 0, \"answer\": \"AAADT\"}, {\"count\": 4, \"answer\": \"GMCWH\"}]}]}', 101272, 9, '{\"count\": 9, \"resume\": [{\"concept\": \"u00c9pico-Narrativo\", \"errorDesc\": \"Esta en el u00c9pico-Narrativo y trato de agregar Otros\", \"errorCount\": 1}, {\"concept\": \"Narrativo\", \"errorDesc\": \"Esta en el Narrativo y trato de agregar Mu00e9trica\", \"errorCount\": 3}, {\"concept\": \"u00c9pico\", \"errorDesc\": \"Esta en el u00c9pico y trato de agregar Personajes\", \"errorCount\": 2}]}', 0, 0, '2023-09-29 15:01:26.205533', 9, '11e6d932-a2f8-4ca6-976c-5e3a4614843e'),
('b7148c88-5fc5-474f-b961-ec4340920a44', '{\"replies\": [{\"init\": \"BAHAT\", \"value\": 5, \"result\": 3, \"measure\": \"KTNKEMXMTY\", \"options\": [{\"count\": 3, \"answer\": \"ULBMT\"}, {\"count\": 2, \"answer\": \"MOALK\"}, {\"count\": 1, \"answer\": \"IBHBB\"}]}]}', 390806, 5, '{\"count\": 2, \"resume\": [{\"concept\": \"Lu00edrico-u00c9pico\", \"errorDesc\": \"Esta en el Lu00edrico-u00c9pico y trato de agregar Otros\", \"errorCount\": 1}, {\"concept\": \"Cu00f3mico\", \"errorDesc\": \"Esta en el Cu00f3mico y trato de agregar Personajes\", \"errorCount\": 4}, {\"concept\": \"Tru00e1gico\", \"errorDesc\": \"Esta en el Tru00e1gico y trato de agregar Personajes\", \"errorCount\": 1}]}', 0, 1, '2023-09-29 15:01:26.195060', 19, '66d73756-7b2c-4cc3-b8ba-9f2e1075af6c'),
('bce79fdb-42d9-4c6b-bf99-f0d4046f0c04', '{\"replies\": [{\"init\": \"LUNDV\", \"value\": 1, \"result\": 2, \"measure\": \"BFSWXELLAL\", \"options\": [{\"count\": 4, \"answer\": \"CDRAV\"}, {\"count\": 1, \"answer\": \"AJRWZ\"}, {\"count\": 1, \"answer\": \"SINVC\"}]}]}', 641928, 7, '{\"count\": 4, \"resume\": [{\"concept\": \"Tru00e1gico\", \"errorDesc\": \"Esta en el Tru00e1gico y trato de agregar Personajes\", \"errorCount\": 1}, {\"concept\": \"Lu00edrico-u00c9pico\", \"errorDesc\": \"Esta en el Lu00edrico-u00c9pico y trato de agregar Otros\", \"errorCount\": 2}, {\"concept\": \"Lu00edrico-u00c9pico\", \"errorDesc\": \"Esta en el Lu00edrico-u00c9pico y trato de agregar Personajes\", \"errorCount\": 1}]}', 0, 1, '2023-09-29 15:01:26.213903', 18, 'e3012478-fdf9-4f03-bdfa-f26f8612aebc'),
('c236c7af-8a20-4016-955c-89d78eec012b', '{\"replies\": [{\"init\": \"HZZKJ\", \"value\": 2, \"result\": 3, \"measure\": \"SXIUWUGBYQ\", \"options\": [{\"count\": 4, \"answer\": \"GUUFD\"}, {\"count\": 2, \"answer\": \"UGSSB\"}, {\"count\": 0, \"answer\": \"PIWMX\"}]}]}', 1135051, 7, '{\"count\": 10, \"resume\": [{\"concept\": \"Lu00edrico-Narrativo\", \"errorDesc\": \"Esta en el Lu00edrico-Narrativo y trato de agregar Personajes\", \"errorCount\": 2}, {\"concept\": \"Lu00edrico-Narrativo\", \"errorDesc\": \"Esta en el Lu00edrico-Narrativo y trato de agregar Otros\", \"errorCount\": 3}, {\"concept\": \"Cu00f3mico\", \"errorDesc\": \"Esta en el Cu00f3mico y trato de agregar Otros\", \"errorCount\": 3}]}', 1, 0, '2023-09-29 15:01:26.226452', 2, 'dd7ccff1-02e9-47a1-9644-eb43f96caa65'),
('c6caac1a-7947-4ae6-865a-4c32bb4d0d15', '{\"replies\": [{\"init\": \"UDHIG\", \"value\": 0, \"result\": 5, \"measure\": \"YWCJOMYZVH\", \"options\": [{\"count\": 0, \"answer\": \"AQMLN\"}, {\"count\": 2, \"answer\": \"ABRSN\"}, {\"count\": 2, \"answer\": \"RDDYS\"}]}]}', 89938, 6, '{\"count\": 3, \"resume\": [{\"concept\": \"Cu00f3mico\", \"errorDesc\": \"Esta en el Cu00f3mico y trato de agregar Otros\", \"errorCount\": 2}, {\"concept\": \"Lu00edrico-Narrativo\", \"errorDesc\": \"Esta en el Lu00edrico-Narrativo y trato de agregar Otros\", \"errorCount\": 1}, {\"concept\": \"Cu00f3mico\", \"errorDesc\": \"Esta en el Cu00f3mico y trato de agregar Mu00e9trica\", \"errorCount\": 4}]}', 1, 0, '2023-09-29 15:01:26.227514', 11, 'e6fc2a6a-e352-4387-919c-209eab32b0a7'),
('c960de3a-c4a9-4c73-88a0-dfa5a37bac6a', '{\"replies\": [{\"init\": \"PZNVX\", \"value\": 3, \"result\": 4, \"measure\": \"NTLVZJWPCL\", \"options\": [{\"count\": 1, \"answer\": \"CKCUM\"}, {\"count\": 4, \"answer\": \"ROIDB\"}, {\"count\": 2, \"answer\": \"BJNOK\"}]}]}', 483148, 2, '{\"count\": 10, \"resume\": [{\"concept\": \"Narrativo\", \"errorDesc\": \"Esta en el Narrativo y trato de agregar Personajes\", \"errorCount\": 1}, {\"concept\": \"Tru00e1gico\", \"errorDesc\": \"Esta en el Tru00e1gico y trato de agregar Mu00e9trica\", \"errorCount\": 1}, {\"concept\": \"Lu00edrico\", \"errorDesc\": \"Esta en el Lu00edrico y trato de agregar Mu00e9trica\", \"errorCount\": 2}]}', 1, 0, '2023-09-29 15:01:26.211114', 24, '3df2b9cf-dc02-4cf0-8fb3-736ba1acee6c'),
('ccca5206-addb-4ac1-ad55-34ec89f02a9b', '{\"replies\": [{\"init\": \"FAJVO\", \"value\": 4, \"result\": 5, \"measure\": \"DWVRYNZEQG\", \"options\": [{\"count\": 3, \"answer\": \"ZITUO\"}, {\"count\": 0, \"answer\": \"YTWEJ\"}, {\"count\": 3, \"answer\": \"IIKYC\"}]}]}', 409933, 9, '{\"count\": 5, \"resume\": [{\"concept\": \"u00c9pico-Narrativo\", \"errorDesc\": \"Esta en el u00c9pico-Narrativo y trato de agregar Mu00e9trica\", \"errorCount\": 2}, {\"concept\": \"Lu00edrico\", \"errorDesc\": \"Esta en el Lu00edrico y trato de agregar Personajes\", \"errorCount\": 5}, {\"concept\": \"Lu00edrico\", \"errorDesc\": \"Esta en el Lu00edrico y trato de agregar Mu00e9trica\", \"errorCount\": 1}]}', 0, 1, '2023-09-29 15:01:26.171955', 25, 'b31759e3-6fc2-43d0-a216-7718595cfb99'),
('cdd43849-7047-4db5-8af1-94c178b10758', '{\"replies\": [{\"init\": \"OEJEF\", \"value\": 1, \"result\": 2, \"measure\": \"KFAFTHYCZZ\", \"options\": [{\"count\": 1, \"answer\": \"ROQQB\"}, {\"count\": 5, \"answer\": \"JYJVL\"}, {\"count\": 1, \"answer\": \"JAPTB\"}]}]}', 556930, 2, '{\"count\": 3, \"resume\": [{\"concept\": \"Narrativo\", \"errorDesc\": \"Esta en el Narrativo y trato de agregar Otros\", \"errorCount\": 4}, {\"concept\": \"Cu00f3mico\", \"errorDesc\": \"Esta en el Cu00f3mico y trato de agregar Personajes\", \"errorCount\": 4}, {\"concept\": \"Narrativo\", \"errorDesc\": \"Esta en el Narrativo y trato de agregar Otros\", \"errorCount\": 1}]}', 1, 0, '2023-09-29 15:01:26.218909', 13, '2e57d4ee-4ea4-4644-9eba-a6c81c415874'),
('ce3f1cf6-2be7-4d09-8244-d1b7c1a585e4', '{\"replies\": [{\"init\": \"UKAII\", \"value\": 0, \"result\": 4, \"measure\": \"QOPKPLHYXC\", \"options\": [{\"count\": 5, \"answer\": \"OPQJG\"}, {\"count\": 0, \"answer\": \"LYIUP\"}, {\"count\": 3, \"answer\": \"WLTWC\"}]}]}', 3889270, 5, '{\"count\": 8, \"resume\": [{\"concept\": \"Lu00edrico-u00c9pico\", \"errorDesc\": \"Esta en el Lu00edrico-u00c9pico y trato de agregar Mu00e9trica\", \"errorCount\": 4}, {\"concept\": \"Narrativo\", \"errorDesc\": \"Esta en el Narrativo y trato de agregar Personajes\", \"errorCount\": 4}, {\"concept\": \"Tru00e1gico\", \"errorDesc\": \"Esta en el Tru00e1gico y trato de agregar Personajes\", \"errorCount\": 1}]}', 1, 1, '2023-09-29 15:01:26.212085', 6, 'dfa975c5-7155-4726-8312-8015a0ff90d4'),
('cedfbcb2-04e6-4078-9bed-1220dfeb666c', '{\"replies\": [{\"init\": \"VWNBG\", \"value\": 3, \"result\": 5, \"measure\": \"FXNAJLBNWM\", \"options\": [{\"count\": 0, \"answer\": \"WZDUF\"}, {\"count\": 1, \"answer\": \"PWPGQ\"}, {\"count\": 2, \"answer\": \"TQYJB\"}]}]}', 538263, 5, '{\"count\": 8, \"resume\": [{\"concept\": \"Lu00edrico-u00c9pico\", \"errorDesc\": \"Esta en el Lu00edrico-u00c9pico y trato de agregar Personajes\", \"errorCount\": 3}, {\"concept\": \"Lu00edrico\", \"errorDesc\": \"Esta en el Lu00edrico y trato de agregar Mu00e9trica\", \"errorCount\": 1}, {\"concept\": \"Dramu00e1tico\", \"errorDesc\": \"Esta en el Dramu00e1tico y trato de agregar Personajes\", \"errorCount\": 3}]}', 0, 1, '2023-09-29 15:01:26.140570', 11, 'f21b31ae-7067-46f4-85b5-b7abe0713964'),
('cf33ef4c-8d97-4572-95a3-5b102036acde', '{\"replies\": [{\"init\": \"MZGVZ\", \"value\": 4, \"result\": 1, \"measure\": \"RGDUSQJNLD\", \"options\": [{\"count\": 1, \"answer\": \"QZCIH\"}, {\"count\": 4, \"answer\": \"CBXML\"}, {\"count\": 2, \"answer\": \"TEGJS\"}]}]}', 966048, 2, '{\"count\": 3, \"resume\": [{\"concept\": \"Lu00edrico\", \"errorDesc\": \"Esta en el Lu00edrico y trato de agregar Personajes\", \"errorCount\": 4}, {\"concept\": \"u00c9pico\", \"errorDesc\": \"Esta en el u00c9pico y trato de agregar Otros\", \"errorCount\": 3}, {\"concept\": \"u00c9pico-Narrativo\", \"errorDesc\": \"Esta en el u00c9pico-Narrativo y trato de agregar Mu00e9trica\", \"errorCount\": 2}]}', 1, 1, '2023-09-29 15:01:26.173235', 11, '6b1efe04-896c-41b1-a55f-aacdb3ea8d19'),
('d4147635-123b-42cd-9d17-2e3c50e1a6e9', '{\"replies\": [{\"init\": \"NLMPN\", \"value\": 1, \"result\": 4, \"measure\": \"HMZKQSFPWX\", \"options\": [{\"count\": 0, \"answer\": \"ILDWF\"}, {\"count\": 1, \"answer\": \"ILJOP\"}, {\"count\": 1, \"answer\": \"JRUTR\"}]}]}', 830995, 3, '{\"count\": 6, \"resume\": [{\"concept\": \"Narrativo\", \"errorDesc\": \"Esta en el Narrativo y trato de agregar Otros\", \"errorCount\": 2}, {\"concept\": \"u00c9pico-Narrativo\", \"errorDesc\": \"Esta en el u00c9pico-Narrativo y trato de agregar Personajes\", \"errorCount\": 4}, {\"concept\": \"Lu00edrico-u00c9pico\", \"errorDesc\": \"Esta en el Lu00edrico-u00c9pico y trato de agregar Mu00e9trica\", \"errorCount\": 1}]}', 0, 1, '2023-09-29 15:01:26.213028', 12, '6b1efe04-896c-41b1-a55f-aacdb3ea8d19'),
('d49a424e-83be-4fb5-853b-caa828e10885', '{\"replies\": [{\"init\": \"QQALY\", \"value\": 2, \"result\": 1, \"measure\": \"TPOXRCSWYJ\", \"options\": [{\"count\": 5, \"answer\": \"VXBRU\"}, {\"count\": 1, \"answer\": \"DNCPY\"}, {\"count\": 0, \"answer\": \"ZALKO\"}]}]}', 80656, 8, '{\"count\": 3, \"resume\": [{\"concept\": \"Lu00edrico-u00c9pico\", \"errorDesc\": \"Esta en el Lu00edrico-u00c9pico y trato de agregar Otros\", \"errorCount\": 4}, {\"concept\": \"Dramu00e1tico\", \"errorDesc\": \"Esta en el Dramu00e1tico y trato de agregar Otros\", \"errorCount\": 3}, {\"concept\": \"Lu00edrico-u00c9pico\", \"errorDesc\": \"Esta en el Lu00edrico-u00c9pico y trato de agregar Mu00e9trica\", \"errorCount\": 1}]}', 0, 1, '2023-09-29 15:01:26.145359', 7, 'c04ac002-9a9d-4681-a7ca-a0f65d6a2b15'),
('d5d09cd6-9ede-4320-ada2-520e2b73d833', '{\"replies\": [{\"init\": \"ZOFOF\", \"value\": 2, \"result\": 2, \"measure\": \"XXOSRVIJKM\", \"options\": [{\"count\": 3, \"answer\": \"GDUDF\"}, {\"count\": 4, \"answer\": \"IMZOA\"}, {\"count\": 3, \"answer\": \"PKRID\"}]}]}', 17477, 1, '{\"count\": 7, \"resume\": [{\"concept\": \"Lu00edrico-u00c9pico\", \"errorDesc\": \"Esta en el Lu00edrico-u00c9pico y trato de agregar Personajes\", \"errorCount\": 4}, {\"concept\": \"Tru00e1gico\", \"errorDesc\": \"Esta en el Tru00e1gico y trato de agregar Personajes\", \"errorCount\": 5}, {\"concept\": \"Cu00f3mico\", \"errorDesc\": \"Esta en el Cu00f3mico y trato de agregar Otros\", \"errorCount\": 3}]}', 0, 1, '2023-09-29 15:01:26.156964', 13, '22a0d4a9-055e-4617-ae1e-2ebe78fc0417'),
('d9c19546-331f-428a-87c0-54ff9dc0fa50', '{\"replies\": [{\"init\": \"KMUZC\", \"value\": 0, \"result\": 2, \"measure\": \"LALPIODDJX\", \"options\": [{\"count\": 3, \"answer\": \"ZUBTC\"}, {\"count\": 4, \"answer\": \"OXTPQ\"}, {\"count\": 3, \"answer\": \"YUNUS\"}]}]}', 56906, 9, '{\"count\": 7, \"resume\": [{\"concept\": \"Tru00e1gico\", \"errorDesc\": \"Esta en el Tru00e1gico y trato de agregar Mu00e9trica\", \"errorCount\": 5}, {\"concept\": \"Narrativo\", \"errorDesc\": \"Esta en el Narrativo y trato de agregar Personajes\", \"errorCount\": 1}, {\"concept\": \"Narrativo\", \"errorDesc\": \"Esta en el Narrativo y trato de agregar Personajes\", \"errorCount\": 4}]}', 0, 1, '2023-09-29 15:01:26.175176', 10, '860ffefe-5425-46fe-a93f-0ac0a5342ce5'),
('dd47ce39-28be-4f4c-9d5d-4c1302db676c', '{\"replies\": [{\"init\": \"YWNSY\", \"value\": 2, \"result\": 1, \"measure\": \"UPFCMTMNKF\", \"options\": [{\"count\": 5, \"answer\": \"PYMST\"}, {\"count\": 5, \"answer\": \"LQEXO\"}, {\"count\": 0, \"answer\": \"WWJBR\"}]}]}', 6360, 6, '{\"count\": 5, \"resume\": [{\"concept\": \"u00c9pico-Narrativo\", \"errorDesc\": \"Esta en el u00c9pico-Narrativo y trato de agregar Personajes\", \"errorCount\": 5}, {\"concept\": \"Cu00f3mico\", \"errorDesc\": \"Esta en el Cu00f3mico y trato de agregar Otros\", \"errorCount\": 2}, {\"concept\": \"Cu00f3mico\", \"errorDesc\": \"Esta en el Cu00f3mico y trato de agregar Mu00e9trica\", \"errorCount\": 2}]}', 1, 1, '2023-09-29 15:01:26.168877', 10, '66d73756-7b2c-4cc3-b8ba-9f2e1075af6c'),
('e03d9500-c0a4-44df-a5e5-4a2ad15ebe69', '{\"replies\": [{\"init\": \"UBYNJ\", \"value\": 2, \"result\": 2, \"measure\": \"AOEZLQNWNB\", \"options\": [{\"count\": 1, \"answer\": \"FDQMG\"}, {\"count\": 3, \"answer\": \"EBTNY\"}, {\"count\": 4, \"answer\": \"BTBTI\"}]}]}', 9679, 3, '{\"count\": 1, \"resume\": [{\"concept\": \"Lu00edrico\", \"errorDesc\": \"Esta en el Lu00edrico y trato de agregar Personajes\", \"errorCount\": 4}, {\"concept\": \"u00c9pico-Narrativo\", \"errorDesc\": \"Esta en el u00c9pico-Narrativo y trato de agregar Personajes\", \"errorCount\": 5}, {\"concept\": \"Tru00e1gico\", \"errorDesc\": \"Esta en el Tru00e1gico y trato de agregar Otros\", \"errorCount\": 3}]}', 0, 0, '2023-09-29 15:01:26.192515', 4, '852d7cb5-ade2-45c4-8418-e351c0c1aec1'),
('e381f8f0-9496-4751-9c90-0cd76aff0656', '{\"replies\": [{\"init\": \"XKEIZ\", \"value\": 1, \"result\": 1, \"measure\": \"HQOHRXVYBC\", \"options\": [{\"count\": 1, \"answer\": \"VAERF\"}, {\"count\": 4, \"answer\": \"FVFRH\"}, {\"count\": 0, \"answer\": \"ZBIXC\"}]}]}', 4192856, 9, '{\"count\": 1, \"resume\": [{\"concept\": \"u00c9pico-Narrativo\", \"errorDesc\": \"Esta en el u00c9pico-Narrativo y trato de agregar Otros\", \"errorCount\": 5}, {\"concept\": \"Tru00e1gico\", \"errorDesc\": \"Esta en el Tru00e1gico y trato de agregar Personajes\", \"errorCount\": 1}, {\"concept\": \"u00c9pico\", \"errorDesc\": \"Esta en el u00c9pico y trato de agregar Personajes\", \"errorCount\": 4}]}', 0, 1, '2023-09-29 15:01:26.176176', 3, '3a8f530b-825e-4aa8-8641-6c7e63f2e85e'),
('e3e9c5ed-6b45-4bde-8e92-b5e259b9e223', '{\"replies\": [{\"init\": \"FGMUI\", \"value\": 4, \"result\": 3, \"measure\": \"VFQMCIMQKD\", \"options\": [{\"count\": 2, \"answer\": \"FUBZQ\"}, {\"count\": 5, \"answer\": \"ZTZHS\"}, {\"count\": 3, \"answer\": \"CNPWQ\"}]}]}', 18702, 2, '{\"count\": 8, \"resume\": [{\"concept\": \"u00c9pico-Narrativo\", \"errorDesc\": \"Esta en el u00c9pico-Narrativo y trato de agregar Mu00e9trica\", \"errorCount\": 4}, {\"concept\": \"u00c9pico-Narrativo\", \"errorDesc\": \"Esta en el u00c9pico-Narrativo y trato de agregar Personajes\", \"errorCount\": 5}, {\"concept\": \"u00c9pico-Narrativo\", \"errorDesc\": \"Esta en el u00c9pico-Narrativo y trato de agregar Otros\", \"errorCount\": 4}]}', 1, 0, '2023-09-29 15:01:26.184649', 25, '717f64cf-9c3f-43ac-9a48-e919c650d2f7'),
('e6a8ef94-9912-4aca-a0c6-bd5d083d10c4', '{\"replies\": [{\"init\": \"JIEMP\", \"value\": 2, \"result\": 4, \"measure\": \"ACFYXCJTIB\", \"options\": [{\"count\": 0, \"answer\": \"GZNRH\"}, {\"count\": 0, \"answer\": \"CCXGZ\"}, {\"count\": 4, \"answer\": \"KTTPQ\"}]}]}', 8902522, 3, '{\"count\": 1, \"resume\": [{\"concept\": \"Lu00edrico\", \"errorDesc\": \"Esta en el Lu00edrico y trato de agregar Personajes\", \"errorCount\": 4}, {\"concept\": \"Tru00e1gico\", \"errorDesc\": \"Esta en el Tru00e1gico y trato de agregar Personajes\", \"errorCount\": 1}, {\"concept\": \"Lu00edrico-u00c9pico\", \"errorDesc\": \"Esta en el Lu00edrico-u00c9pico y trato de agregar Otros\", \"errorCount\": 1}]}', 1, 1, '2023-09-29 15:01:26.204693', 25, 'f21b31ae-7067-46f4-85b5-b7abe0713964'),
('e94b016a-099c-434c-91ab-c6010931def1', '{\"replies\": [{\"init\": \"KSOYR\", \"value\": 4, \"result\": 2, \"measure\": \"ITYOPUOXYU\", \"options\": [{\"count\": 1, \"answer\": \"SXPGW\"}, {\"count\": 1, \"answer\": \"XTWMA\"}, {\"count\": 0, \"answer\": \"YCHXZ\"}]}]}', 6794856, 1, '{\"count\": 8, \"resume\": [{\"concept\": \"Lu00edrico-Narrativo\", \"errorDesc\": \"Esta en el Lu00edrico-Narrativo y trato de agregar Mu00e9trica\", \"errorCount\": 3}, {\"concept\": \"Lu00edrico-Narrativo\", \"errorDesc\": \"Esta en el Lu00edrico-Narrativo y trato de agregar Personajes\", \"errorCount\": 4}, {\"concept\": \"Lu00edrico-Narrativo\", \"errorDesc\": \"Esta en el Lu00edrico-Narrativo y trato de agregar Mu00e9trica\", \"errorCount\": 3}]}', 0, 1, '2023-09-29 15:01:26.135441', 11, '0bb0322f-d354-4cdf-80d0-755a91164ab4'),
('e9990a68-2102-4730-aa69-be874ad3cebc', '{\"replies\": [{\"init\": \"JXAEW\", \"value\": 0, \"result\": 3, \"measure\": \"EQDZQWMXHN\", \"options\": [{\"count\": 5, \"answer\": \"LGIHY\"}, {\"count\": 1, \"answer\": \"GTEFF\"}, {\"count\": 5, \"answer\": \"TEDUL\"}]}]}', 64729, 9, '{\"count\": 5, \"resume\": [{\"concept\": \"Dramu00e1tico\", \"errorDesc\": \"Esta en el Dramu00e1tico y trato de agregar Otros\", \"errorCount\": 3}, {\"concept\": \"u00c9pico-Narrativo\", \"errorDesc\": \"Esta en el u00c9pico-Narrativo y trato de agregar Mu00e9trica\", \"errorCount\": 5}, {\"concept\": \"Lu00edrico\", \"errorDesc\": \"Esta en el Lu00edrico y trato de agregar Otros\", \"errorCount\": 2}]}', 1, 1, '2023-09-29 15:01:26.166243', 14, '3df2b9cf-dc02-4cf0-8fb3-736ba1acee6c'),
('ea154422-9eb3-4d21-a89a-8ff609dba236', '{\"replies\": [{\"init\": \"MJKLD\", \"value\": 3, \"result\": 5, \"measure\": \"PSLASVMLVC\", \"options\": [{\"count\": 0, \"answer\": \"OSWHD\"}, {\"count\": 5, \"answer\": \"XQEGE\"}, {\"count\": 1, \"answer\": \"UMALY\"}]}]}', 367327, 6, '{\"count\": 2, \"resume\": [{\"concept\": \"u00c9pico-Narrativo\", \"errorDesc\": \"Esta en el u00c9pico-Narrativo y trato de agregar Otros\", \"errorCount\": 3}, {\"concept\": \"Tru00e1gico\", \"errorDesc\": \"Esta en el Tru00e1gico y trato de agregar Personajes\", \"errorCount\": 1}, {\"concept\": \"u00c9pico-Narrativo\", \"errorDesc\": \"Esta en el u00c9pico-Narrativo y trato de agregar Personajes\", \"errorCount\": 1}]}', 1, 0, '2023-09-29 15:01:26.158011', 16, '852d7cb5-ade2-45c4-8418-e351c0c1aec1'),
('eae0e6a8-1b6f-4e53-86d9-308c75e0bbcb', '{\"replies\": [{\"init\": \"NYADX\", \"value\": 1, \"result\": 3, \"measure\": \"VCRMJAUBDR\", \"options\": [{\"count\": 3, \"answer\": \"STBOV\"}, {\"count\": 1, \"answer\": \"CNWIZ\"}, {\"count\": 4, \"answer\": \"AGBXT\"}]}]}', 277484, 5, '{\"count\": 5, \"resume\": [{\"concept\": \"Lu00edrico-Narrativo\", \"errorDesc\": \"Esta en el Lu00edrico-Narrativo y trato de agregar Mu00e9trica\", \"errorCount\": 2}, {\"concept\": \"Narrativo\", \"errorDesc\": \"Esta en el Narrativo y trato de agregar Mu00e9trica\", \"errorCount\": 4}, {\"concept\": \"Dramu00e1tico\", \"errorDesc\": \"Esta en el Dramu00e1tico y trato de agregar Personajes\", \"errorCount\": 3}]}', 1, 0, '2023-09-29 15:01:26.187603', 2, 'd8e7b713-02f0-4899-9b43-5a5438626ba2'),
('eb693cad-0302-4ee3-9550-59607db74383', '{\"replies\": [{\"init\": \"DANYY\", \"value\": 2, \"result\": 2, \"measure\": \"WIGSALMVJW\", \"options\": [{\"count\": 2, \"answer\": \"VPHJZ\"}, {\"count\": 5, \"answer\": \"ANGJT\"}, {\"count\": 4, \"answer\": \"GOYSL\"}]}]}', 915821, 3, '{\"count\": 10, \"resume\": [{\"concept\": \"Lu00edrico-Narrativo\", \"errorDesc\": \"Esta en el Lu00edrico-Narrativo y trato de agregar Otros\", \"errorCount\": 3}, {\"concept\": \"Cu00f3mico\", \"errorDesc\": \"Esta en el Cu00f3mico y trato de agregar Personajes\", \"errorCount\": 1}, {\"concept\": \"Lu00edrico-Narrativo\", \"errorDesc\": \"Esta en el Lu00edrico-Narrativo y trato de agregar Personajes\", \"errorCount\": 1}]}', 0, 1, '2023-09-29 15:01:26.133304', 5, '7a45810e-2b99-4811-ae45-46ef841f636c'),
('eb6f5881-acb9-400b-92ce-fd1501b16a4d', '{\"replies\": [{\"init\": \"ZHYNP\", \"value\": 3, \"result\": 3, \"measure\": \"DMXESAWIVZ\", \"options\": [{\"count\": 0, \"answer\": \"LXRRH\"}, {\"count\": 3, \"answer\": \"NPTWO\"}, {\"count\": 2, \"answer\": \"ZCDMH\"}]}]}', 31791, 9, '{\"count\": 10, \"resume\": [{\"concept\": \"Lu00edrico-u00c9pico\", \"errorDesc\": \"Esta en el Lu00edrico-u00c9pico y trato de agregar Otros\", \"errorCount\": 5}, {\"concept\": \"Narrativo\", \"errorDesc\": \"Esta en el Narrativo y trato de agregar Personajes\", \"errorCount\": 1}, {\"concept\": \"Narrativo\", \"errorDesc\": \"Esta en el Narrativo y trato de agregar Otros\", \"errorCount\": 5}]}', 0, 1, '2023-09-29 15:01:26.131163', 2, 'cec83a47-8bab-41e9-b3fc-c3e37e743ae6'),
('efbc6a94-3e89-4f57-8197-d00a7dbcee90', '{\"replies\": [{\"init\": \"CTKLT\", \"value\": 5, \"result\": 2, \"measure\": \"GJBCFIXXIP\", \"options\": [{\"count\": 0, \"answer\": \"MPXNI\"}, {\"count\": 0, \"answer\": \"YEJFQ\"}, {\"count\": 5, \"answer\": \"AVTZX\"}]}]}', 6422046, 2, '{\"count\": 6, \"resume\": [{\"concept\": \"Tru00e1gico\", \"errorDesc\": \"Esta en el Tru00e1gico y trato de agregar Otros\", \"errorCount\": 2}, {\"concept\": \"Lu00edrico-u00c9pico\", \"errorDesc\": \"Esta en el Lu00edrico-u00c9pico y trato de agregar Otros\", \"errorCount\": 4}, {\"concept\": \"u00c9pico\", \"errorDesc\": \"Esta en el u00c9pico y trato de agregar Otros\", \"errorCount\": 3}]}', 1, 1, '2023-09-29 15:01:26.228376', 11, '1d6ff455-1f8e-4bcf-b97e-83997066fcc8'),
('f8bcec72-74f5-418e-9aad-5fff9927045d', '{\"replies\": [{\"init\": \"ZLQYU\", \"value\": 1, \"result\": 1, \"measure\": \"PQVSWSVJMS\", \"options\": [{\"count\": 5, \"answer\": \"OSLNZ\"}, {\"count\": 0, \"answer\": \"FPZIN\"}, {\"count\": 1, \"answer\": \"PRYIB\"}]}]}', 225626, 9, '{\"count\": 3, \"resume\": [{\"concept\": \"Cu00f3mico\", \"errorDesc\": \"Esta en el Cu00f3mico y trato de agregar Personajes\", \"errorCount\": 2}, {\"concept\": \"Lu00edrico\", \"errorDesc\": \"Esta en el Lu00edrico y trato de agregar Otros\", \"errorCount\": 4}, {\"concept\": \"Lu00edrico\", \"errorDesc\": \"Esta en el Lu00edrico y trato de agregar Personajes\", \"errorCount\": 5}]}', 1, 0, '2023-09-29 15:01:26.150452', 4, '546c970a-43fd-4513-a319-e1ae2ff5e247'),
('ff05e8d3-666f-4808-8603-9234f652638e', '{\"replies\": [{\"init\": \"QWYKG\", \"value\": 1, \"result\": 4, \"measure\": \"AJSEJNYPJK\", \"options\": [{\"count\": 5, \"answer\": \"JTPSR\"}, {\"count\": 0, \"answer\": \"KTOJR\"}, {\"count\": 5, \"answer\": \"AMATL\"}]}]}', 837554, 7, '{\"count\": 9, \"resume\": [{\"concept\": \"Narrativo\", \"errorDesc\": \"Esta en el Narrativo y trato de agregar Mu00e9trica\", \"errorCount\": 1}, {\"concept\": \"u00c9pico\", \"errorDesc\": \"Esta en el u00c9pico y trato de agregar Otros\", \"errorCount\": 5}, {\"concept\": \"Tru00e1gico\", \"errorDesc\": \"Esta en el Tru00e1gico y trato de agregar Personajes\", \"errorCount\": 3}]}', 1, 0, '2023-09-29 15:01:26.231266', 18, '22a0d4a9-055e-4617-ae1e-2ebe78fc0417');

INSERT INTO `gameplay_learning_results` (`id`, `result`, `performance_level`, `gameplay_id`, `activity_id`) VALUES
('00181228-9c77-428f-bdc8-e9ece94dd6f2', '100', 'Superior', 'eae0e6a8-1b6f-4e53-86d9-308c75e0bbcb', 2),
('02359e73-145e-4733-98be-a234cd588555', '100', 'Superior', '42e9963a-577f-4cd9-9e8e-f425f93671ec', 8),
('0b26138a-b834-4424-89c5-c2ff2befc9c2', '100', 'Superior', 'bce79fdb-42d9-4c6b-bf99-f0d4046f0c04', 18),
('0bc3f1a5-87ab-43f2-9e43-c95984577f2d', '100', 'Superior', 'b516a087-5634-4f06-8238-aa804001d7f3', 6),
('0fecf2e5-1977-40af-a42c-1af8392dec69', '100', 'Superior', 'e3e9c5ed-6b45-4bde-8e92-b5e259b9e223', 25),
('11ecdda2-3417-40d0-bc24-f9aa5a18ad8f', '100', 'Superior', 'ad1d6dfc-904d-40bd-a2cd-6fb67892431c', 19),
('129b97f3-86b4-4dcd-a55b-771ee98e8a97', '100', 'Superior', '79035bc7-4c25-4a33-8634-25c53c285a5c', 21),
('1dfc70c1-fffd-47ff-be82-96f351e90ae6', '100', 'Superior', 'ea154422-9eb3-4d21-a89a-8ff609dba236', 16),
('1e75cdf8-8f83-46a8-abaa-a5cf83d854b2', '100', 'Superior', 'b68f93b8-88c3-4e03-a6d0-c9dfc1d223e2', 9),
('1e8d5109-615e-4520-a6ef-8cf23a2c1cf2', '100', 'Superior', 'd4147635-123b-42cd-9d17-2e3c50e1a6e9', 12),
('1fe00a79-a0bb-4386-a5ee-d3a4b72f3108', '100', 'Superior', '3428d087-8d1f-49e8-8614-9fd263fdb851', 23),
('2201c888-2c83-40c1-b868-be15a967ec6a', '100', 'Superior', '5290686b-564f-4ea2-b5ba-8644f701310a', 24),
('264d71e8-94bf-46f7-b0dd-4235cadbc8b8', '100', 'Superior', '37d7f1b4-43ae-4954-a767-66119d1ce42a', 7),
('2688f08a-f9e7-4507-9feb-43a441348010', '100', 'Superior', 'eb693cad-0302-4ee3-9550-59607db74383', 5),
('29e4e1f4-4799-4a99-b28f-ee0a6561e335', '100', 'Superior', '2e6d9922-08e4-45e6-a822-e4554a57af28', 19),
('2a0a5cb0-8060-42b4-9720-9193d1ac9d0c', '100', 'Superior', '40a6899b-5329-4d35-9a72-38efbc7817d0', 1),
('2ae217ab-c502-4078-bb80-d11eaa1b72d0', '100', 'Superior', 'efbc6a94-3e89-4f57-8197-d00a7dbcee90', 11),
('2cd902a0-7635-4586-b700-e491b091e06e', '100', 'Superior', 'a34bc0a1-025d-4fa1-8598-9bd7326baee3', 1),
('2d71623c-d1b4-44bd-bad5-b4de764a24d4', '100', 'Superior', 'b7148c88-5fc5-474f-b961-ec4340920a44', 19),
('2ffd3aa1-cc4b-488f-86ee-1ea837298d3d', '100', 'Superior', '84d5abdb-9cd3-434e-954e-36df3a8ce134', 4),
('3084b040-4d09-431e-a19f-8d2c3f13e976', '100', 'Superior', 'b64d4384-f4af-431c-8030-6ab04335960f', 14),
('31e5d8fd-3ed9-4633-95b2-63b3cb7b6dd7', '100', 'Superior', 'e9990a68-2102-4730-aa69-be874ad3cebc', 14),
('390248b2-b380-4a9b-a2ca-909bca0a5e32', '100', 'Superior', 'cdd43849-7047-4db5-8af1-94c178b10758', 13),
('3c6b4694-2f7d-46c9-976b-1a9e19b3b84e', '100', 'Superior', '03b5b329-659f-4432-82af-57fd26df24a1', 25),
('41fa85e8-79d5-4059-88a2-57e6874b8b32', '100', 'Superior', '41fe7702-4dad-463e-8c77-740c2bdcc4ad', 9),
('449a8cf2-da76-46a6-9b22-d139c95d03fb', '100', 'Superior', '53e71265-54a1-4a53-9e7b-3e3ef5510d56', 23),
('45e2a522-ea75-4a83-8d55-082217b4876f', '100', 'Superior', 'ae652ced-94d8-4641-bb88-d14577f01fea', 23),
('480f2299-31b5-4dab-9423-bd919a3cf4c8', '100', 'Superior', 'aabe81e3-c98b-461f-a123-40d9d3641b45', 18),
('4c03047c-2040-4fbe-9283-f25e27f1688f', '100', 'Superior', '6ade5254-42de-4b0b-a188-56d183a47279', 23),
('4d087b80-b342-4c28-96c4-372a128fa75e', '100', 'Superior', '2d5a3b2d-109a-444f-8c4b-4fc092224d4c', 6),
('5137968a-e380-4b01-8ed1-e1818ef1f908', '100', 'Superior', '5b3954ec-e374-4ebd-8674-9a420558a1a7', 4),
('5343c0e9-5249-4e05-a837-3b5e8bfaf53d', '100', 'Superior', '52d3ac27-32a8-4bb3-b9d1-61134909648f', 5),
('5a4cf35b-76fc-414c-adbf-266244291832', '100', 'Superior', 'c236c7af-8a20-4016-955c-89d78eec012b', 2),
('5a9cc58c-dfe2-42e6-9e08-f9c6e25ae47a', '100', 'Superior', '86c0cc9c-fea4-4b41-85ff-7a01614f273d', 18),
('5b432a52-0b29-4108-9dfc-6f7a174f4443', '100', 'Superior', 'cedfbcb2-04e6-4078-9bed-1220dfeb666c', 11),
('61713959-c696-4dda-abe1-b5e6f8681126', '100', 'Superior', 'b60ce0e4-14d8-478e-8163-caf9cbba8668', 8),
('63197d85-a664-4701-9fd6-ee85d6864307', '100', 'Superior', '2e729b21-23b6-4071-9981-d4c6a1587996', 8),
('65d8b394-cfd6-44bb-8016-77f9daab7d91', '100', 'Superior', '384f04b0-b4e7-4252-9d63-3c1f975a1760', 12),
('6a2323ef-cd7f-43f8-ac3c-5cf33c31ca3b', '100', 'Superior', '8ad0dad0-2e4b-4cc6-88f2-366c2b25aaa6', 25),
('6c53d480-c21a-41fe-833a-f0c76abfdd0f', '100', 'Superior', '9fe1af07-9e91-437f-8aa9-eaec1feaee7b', 12),
('72c96b95-54b7-4958-9542-9aa4f4f139e7', '100', 'Superior', '34dc343a-a0fa-4915-9f04-17950efc97a9', 17),
('72dfbf8e-59b2-4b1c-a7e2-cf4a8a539c36', '100', 'Superior', '4af597e1-ca5c-4d8f-a24e-cc18565528f1', 19),
('7453176e-4ce7-492d-98e3-ea9352fe8c8c', '100', 'Superior', '0420a53d-abf8-4bac-9e04-addf44850ce4', 18),
('7544a2e6-ce08-4c9c-80b8-03beac0bb919', '100', 'Superior', '910dcbc4-5ffa-4e6b-a2a9-a69ccadfca56', 25),
('76cf5b1b-582d-4fdb-874f-77104b2d60dc', '100', 'Superior', '973eb265-e413-427a-a328-65d1bd5a0f50', 10),
('789b06db-6aa2-44fd-855b-c0fd96bcc4ee', '100', 'Superior', '2db68281-d06b-489e-947b-e4b10dce83db', 6),
('7937f142-ebc5-4b57-abe4-25fb2cc7906f', '100', 'Superior', '2700b2cb-6206-4de9-b162-45592f80f34a', 9),
('7b4de45e-862e-4fbf-a030-b97c8f2e423b', '100', 'Superior', '9e55563c-3954-4208-b723-5d5cd4c140d7', 6),
('7d7e0609-060a-420d-95a8-2459a003256a', '100', 'Superior', '96c35056-b39f-4736-98b5-3034906fec84', 13),
('7e3632b0-6a77-4cfe-8b19-4aad4c869362', '100', 'Superior', '352acf78-8894-4199-b115-0fb0becde793', 4),
('84f64803-81cb-4bb3-a4fb-21bd7c23ad6c', '100', 'Superior', '63426917-7ba5-44c6-b21a-123631d771b5', 14),
('86c08d40-1ca0-4717-b7a0-e473d354defa', '100', 'Superior', 'ccca5206-addb-4ac1-ad55-34ec89f02a9b', 25),
('88d4b976-e652-4c94-beac-5e1cfb45afe4', '100', 'Superior', '53405424-da27-423d-85d2-9ec0266915b8', 8),
('90e9eefb-5f06-49cc-8321-24dbd286da07', '100', 'Superior', 'b655e84b-7889-4f9b-89bc-4b52a213cfb9', 18),
('93c06846-c08d-4c14-9c74-331b6c0592a4', '100', 'Superior', '679ed084-a504-4c77-bc69-e95a74af96b9', 15),
('95a7a1ce-98f5-4baf-8f39-0e3a50f594a8', '100', 'Superior', 'e94b016a-099c-434c-91ab-c6010931def1', 11),
('9a49caa6-bcd1-4324-9b04-776ff7c0ed35', '100', 'Superior', '0a87966b-ca68-4796-92c8-e6c45e63dcfd', 24),
('9d578723-7062-4b53-9aa8-a919af470640', '100', 'Superior', 'd9c19546-331f-428a-87c0-54ff9dc0fa50', 10),
('a07e2bb3-fe82-46a2-acf8-6e9b91c11166', '100', 'Superior', '2487e722-a7d1-481c-92b6-4fa3f87ea558', 18),
('a094d11e-71d4-48c2-b273-c92328c2c035', '100', 'Superior', '6d1547ac-775a-4fbb-9a21-652222e3bcbf', 12),
('a1553030-62db-4ec6-b9d8-a1c5a2f809f3', '100', 'Superior', '0c1a4c20-741d-456f-8567-8fff0e772179', 3),
('a2e74991-56e1-431c-a5c9-754a48d8459b', '100', 'Superior', '167f8330-a410-4ba2-8f6d-a89013a7ca96', 12),
('ac04c798-ed91-4747-a9b4-278aeccda78a', '100', 'Superior', '2ddb5b7c-bdd5-487e-a769-4a8b26a75d17', 6),
('aef8e576-fc37-4e15-b8d8-75ec89679860', '100', 'Superior', '71f3d17d-8a20-4ee5-ba02-6b3805ece9b0', 15),
('b2404a76-188e-47c2-8e58-ac4606d5cbb2', '100', 'Superior', 'a8350979-6e24-402a-b429-27fbd645514c', 8),
('b2b3b13c-4fdd-42a1-a6ae-a7a8a01cd523', '100', 'Superior', '9fa42110-5960-461e-957c-4bbd54dc26ab', 24),
('b538d6ac-487c-4388-9276-9b54d4ab5f92', '100', 'Superior', 'ff05e8d3-666f-4808-8603-9234f652638e', 18),
('b6aea563-321d-40d8-ab18-65ea59ed69ee', '100', 'Superior', '0bafb589-35c9-46c1-a21c-3639873b69fc', 18),
('b754e96c-fda6-4540-8e72-2c6507bbf06b', '100', 'Superior', 'd49a424e-83be-4fb5-853b-caa828e10885', 7),
('b81d0f86-1a5b-4b6b-bcda-5309d31f5e7c', '100', 'Superior', '49799f3a-ab84-4c21-8b12-5be3646cb085', 1),
('b925ce8b-3a28-4977-9326-69294f7edff7', '100', 'Superior', 'c6caac1a-7947-4ae6-865a-4c32bb4d0d15', 11),
('b93198c6-34ef-4d7f-9680-7b11e5accced', '100', 'Superior', '9cdec47b-da59-45be-85f9-2d930ddeb80e', 20),
('ba7a80be-7b59-40de-b6f7-cf8136d8a96b', '100', 'Superior', 'ce3f1cf6-2be7-4d09-8244-d1b7c1a585e4', 6),
('bbdac867-e1a4-48d5-aec7-79226381234c', '100', 'Superior', 'f8bcec72-74f5-418e-9aad-5fff9927045d', 4),
('bd753d9a-c9f6-4707-89cd-2764e2cd048e', '100', 'Superior', '85094e01-c44e-469a-8353-43ac43c6c778', 12),
('c2353fb7-5440-4b5f-8951-4d619634287b', '100', 'Superior', '90567fa9-43b1-469c-b4ff-fd0f048e0252', 18),
('c3317d35-8c0b-4130-95a1-a5dc961da9f6', '100', 'Superior', '83a447a7-e0f4-4e82-a37c-5d47b626ddb9', 14),
('c9e6d87e-cacd-403d-9104-485e2829ab34', '100', 'Superior', '89e8a83d-03cd-4a80-8f85-6e9d3987a284', 14),
('c9f3c22e-eb89-4ad3-ba7d-a6768ece5e9d', '100', 'Superior', 'e381f8f0-9496-4751-9c90-0cd76aff0656', 3),
('ce03dd21-1943-4e47-8d35-b9e2c2c80bd0', '100', 'Superior', '1ca867fe-e102-4f03-bebc-17407de64d20', 15),
('d30ab6c1-3321-41a6-9524-a6706074ba26', '100', 'Superior', '918530ac-ea22-4495-a561-0890f8fa413b', 19),
('d48c009e-b303-407c-b57c-73706cbfb853', '100', 'Superior', '430874e7-1e47-48ad-8270-3639291db2de', 18),
('d5389d11-8262-4c7c-8725-0fa2e700d82c', '100', 'Superior', '09f4adf3-79db-4b7b-97e1-aa69378947f5', 4),
('d5c4ef60-f72b-49ae-8725-4caaf8adb46f', '100', 'Superior', '69d0522e-9579-417f-bd7a-fbab53652401', 12),
('d7fa9f7d-eeb8-47d8-b160-331a9ae6e6e9', '100', 'Superior', 'e6a8ef94-9912-4aca-a0c6-bd5d083d10c4', 25),
('debf2a57-c777-4d5e-b6fe-09f96773e016', '100', 'Superior', '6cf8b4b9-b480-4dcc-b8ba-e0cf4c7d1de4', 4),
('e0f4dbc6-ecc2-4834-abe0-6d5e5e15a40d', '100', 'Superior', 'dd47ce39-28be-4f4c-9d5d-4c1302db676c', 10),
('e10c7315-206b-4b73-99f4-f8c793f5425d', '100', 'Superior', '039b04f8-ede9-4771-911c-5b602fd5e582', 17),
('e430686e-3434-4368-ae27-dfc7f7a57ba8', '100', 'Superior', 'cf33ef4c-8d97-4572-95a3-5b102036acde', 11),
('e43cd11e-843f-4130-a543-dcdf2ea5c6ec', '100', 'Superior', 'd5d09cd6-9ede-4320-ada2-520e2b73d833', 13),
('e58a3571-6e2d-4463-89b3-71b3640d501c', '100', 'Superior', 'e03d9500-c0a4-44df-a5e5-4a2ad15ebe69', 4),
('eed97140-d818-4320-b633-f212b3b06cde', '100', 'Superior', '0aaef050-5da6-47d5-94bc-945976e83bba', 10),
('efd23adf-be7b-4f1c-827a-b594c73c434f', '100', 'Superior', '32b4322d-1f3d-4145-b817-54652edd5259', 9),
('f0331dc4-866d-47eb-b4b2-6b83160f12ac', '100', 'Superior', '48b4e1f0-e8d0-497b-9186-dbc310eeb84e', 19),
('f5a0b769-7b4a-403d-b2ec-5200a0bafa69', '100', 'Superior', '1122eb00-d7a3-44cb-bcc9-50761f13a32b', 25),
('f668f1c5-97a8-4da2-a010-a0544ed314a0', '100', 'Superior', 'eb6f5881-acb9-400b-92ce-fd1501b16a4d', 2),
('facf40f8-d7e3-4f08-9feb-c08f803c6678', '100', 'Superior', '2ad37cfb-185a-4df4-b23c-aebf693198a5', 14),
('fb19a53f-b709-4788-9a77-52da27d122b3', '100', 'Superior', '85a31e16-71dd-454b-a0fc-8f0a06a8ed29', 2),
('fc3c172a-98e8-47eb-a696-405949add5f7', '100', 'Superior', '2f082c75-fd3b-40e0-86ff-8ab3456995ba', 20),
('fd29f662-0720-4a42-bec2-cc878f34a01e', '100', 'Superior', 'c960de3a-c4a9-4c73-88a0-dfa5a37bac6a', 24);

INSERT INTO `grades` (`id`, `num`, `name`) VALUES
(10, 0, 'Transicion'),
(11, 1, 'Primero'),
(12, 2, 'Segundo'),
(13, 3, 'Tercero'),
(14, 4, 'Cuarto'),
(15, 5, 'Quinto'),
(16, 6, 'Sexto'),
(17, 7, 'Septimo'),
(18, 8, 'Octavo'),
(19, 9, 'Noveno'),
(20, 10, 'Decimo'),
(21, 11, 'Once');

INSERT INTO `grades_groups` (`id`, `name`, `grade_id`, `group_id`) VALUES
(1, '10-2501', 20, 1),
(2, '11-1101', 21, 2),
(3, '10-1001', 20, 3),
(4, '10-1003', 20, 4),
(5, '10-1002', 20, 5),
(6, '9-901', 19, 6),
(7, '8-801', 18, 7),
(8, '6-602', 16, 8),
(9, '5-501', 15, 9),
(10, '4-401', 14, 10),
(11, '4-403', 14, 11),
(12, '3-301', 13, 12),
(13, '3-303', 13, 13),
(14, '2-206', 12, 14),
(15, '2-201', 12, 15),
(16, '2-204', 12, 16),
(17, '2-203', 12, 17),
(18, '3-305', 13, 18),
(19, '0-1', 10, 19),
(20, '1-101', 11, 20),
(21, '1-108', 11, 21),
(22, '2-205', 12, 22),
(23, '0-2', 10, 23);

INSERT INTO `groups` (`id`, `name`) VALUES
(1, '2501'),
(2, '1101'),
(3, '1001'),
(4, '1003'),
(5, '1002'),
(6, '901'),
(7, '801'),
(8, '602'),
(9, '501'),
(10, '401'),
(11, '403'),
(12, '301'),
(13, '303'),
(14, '206'),
(15, '201'),
(16, '204'),
(17, '203'),
(18, '305'),
(19, '1'),
(20, '101'),
(21, '108'),
(22, '205'),
(23, '2');

INSERT INTO `imgs` (`id`, `hashable`, `name`) VALUES
('0046571c-f33b-4b19-b515-e46cf035b1f4', 'ByJ$Cq]g6e%>kALHrm', '/picpass_22.png'),
('10858c44-a460-488f-adfe-8daee2858cb1', 'UD2Z^5;RQWv}B6hmuN', '/picpass_25.png'),
('1316ab69-2cf8-4247-97d1-0ed3eaa24c2e', 'EB$6GbPuUv7;/+8@jq', '/picpass_20.png'),
('13d7b3dd-a615-4f2c-8903-7dedebc4cf26', 'NSQ3jVFWHE>sn4b@#q', '/picpass_39.png'),
('1458a7d5-74a9-447d-bc82-faa4afc19c08', 'C4VJh9Ulb$@yRl7v%w', '/picpass_1.png'),
('1c26bc81-2900-46b3-83a0-110f82921085', 'fK=%4&6ySALtW@Zm*C', '/picpass_46.png'),
('1e9c3d9a-5859-4144-9796-0135652a6821', 'TC_5;M*r4e]6s7YHa/', '/picpass_50.png'),
('284c9490-d2eb-4c41-a8a4-801a672aa910', 'HM-yAsL}&2k>6fb<vP', '/picpass_55.png'),
('2c642643-d567-4368-8f6b-cd2f230a70d1', 'g4>D/@]XFbk-anC<ch', '/picpass_14.png'),
('2d683d41-eff8-443b-b9f9-93bdb136b879', 'hqd4Z@83jAEg9QJmUu', '/picpass_60.png'),
('2dbd5a41-cc84-41a5-82a4-573740a55f39', 'N3BW/uksLy<;wq6pGe', '/picpass_32.png'),
('3046a18e-bff5-43a2-8ae7-86e28fa4762c', 'K~?bx37<s&my4Aj9C[', '/picpass_40.png'),
('3066dd93-d404-4c83-9439-59073820b07b', 'hT+YA;n5zsBZpd{#U^', '/picpass_18.png'),
('30ec7321-5710-416a-ba9a-1be7dc46d495', 'q2u/k5X!~F+&x]48Jd', '/picpass_44.png'),
('328ff8ff-c23d-455f-993c-ae3999c168db', 'R>D4dNqykzZc7pExwH', '/picpass_56.png'),
('34661331-3ea4-4799-9212-084c093757ec', 'v*y9#k&QwN>X{ELPAg', '/picpass_42.png'),
('367d2140-09af-4353-a9f1-378f285de0eb', 'X3}YK^B[$?ZMj;d7Tv', '/picpass_48.png'),
('39722153-ca6e-4c76-83b6-02a57546d777', 'RUwD<y8E~HKtxX;?AF', '/picpass_34.png'),
('3ceec9e5-0d67-4411-962d-2e10ba93224d', 'pM!_gWc%SyT6kRY*QL', '/picpass_54.png'),
('3f9bfab2-5277-4f2b-894c-a5172af7f252', 'tm?SYgd4B3~p_s<bvF', '/picpass_45.png'),
('44ab477c-61f1-4ae9-a32b-a42bc68d42df', 'RhC5[k>Y^bB+QHyv8X', '/picpass_8.png'),
('47ce1da5-881b-48ef-90d3-f822cdfae469', 'sy8V*7+FtdGJP%_$mh', '/picpass_52.png'),
('49255563-5e03-4232-8f7a-ed01a6f2a641', 'vg3fy~;J2/N}zG5e^u', '/picpass_13.png'),
('49759f60-723f-4888-8816-2ab7ab9fcfbf', '66HZ#$!FTi96ASb%iU', '/picpass_2.png'),
('5a466144-ebb1-4f0e-aa8e-a85cd4d36a00', 't5wBVhoKh4E4K7Y7i*', '/picpass_3.png'),
('5b443864-933d-48c6-b5f3-ba357bd8a9a8', 'rD3e=HQ;k<sGy!^8Nm', '/picpass_24.png'),
('5e3bb68f-0b19-4d9a-9937-1a60be0a6a7e', 'uU<XS!jrQ96w7Jyh5[', '/picpass_11.png'),
('5fb27232-d44d-407a-8975-d90a7df6765a', 'Z2]#RCEYT-}7tjf~Da', '/picpass_5.png'),
('62000c17-dbee-4426-851e-9043b73420de', 'AHbsYc{gk+xnh2fD%F', '/picpass_21.png'),
('6d2467f5-05b8-4a16-afdb-d95cea3a19e6', 'Lgka5JAG-SB}Qu6sp8', '/picpass_57.png'),
('74fc44a4-8914-47ac-aad3-958725f219b9', 'xUJ*~2&6z8+TwMfZA7', '/picpass_15.png'),
('78a43b9f-53e1-4f66-85e2-96aa85875b83', 'bgM*kYjXx2K$wHA85c', '/picpass_6.png'),
('7d66a533-d853-4dfd-b0e3-25068cfef12f', 'U2V&;7_W[g+9w$}QfK', '/picpass_23.png'),
('7e7bfa23-4485-4cf6-9acf-e055fa257d91', 'S?VZy2fFb[%dsLT=qH', '/picpass_43.png'),
('7ec0ca44-e2ec-48cd-8152-cbb52024f221', 'm{ZCc85-7=nt_F9%4h', '/picpass_59.png'),
('7f0e9d46-f2e6-41d5-b0a4-00aa03a79aa0', 'wYM=8C4<U6[^2F~f;V', '/picpass_35.png'),
('82ecf78c-d2a8-4408-96e8-291221cbef7c', 'y{/EvLWd^*54=>B!q_', '/picpass_17.png'),
('8496bb04-8170-462d-8db5-7b73857756c1', 'v$AEj4ZSV}{W+Kan2r', '/picpass_26.png'),
('84c5cc6a-dae9-4433-ac7d-b418af53c6e3', 'A=w469QWZhe&}3L5]G', '/picpass_33.png'),
('8c54035d-8eed-4e8f-8c0a-29d7b88a391c', 'C=5qfcv32r^mNBYQ*b', '/picpass_7.png'),
('945931a8-01ce-4481-820c-8cc6a1ace067', 'C<*7T%3->bS5dxRJz[', '/picpass_53.png'),
('9ad79165-4491-46ed-abd5-9d5d12fd8e8f', 'WCdA5H9EN/S_XD4Kmx', '/picpass_41.png'),
('9da8f37b-f3b6-4d70-95bc-e45367ab942a', 'G?JA2Cp~8skLmB-*n7', '/picpass_19.png'),
('9edab562-cc92-4764-9b94-fceee70ad59b', 'U@$6]mb?{_9CtZH~p+', '/picpass_10.png'),
('abff6aa0-c432-4e2a-9b71-fd8a3b6b50fe', 'rnS>JyGkHa[6W7;8}&', '/picpass_36.png'),
('b719e833-4092-4eca-bf72-5128752f3f48', 'E{Gj39cy-CA]azeZBr', '/picpass_37.png'),
('b997e3ef-3cfe-424a-aa36-54770369a759', 'uS6<f-+@k=s_t3L#Gq', '/picpass_12.png'),
('ba4dadac-ba88-4668-85b5-9da62577e4eb', 'GKYB;Zw{4@EqcW3>n!', '/picpass_38.png'),
('bc127378-72a3-475a-ae0a-0bb946db7f5c', 'TvqD/}4{x2jhr?gRmB', '/picpass_16.png'),
('bc9f03c4-2993-490a-830b-b4dd8a07a8c0', 'by_2VMU}~7^K>%cCqG', '/picpass_4.png'),
('c7b5afab-c0f3-40d3-a9fb-1c0d317301ec', 'tNx4v7cZm*3Yy=D$%F', '/picpass_29.png'),
('ca0b833e-8546-4ae2-ba90-4bbb36537a42', 'JhPYd*M=KW]7@3GT6{', '/picpass_30.png'),
('cf989138-e7d2-4172-9dd3-4af6e6aed369', 'wu*n8XqAC$#UM9}<ra', '/picpass_51.png'),
('e2168927-c519-47da-b670-5ddb051ecdea', 'vtfUyY$JTC!2@qD9G_', '/picpass_9.png'),
('e3579e04-1be5-4b08-968b-398f7ce6a798', 'yQjDK$AJZP4p=v*3/<', '/picpass_47.png'),
('eb7d3310-70a8-41d4-88dd-90df46264f91', 'E/^tX*n!}Rq&PvT<2h', '/picpass_49.png'),
('f2cf00be-e0f3-416b-a5e7-8da6cff4b267', 'FmjHgAKq97&aRVc~_$', '/picpass_58.png'),
('f3853cbf-6716-4acf-a4b5-6d50a3447319', 'wS}ep2=^Cq&6]-YPf+', '/picpass_31.png'),
('f5e05ebd-b433-4fb6-8367-40e068e2f541', 'zF]aH84;MPAG{N%^q2', '/picpass_28.png'),
('f7e16012-0928-4909-974e-ddbe99bfb49f', 'b%GJh@n3>N-4+5f}Mx', '/picpass_27.png');

INSERT INTO `imgs_users` (`id`, `img_id`, `user_id`) VALUES
('0189116c-6a05-4cd7-9c62-73897ab3520d', '0046571c-f33b-4b19-b515-e46cf035b1f4', 115922),
('0a4f2b96-14a9-45e1-a05a-c06c4d2477d1', '0046571c-f33b-4b19-b515-e46cf035b1f4', 99679),
('2837e5f4-8355-4ed3-a326-88cecb6352d7', '0046571c-f33b-4b19-b515-e46cf035b1f4', 106557),
('29ea9acc-12bb-4988-940c-b0bec5f1e9db', '0046571c-f33b-4b19-b515-e46cf035b1f4', 99195),
('34434abb-a204-4af8-b2aa-47a5dc727042', '0046571c-f33b-4b19-b515-e46cf035b1f4', 101849),
('3cc8f1d8-39b6-4fc0-9413-5ee64d210854', '0046571c-f33b-4b19-b515-e46cf035b1f4', 117635),
('3f81fc09-f3b0-4207-b4a1-9b6ff2341d47', '0046571c-f33b-4b19-b515-e46cf035b1f4', 118226),
('4d98c4eb-40b1-4a6a-b648-dc702f90e578', '0046571c-f33b-4b19-b515-e46cf035b1f4', 121725),
('4f6cdddd-b1e4-44c6-a9b9-1aa5be6aef1a', '0046571c-f33b-4b19-b515-e46cf035b1f4', 96666),
('544594ee-8b91-4402-b11d-decfcc21d8e3', '0046571c-f33b-4b19-b515-e46cf035b1f4', 97772),
('54e0af17-cc0d-40ca-b3ee-c78a720d6568', '0046571c-f33b-4b19-b515-e46cf035b1f4', 107583),
('57fde627-0a77-4568-92a1-ff66d3dbf9bc', '0046571c-f33b-4b19-b515-e46cf035b1f4', 117908),
('62fd44df-20fd-4c63-927c-8471a4c5df38', '0046571c-f33b-4b19-b515-e46cf035b1f4', 105069),
('63e0564e-7f46-40d2-b669-e99bba5adc36', '0046571c-f33b-4b19-b515-e46cf035b1f4', 120464),
('68920e29-3074-4f80-8d2b-34a3c98f1f2f', '0046571c-f33b-4b19-b515-e46cf035b1f4', 120307),
('7edf254c-99d4-47eb-8bfb-f22f5fc118e3', '0046571c-f33b-4b19-b515-e46cf035b1f4', 121621),
('899b0194-c49f-4dad-a920-6994144e52f1', '0046571c-f33b-4b19-b515-e46cf035b1f4', 104885),
('9389ba34-576d-4936-8778-55f68240234e', '0046571c-f33b-4b19-b515-e46cf035b1f4', 112637),
('974f2e21-517d-467c-bc18-5a6bb4291042', '0046571c-f33b-4b19-b515-e46cf035b1f4', 106958),
('9a1794e7-ad57-45f0-850c-ed1ebaa77604', '0046571c-f33b-4b19-b515-e46cf035b1f4', 108969),
('adb6c308-9317-4f66-9eb9-91277daecced', '0046571c-f33b-4b19-b515-e46cf035b1f4', 98666),
('adf1fb24-3950-4f78-a3e9-266276b7fbc5', '0046571c-f33b-4b19-b515-e46cf035b1f4', 121894),
('b3f3b5db-b699-4c23-8ceb-fbfb5c0f72a8', '0046571c-f33b-4b19-b515-e46cf035b1f4', 122310),
('b6900262-432d-4221-9286-d2204ceceb9a', '0046571c-f33b-4b19-b515-e46cf035b1f4', 120001),
('c1b862f9-b0e1-409d-9a05-95aef4a27b87', '0046571c-f33b-4b19-b515-e46cf035b1f4', 119592),
('c5599aad-0044-4058-b6f2-654cfb7375b0', '0046571c-f33b-4b19-b515-e46cf035b1f4', 120956),
('cae7e66b-1521-49a7-b8c4-a5ca4f601e4d', '0046571c-f33b-4b19-b515-e46cf035b1f4', 97660),
('cdaa0c1d-8609-49b8-8eb8-0578cef3c077', '0046571c-f33b-4b19-b515-e46cf035b1f4', 103535),
('f980b1b2-9325-434e-b982-c9f80d470b21', '0046571c-f33b-4b19-b515-e46cf035b1f4', 116848);

INSERT INTO `institutions` (`id`, `name`, `dane_code`) VALUES
(100, 'IE ATENEO', '176563000024'),
(101, 'IE FRANCISCO ANTONIO ZEA', '176563000091'),
(102, 'IE ALFREDO POSADA CORREA', '176563000822'),
(103, 'I.E. MERCEDES ABREGO', '276563000045'),
(104, 'IE ESCUELA NORMAL SUPERIOR MIGUEL DE CERVANTES SAAVEDRA', '176318000264'),
(105, 'IE ALFONSO ZAWADZKY', '176890000305'),
(106, 'IE MANUELA BELTRAN', '276306000174'),
(107, 'IE SAN JUAN BOSCO', '276890000237'),
(108, 'IE JOSE FELIX RESTREPO', '176606000163'),
(109, 'IE RODRIGO LLOREDA CAICEDO', '276130000628'),
(110, 'IE GABRIELA MISTRAL', '276890000091'),
(111, 'IE EL PLACER', '276041000746'),
(112, 'IE SANTA ANA DE LOS CABALLEROS', '176041000016'),
(113, 'IE SANTA INES', '276041000363'),
(114, 'QUEBRADAGRANDE', '276400000609'),
(115, 'IE NORMAL SUPERIOR NUESTRA SEÑORA DE LAS MERCEDES', '176895000109'),
(116, 'IE MAGDALENA ORTEGA', '176400000043'),
(117, 'IE NORMAL SUPERIOR JORGE ISAACS', '176622000084'),
(118, 'IE BETANIA', '276100000704'),
(119, 'IE EL AGUILA', '176243000026'),
(120, 'IE SANTA MARTA', '276243000497'),
(121, 'IE MANUEL DOLORES MONDRAGON', '176100000254'),
(122, 'IE LA TULIA', '276100000518'),
(123, 'IE PRIMAVERA', '276100000259'),
(124, 'IE CARLOS HOLGUIN SARDI', '276863000543'),
(125, 'IE BELISARIO PEÑA PIÑEIRO', '176622000068'),
(126, 'IE GILBERTO ALZATE AVENDAÑO.', '176054000023'),
(127, 'IE JOSE MARIA CORDOBA', '276275000154'),
(128, 'IE HERNANDO LLORENTE ARROYO', '276616000581'),
(129, 'IE ARTURO GOMEZ JARAMILLO', '476020000249'),
(130, 'IE BOLIVARIANO', '176122000380'),
(131, 'IE PEDRO FERMIN DE VARGAS', '276233001029'),
(132, 'IE LUIS GABRIEL UMAÑA MORALES', '276895000782'),
(133, 'IE  CEILAN', '276113000011'),
(134, 'IE EL QUEREMAL', '276233000651'),
(135, 'IE NUESTRA SEÑORA DE CHIQUINQUIRA', '176622000076'),
(136, 'IE SANTA ROSALIA DE PALERMO', '276622000577'),
(137, 'IE LEOCADIO SALAZAR', '176845000019'),
(138, 'IE GILBERTO ALZATE AVENDAÑO', '176246000663'),
(139, 'IE JOSE MARIA FALLA', '176250000261'),
(140, 'IE ACERG', '276250000150'),
(141, 'IE SANTIAGO GUTIERREZ ANGEL', '476054000019'),
(142, 'IE EFRAIN VARELA VACA', '176895000168'),
(143, 'IE ANTONIOJOSE DE SUCRE', '276828000115'),
(144, 'IE MARIA INMACULADA', '276845000102'),
(145, 'IE GUILLERMO VALENCIA.', '276233000481'),
(146, 'IE  DEL DAGUA', '176233000656'),
(147, 'I.E. INMACULADA CONCEPCION', '176130000461'),
(148, 'IE EL PALMAR', '276233000511'),
(149, 'IE CRISTOBAL COLON', '276233001240'),
(150, 'IE MARINO RENJIFO SALCEDO', '276130000822'),
(151, 'IE NUESTRA SEÑORA DE  LA CANDELARIA', '176130000399'),
(152, 'I.E. PANEBIANCO AMERICANO', '276130000181'),
(153, 'IE JORGE  ISAACS', '176248000024'),
(154, 'IE SAN PIO X', '176377000251'),
(155, 'IE NORMAL SUPERIOR MARIA INMACULADA', '176122000371'),
(156, 'IE DE DESARROLLO RURAL LA SELVA', '276306000336'),
(157, 'IE HERACLIO URIBE URIBE', '476736000258'),
(158, 'IE SAGRADO CORAZON DE JESUS', '276122000228'),
(159, 'IE PEDRO VICENTE ABADIA', '176318000701'),
(160, 'IE SANTA TERESITA', '276736000178'),
(161, 'IE LAS AMERICAS', '176275000010'),
(162, 'IE FRAY JOSE JOAQUIN ESCOBAR', '176823000066'),
(163, 'IE GENERAL SANTANDER', '176736000033'),
(164, 'IE NUESTRA SEÑORA DE LA CONSOLACION', '176823000384'),
(165, 'IE SAGRADO CORAZON DE JESUS', '176828000064'),
(166, 'IE ANTONIO JOSE DE SUCRE', '276869000138'),
(167, 'IE SAN JOSE', '176497000093'),
(168, 'IE LA LIBERTAD', '276377000311'),
(169, 'IE FRANCISCO DE PAULA SANTANDER', '276377000078'),
(170, 'IE LA INMACULADA', '176863000336'),
(171, 'IE MANUEL ANTONIO BONILLA', '176403000036'),
(172, 'IE MARIA ANALIA ORTIZ HORMAZA', '276497000608'),
(173, 'IE AGRICOLA CAMPOALEGRE', '276036000037'),
(174, 'IE JOSE ANTONIO AGUILERA', '176670000240'),
(175, 'IE GIMNASIO DEL CALIMA', '176126000058'),
(176, 'IE SIMON BOLIVAR', '176126000066'),
(177, 'IE SAGRADO CORAZÓN', '176248000016'),
(178, 'IE JORGE  ISAACS EL PLACER', '276248000355'),
(179, 'IE REGIONAL SIMON BOLIVAR', '276275000278'),
(180, 'IE PRIMITIVO CRESPO', '176616000013'),
(181, 'IE NEMESIO RODRIGUEZ ESCOBAR', '276616000590'),
(182, 'IE ABSALON TORRES CAMACHO', '176275001393'),
(183, 'IE CIUDAD FLORIDA', '176275000915'),
(184, 'IE MANUELA BELTRAN', '276306000344'),
(185, 'IE IDEBIC', '276275001461'),
(186, 'IE CAMILO TORRES', '276233000561'),
(187, 'IE SEVILLA', '176736000025'),
(188, 'IE JOSE CELESTINO MUTIS', '276318000111'),
(189, 'IE JOSE IGNACIO OSPINA', '276318000226'),
(190, 'IE SAN JOSE', '176020000032'),
(191, 'IE ELEAZAR LIBREROS SALAMANCA', '176036000024'),
(192, 'IE DIEGO RENGIFO SALAZAR', '176113000377'),
(193, 'IE ANTONIO NARIÑO', '176113000652'),
(194, 'IE JORGE ROBLEDO', '176869000028'),
(195, 'IE BENJAMIN HERRERA', '276736000810'),
(196, 'IE SANTA BARBARA', '276736000283'),
(197, 'IE SANTA ELENA', '276248000363'),
(198, 'IE MIGUEL ANTONIO CARO', '276670000210'),
(199, 'IE MARIA AUXILIADORA.', '276736000321'),
(200, 'IE MARCO FIDEL SUAREZ', '276563000223'),
(201, 'IE ALFREDO GARRIDO TOVAR', '276616000654'),
(202, 'I.E. TEODORO MUNERA HINCAPIE', '276606000541'),
(203, 'IE MARIANO GONZALEZ', '276113000436'),
(204, 'IE GINEBRA LA SALLE', '176306000013'),
(205, 'IE MANUEL MARIA MALLARINO', '276828000441'),
(206, 'IE SAN JOSE', '276403000201'),
(207, 'IE NARANJAL', '276100000542'),
(208, 'IE SIMON BOLIVAR', '276318000277'),
(209, 'IE CRISTOBAL COLON', '276828000123'),
(210, 'IE ARGEMIRO ESCOBAR CARDONA', '176400000272'),
(211, 'IE GENERAL SANTANDER', '276318000099'),
(212, 'IE SANTA TERESITA DEL NIÑO JESUS', '276233000260'),
(213, 'IE JOSE ACEVEDO Y GOMEZ', '276606000290'),
(214, 'IE JULIAN TRUJILLO', '176828000021'),
(215, 'IE JULIO CAICEDO TELLEZ', '276670000201'),
(216, 'IE LA PRESENTACION', '176246000337'),
(217, 'IE SAN JOSE', '176400000019'),
(218, 'IE JUAN DE DIOS GIRON', '176400000027'),
(219, 'IE SANTA TERESITA', '176403000079'),
(220, 'IE GILBERTO ALZATE AVENDAÑO', '276122000201'),
(221, 'IE EL PLACER', '276616000255'),
(222, 'IE RODRIGO LLOREDA CAICEDO', '276828000387'),
(223, 'I.E. SAN PEDRO CLAVER', '276233000537'),
(224, 'IE SIMON BOLIVAR', '176377000014'),
(225, 'IE MARÍA AUXILIADORA', '276377000388'),
(226, 'IE ANTONIO NARIÑO', '176895000044'),
(227, 'IE SIMON BOLIVAR', '176895000265'),
(228, 'IE JORGE ISAACS', '276041000371'),
(229, 'IE MIGUEL ANTONIO CARO', '276233000588'),
(230, 'IE BORRERO AYERBE', '276233000715'),
(231, 'IE JORGE ELIECER GAITAN', '276736000488'),
(232, 'IE HERNANDO BORRERO CUADROS', '276248000321'),
(233, 'IE  TECNICA AGROPECUARIA TORO', '176823000333'),
(234, 'IE SAN ISIDRO', '276828000174'),
(235, 'IE VEINTE DE JULIO', '276869000171'),
(236, 'IE ATANASIO GIRARDOT', '276275000197'),
(237, 'IE JORGE ELIECER GAITAN', '176606000422'),
(238, 'IE JUSTINIANO ECHAVARRIA', '276243000071'),
(239, 'IE ANTONIO NARIÑO', '276563000231'),
(240, 'IE PABLO VI', '276126000214'),
(241, 'IE DOCE DE OCTUBRE', '276736000143'),
(242, 'IE NUESTRA SEÑORA DE LA PAZ', '276403000031'),
(243, 'CE RODRIGO LLOREDA CAICEDO', '276622000305'),
(244, 'CE JOHN F. KENNEDY', '276126000133');

INSERT INTO `inventories` (`id`) VALUES
('0cbc1e54-d527-4f51-926b-23575fe877ab'),
('11835751-3369-44e8-bfcf-2fe835d1d940'),
('19ed4602-f964-459a-b585-74f367b77066'),
('1ce32f9c-05d1-46b1-85cf-f24e0aefe2cc'),
('26b6f30d-1f0c-40ae-9cda-8dfb20e710e2'),
('2865e804-a998-47d9-bf26-cb60c59933b4'),
('2e96c4fb-eba0-464c-bc5c-3b6622663aea'),
('2ef1bd1a-98fa-4a71-b9a7-5ec27231b71d'),
('3ad9c1e1-8414-456b-81a7-a050030afc9f'),
('3b129678-4820-4dba-a6d2-08003dcd0446'),
('3b319e2c-3c36-4cec-bca0-93828a31b3e3'),
('3dfeb25d-6434-4c54-87f3-2be5c8b1954a'),
('3e52e218-b3f4-4e25-af48-5f0aac84263e'),
('3e9ec7b4-7398-42b9-aa14-aee31d9ea1bb'),
('427d8f0b-ced3-4e06-8669-43ee2b291faa'),
('42c268a1-b6c7-4d00-a530-eb7c25e8a40e'),
('42f8165e-1bf4-4a3a-8c6f-d69ff65129f3'),
('4584bdd9-7f14-4212-895e-84c8a81ea8e3'),
('488a2483-6d7a-4ed4-bc66-9d3b3ba91d4e'),
('53a4a6de-2e44-417e-8754-b449ab0894a8'),
('5fbfecf9-5ce5-46af-a8b4-18ad67255065'),
('6b4c060f-3f51-435a-be78-bb3b3cff1135'),
('73ae59a6-a62a-47e6-ba97-879441b63fca'),
('7d0a0523-3005-498d-834c-08831f395e16'),
('85f1a39f-f689-4b51-af6e-2dc20e91d233'),
('8957c199-ee3b-4089-89f9-1e9f22704aa4'),
('8bce3150-2a8c-4517-9233-597b1750c052'),
('96a5bf0a-4f55-4165-9dbe-bef9d79cb04f'),
('9b6903d5-6207-4f40-bf64-e1de34aabb89'),
('b3519fb1-8e59-437c-b4d1-6f23f424d3ca'),
('b5996edf-8cc2-4d5a-9976-621b0e56750c'),
('b73a5810-d577-4635-bd8c-b40832a54aae'),
('b8b4328a-aa3b-4316-89c0-b8e47e43de93'),
('bbf8cec6-b72b-4e77-b90e-bf62502b85ff'),
('bd19a315-adeb-4b73-8b09-353508a69eff'),
('ce2381c5-e0e0-46b2-b58c-5ed4e3994726'),
('d49eaa6c-2a63-4668-a201-c97320f96792'),
('d50ff4e3-906d-401c-aa9f-41a053b2ddd3'),
('d7389ecc-d147-4c66-b7f4-5d2b1668eae8'),
('dd4734ae-8cc8-4feb-9978-76012a863169'),
('df110a10-71bb-4364-9d2a-602fbf6e0738'),
('dfa6aefc-9d7f-4863-8e46-80079f0ee6f5'),
('e0073a54-3781-403b-b68c-209cb7497b66'),
('e5b0b926-791e-4ce0-870e-db7448e96906'),
('e9ec6a77-5805-47c7-96e4-9d9b449e99a9'),
('eaf52486-cef7-4d34-9f24-df7150d236e8'),
('efba99cd-9142-4326-acc7-dbb18cce2622'),
('f8dfbc07-3ccb-4ad0-acc5-af0def3f6b58'),
('fa7701fe-4a72-40fd-8063-755ba23db008'),
('fd8b13b8-534d-420f-954e-cc18b6997187');

INSERT INTO `items` (`id`, `name`, `snip`, `value`, `properties`, `category_id`) VALUES
(1, 'cosecha de manzana', 'apple_gather', 750, NULL, 1),
(2, 'cosecha de uva', 'grapes_gather', 750, NULL, 1),
(3, 'semillas de pera', 'pear_seed', 500, NULL, 1),
(4, 'semillas de maiz', 'corn_seed', 500, 'clima_calido', 1),
(5, 'semillas de colina', 'cabbage_seed', 500, 'clima_frio', 1),
(6, 'semillas de tomate', 'tomatoes_seed', 500, 'clima_calido', 1),
(7, 'semillas de zanahoria', 'carrot_seed', 500, 'clima_frio', 1),
(8, 'cosecha de tomate', 'tomatoes_gather', 750, NULL, 1),
(9, 'semillas de papaya', 'papaya_seed', 500, 'clima_calido', 1),
(10, 'semillas de patata', 'potatoes_seed', 500, 'clima_frio', 1),
(11, 'cosecha de pera', 'pear_gather', 750, 'clima_frio', 1),
(12, 'semillas de rábano', 'radish_seed', 500, NULL, 1),
(13, 'semillas de naranja', 'orange_seed', 500, 'clima_calido', 1),
(14, 'semillas de aguacate', 'avocado_seed', 1500, 'clima_calido', 1),
(15, 'cosecha de mora', 'blackberry_gather', 750, NULL, 1),
(16, 'cosecha de rabano', 'radish_gather', 750, NULL, 1),
(17, 'cosecha de zanahoria', 'carrot_gather', 750, NULL, 1),
(18, 'semillas de mora', 'blackberry_seed', 500, 'clima_frio', 1),
(19, 'semillas de habichuelas', 'greenbean_seed', 300, 'clima_frio', 1),
(20, 'semillas de sandia', 'watermelon_seed', 500, 'clima_calido', 1),
(21, 'semillas de manzana', 'apple_seeds', 500, 'clima_frio', 1),
(22, 'semillas de uva', 'grapes_seed', 500, NULL, 1),
(23, 'cosecha de patata', 'potatoe_gather', 750, NULL, 1),
(24, 'cosecha de col', 'cabbage_gather', 750, NULL, 1),
(25, 'cosecha de sandias', 'watermelon_gather', 500, NULL, 1),
(26, 'Insignia de Diamante', 'diamond_badge', 3000, NULL, 3),
(27, 'Insignia de Esmeralda', 'emerald_badge', 2500, NULL, 3),
(28, 'Insignia de Platino', 'platinum_badge', 2000, NULL, 3),
(29, 'Insignia de Oro', 'gold_badge', 1500, NULL, 3),
(30, 'Insignia de Plata', 'plate_badge', 1000, NULL, 3),
(31, 'Insignia de Bronce', 'bronze_badge', 500, NULL, 3);

INSERT INTO `items_inventories` (`id`, `amount`, `inventory_id`, `item_id`) VALUES
('014f75a6-7a94-4736-bf39-2c4c5f37a67f', 10, 'fa7701fe-4a72-40fd-8063-755ba23db008', 9),
('01a9e22e-0443-47c2-80a5-f3bca5bdfc78', 10, 'dfa6aefc-9d7f-4863-8e46-80079f0ee6f5', 9),
('03230f0f-2300-4a9a-a24c-dba8d1a31f22', 10, '9b6903d5-6207-4f40-bf64-e1de34aabb89', 9),
('05ee5623-c8ee-49c9-a63f-5cf06d3774d9', 10, '1ce32f9c-05d1-46b1-85cf-f24e0aefe2cc', 18),
('060a9a93-1241-4812-8425-35ca2300727d', 10, '19ed4602-f964-459a-b585-74f367b77066', 18),
('06cd292c-8abf-4aa0-bae9-020153dc78b7', 10, 'df110a10-71bb-4364-9d2a-602fbf6e0738', 18),
('0a96dcbe-544b-481a-8c32-50ea49f3be08', 10, 'e0073a54-3781-403b-b68c-209cb7497b66', 20),
('0c6ce9a3-ce58-4fc9-ba88-2cc0e2ec0537', 10, '0cbc1e54-d527-4f51-926b-23575fe877ab', 7),
('0cdfca60-0edd-4fbf-9067-d8fb9991f58c', 10, '488a2483-6d7a-4ed4-bc66-9d3b3ba91d4e', 20),
('0e479269-0327-4f2e-96b1-dde2674069e4', 10, '26b6f30d-1f0c-40ae-9cda-8dfb20e710e2', 20),
('0ea09513-c796-4572-ae57-789594661b0f', 10, '73ae59a6-a62a-47e6-ba97-879441b63fca', 9),
('0ea3c3d8-c787-4c13-a9e4-9420a80d04dc', 10, 'bbf8cec6-b72b-4e77-b90e-bf62502b85ff', 9),
('1014cec3-4c24-4539-8096-5abf2c0cea6c', 10, '9b6903d5-6207-4f40-bf64-e1de34aabb89', 14),
('11e860b0-5fd5-45ec-a6b1-6dbc823e586a', 10, '427d8f0b-ced3-4e06-8669-43ee2b291faa', 20),
('12c4eff0-a65e-401b-b6f3-041687d0a016', 10, 'b5996edf-8cc2-4d5a-9976-621b0e56750c', 20),
('14420a41-f9ba-4cbb-b926-058b726e27af', 10, 'efba99cd-9142-4326-acc7-dbb18cce2622', 18),
('1660a184-4f7e-45af-9841-5860ff2f9184', 10, 'eaf52486-cef7-4d34-9f24-df7150d236e8', 20),
('174f559e-ac9c-41d0-8d3c-aa63857169fc', 10, '8bce3150-2a8c-4517-9233-597b1750c052', 9),
('18622b81-fc8e-45a1-aa5e-f66cc9c8e971', 10, '53a4a6de-2e44-417e-8754-b449ab0894a8', 20),
('189f6c89-aef2-4c3e-8d7c-353b301e5c3a', 10, '11835751-3369-44e8-bfcf-2fe835d1d940', 9),
('192f3e72-6047-4631-bd12-df8278b33bcf', 10, 'eaf52486-cef7-4d34-9f24-df7150d236e8', 7),
('1932e4af-ae01-49a7-a7d4-6410438f863a', 10, '3ad9c1e1-8414-456b-81a7-a050030afc9f', 18),
('194d4d0f-6ae5-44d8-99ae-6dbcb2abe361', 10, 'bbf8cec6-b72b-4e77-b90e-bf62502b85ff', 7),
('19e7dc3b-7ec0-47a2-8d6c-35c6825f69a0', 10, '3ad9c1e1-8414-456b-81a7-a050030afc9f', 9),
('1a5e59ce-b8a4-4afd-93bf-dece3bbecba9', 10, 'e9ec6a77-5805-47c7-96e4-9d9b449e99a9', 20),
('1a639290-1eb7-4877-8f9d-5ef5ecaffc37', 10, '85f1a39f-f689-4b51-af6e-2dc20e91d233', 18),
('1a6aa236-38b4-4ad0-badd-82e3696f4074', 10, '4584bdd9-7f14-4212-895e-84c8a81ea8e3', 20),
('1c0a2cd2-b490-42da-9b1c-09b7478f172b', 10, '427d8f0b-ced3-4e06-8669-43ee2b291faa', 14),
('1c4cc2df-7af2-4e2c-8ac2-4b5b0581a7fc', 10, 'f8dfbc07-3ccb-4ad0-acc5-af0def3f6b58', 20),
('1c87a227-9202-4dd5-9560-103f1f78e534', 10, 'd7389ecc-d147-4c66-b7f4-5d2b1668eae8', 7),
('1f745762-f87e-4ff1-8658-e521c7bf0703', 10, '6b4c060f-3f51-435a-be78-bb3b3cff1135', 9),
('20d7ed58-5c04-4e5a-872b-3673a8a96f31', 10, '3e9ec7b4-7398-42b9-aa14-aee31d9ea1bb', 9),
('20f38050-bcbd-4412-b93a-1b22c37e4b49', 10, 'e0073a54-3781-403b-b68c-209cb7497b66', 18),
('2252eb29-468d-4208-9304-db8996e44175', 10, '19ed4602-f964-459a-b585-74f367b77066', 7),
('22ff1d15-e0b1-475d-b0f1-fbb1ae567e3a', 10, '3b129678-4820-4dba-a6d2-08003dcd0446', 9),
('2574bdeb-a40b-4b7b-ae81-81b13624d740', 10, 'df110a10-71bb-4364-9d2a-602fbf6e0738', 20),
('261fda60-63d6-4df6-be84-148a47c46161', 10, 'bd19a315-adeb-4b73-8b09-353508a69eff', 14),
('2651a3cf-c63f-4d98-9aec-750e31f06983', 10, '5fbfecf9-5ce5-46af-a8b4-18ad67255065', 7),
('26ac20b7-7852-41e4-8ffd-3f655429f71a', 10, 'd7389ecc-d147-4c66-b7f4-5d2b1668eae8', 18),
('2706a7c6-f913-4e7a-89a5-08da4f8ca357', 10, '8957c199-ee3b-4089-89f9-1e9f22704aa4', 14),
('27d7c035-38b7-4034-b443-f09809d08bce', 10, 'd7389ecc-d147-4c66-b7f4-5d2b1668eae8', 9),
('28b9fcbb-da3d-4185-b066-79d7db857baf', 10, '8bce3150-2a8c-4517-9233-597b1750c052', 7),
('296eef4d-4329-4160-8e80-38966a011eb3', 10, '85f1a39f-f689-4b51-af6e-2dc20e91d233', 7),
('2a5478ec-752f-4bef-9573-16ad77023e06', 10, 'b8b4328a-aa3b-4316-89c0-b8e47e43de93', 20),
('2e0070f8-a76c-4c5f-b42c-ecc3a8aa67c0', 10, '19ed4602-f964-459a-b585-74f367b77066', 14),
('2f51c749-e357-48fb-bd06-1639968255b2', 10, '3e52e218-b3f4-4e25-af48-5f0aac84263e', 7),
('2fa12267-00e6-4d04-8aa9-976301e5893e', 10, '73ae59a6-a62a-47e6-ba97-879441b63fca', 18),
('2ff762b0-c40e-4871-9b6c-b4b298f60499', 10, '3e9ec7b4-7398-42b9-aa14-aee31d9ea1bb', 18),
('30f9a8ae-7473-4d62-a9c6-a10b619fc97e', 10, '2e96c4fb-eba0-464c-bc5c-3b6622663aea', 18),
('31ade6e7-7734-4e26-a531-1e9c840af51e', 10, 'bd19a315-adeb-4b73-8b09-353508a69eff', 18),
('32afcb3c-2ea2-44bd-80ff-83d45565e1fc', 10, 'efba99cd-9142-4326-acc7-dbb18cce2622', 9),
('3322e4be-312c-473d-b1c0-34feb8c97f9b', 10, '42c268a1-b6c7-4d00-a530-eb7c25e8a40e', 20),
('335b74c4-ab04-48de-a1a3-877a967ba9ba', 10, '8957c199-ee3b-4089-89f9-1e9f22704aa4', 9),
('33cfade3-b377-487d-8725-fbf69ba749ef', 10, 'd49eaa6c-2a63-4668-a201-c97320f96792', 18),
('347a78a7-fe88-4c53-9181-aec38acf74d3', 10, 'd49eaa6c-2a63-4668-a201-c97320f96792', 14),
('35f7f1fc-c65e-48b8-a012-13d44be9b031', 10, '6b4c060f-3f51-435a-be78-bb3b3cff1135', 14),
('37313a20-56c0-4235-bb10-f969e2e81335', 10, '4584bdd9-7f14-4212-895e-84c8a81ea8e3', 9),
('390b4d4a-c73e-492c-8eac-d162b9f0bb7f', 10, '26b6f30d-1f0c-40ae-9cda-8dfb20e710e2', 14),
('39600107-3fba-45b8-9b0d-f3d2d7f3fdd6', 10, '6b4c060f-3f51-435a-be78-bb3b3cff1135', 18),
('396e77a1-0e4c-4613-aca2-3696b1119528', 10, '8957c199-ee3b-4089-89f9-1e9f22704aa4', 7),
('3c084dd2-8870-470f-b2a1-2d63f7f697ac', 10, '19ed4602-f964-459a-b585-74f367b77066', 20),
('3d6f030e-74ff-45d7-9f7b-3f403516303e', 10, '7d0a0523-3005-498d-834c-08831f395e16', 18),
('3dd08386-9f56-41d2-8615-0d6caaa87bf1', 10, '3b319e2c-3c36-4cec-bca0-93828a31b3e3', 7),
('3eec44ee-21d0-4eeb-9a8b-211f1e5f1748', 10, 'f8dfbc07-3ccb-4ad0-acc5-af0def3f6b58', 9),
('4165a31b-8019-481d-82cc-73fcf17c5e45', 10, 'b3519fb1-8e59-437c-b4d1-6f23f424d3ca', 20),
('4177d4ef-cf64-43fc-ab89-268cfb84cd1f', 10, '5fbfecf9-5ce5-46af-a8b4-18ad67255065', 18),
('429de0b3-3ae1-43cd-86b4-7b451903dd19', 10, '3dfeb25d-6434-4c54-87f3-2be5c8b1954a', 18),
('42a7d185-e183-468e-83b4-45ddd8f82ae6', 10, 'ce2381c5-e0e0-46b2-b58c-5ed4e3994726', 20),
('42dc8af4-2569-4eea-9fa2-ba575aa2cf74', 10, 'e5b0b926-791e-4ce0-870e-db7448e96906', 18),
('42f3a99c-d39b-4a76-820d-ee1a752d1926', 10, 'dd4734ae-8cc8-4feb-9978-76012a863169', 14),
('42fcd3df-191c-4c02-994d-b79c7ac25d7d', 10, '96a5bf0a-4f55-4165-9dbe-bef9d79cb04f', 18),
('44c1c4cb-e8c3-4a04-803b-9c1fdb7278db', 10, 'bd19a315-adeb-4b73-8b09-353508a69eff', 20),
('46151775-43e3-4cad-a7bf-e9bc9cd05935', 10, 'd50ff4e3-906d-401c-aa9f-41a053b2ddd3', 9),
('46c685f1-5866-49cf-813d-945d8a594709', 10, 'efba99cd-9142-4326-acc7-dbb18cce2622', 20),
('4c221c86-0aed-47f7-ba47-773b45813cf1', 10, 'd7389ecc-d147-4c66-b7f4-5d2b1668eae8', 20),
('4d64c8a0-1dad-4b46-8401-b9c171a6c3e7', 10, '42f8165e-1bf4-4a3a-8c6f-d69ff65129f3', 7),
('4d9293a7-9211-4cf9-8315-5e9f610edfa1', 10, 'ce2381c5-e0e0-46b2-b58c-5ed4e3994726', 7),
('4dc2448a-085a-43f3-b0b2-83c22cad2f64', 10, 'fd8b13b8-534d-420f-954e-cc18b6997187', 9),
('4e481a3c-a843-4f3c-a640-b1290df7fc81', 10, '3dfeb25d-6434-4c54-87f3-2be5c8b1954a', 20),
('4ed81633-8824-460d-abd2-d6493c832bfe', 10, '488a2483-6d7a-4ed4-bc66-9d3b3ba91d4e', 9),
('4fd7939b-738e-4ea2-a0ae-55bb86fff84d', 10, 'e0073a54-3781-403b-b68c-209cb7497b66', 7),
('5124d91c-7303-45e7-ad88-1192b5f0c251', 10, '4584bdd9-7f14-4212-895e-84c8a81ea8e3', 14),
('51b88dd4-9fd1-434e-8bcd-03a1799118b9', 10, 'ce2381c5-e0e0-46b2-b58c-5ed4e3994726', 9),
('52ef8d31-5c64-408d-8442-51e05bb36c85', 10, '3b319e2c-3c36-4cec-bca0-93828a31b3e3', 20),
('552ad589-2111-4d73-b3fa-e64b67c33c7d', 10, 'e0073a54-3781-403b-b68c-209cb7497b66', 9),
('56898712-8068-44b5-9e3d-ed60ef2d2498', 10, '9b6903d5-6207-4f40-bf64-e1de34aabb89', 20),
('57b947f9-014b-4879-8b4d-8cae15b7415d', 10, 'b3519fb1-8e59-437c-b4d1-6f23f424d3ca', 18),
('580fae86-fd11-4f28-8e0e-3a66ce5167de', 10, 'bbf8cec6-b72b-4e77-b90e-bf62502b85ff', 18),
('58cab5f5-3c96-4811-af9d-19bd3d808bf0', 10, 'bbf8cec6-b72b-4e77-b90e-bf62502b85ff', 14),
('59b2d483-b81b-43bc-a5a5-14a964b0f5a4', 10, '6b4c060f-3f51-435a-be78-bb3b3cff1135', 7),
('5a6fb539-6be9-486f-87a0-0a5cbc2cafda', 10, '488a2483-6d7a-4ed4-bc66-9d3b3ba91d4e', 7),
('5a8f6e8f-8a2b-4f4b-9f38-8a8b68a0deb2', 10, '42f8165e-1bf4-4a3a-8c6f-d69ff65129f3', 14),
('5ac97de1-b25d-4fa4-b51f-2ee992337949', 10, '7d0a0523-3005-498d-834c-08831f395e16', 7),
('5b4b73f8-12d6-47b6-8881-c1cfd23b3264', 10, 'fd8b13b8-534d-420f-954e-cc18b6997187', 7),
('5c1f146b-6ae0-4c2a-a4ea-eac8f4a172ab', 10, 'd50ff4e3-906d-401c-aa9f-41a053b2ddd3', 7),
('5c490ed4-feca-4454-883d-91c76c176ad2', 10, '2e96c4fb-eba0-464c-bc5c-3b6622663aea', 20),
('5dc191b6-44d3-499e-b029-30e76bfd8cfc', 10, 'dfa6aefc-9d7f-4863-8e46-80079f0ee6f5', 20),
('5ed49dae-ff6b-4af5-991f-3cb865def773', 10, '6b4c060f-3f51-435a-be78-bb3b3cff1135', 20),
('5f674fe7-cd5d-4e27-ba37-5ef57dc1b667', 10, '427d8f0b-ced3-4e06-8669-43ee2b291faa', 18),
('603531ee-f8d0-4c09-a891-41c169687be8', 10, '9b6903d5-6207-4f40-bf64-e1de34aabb89', 18),
('604a44c6-e332-4812-9485-7ab9a6613bcd', 10, '5fbfecf9-5ce5-46af-a8b4-18ad67255065', 9),
('6063643b-d161-47be-b40c-1f994b598315', 10, '2865e804-a998-47d9-bf26-cb60c59933b4', 18),
('613fccc7-e0a0-4fce-91e8-eae09f75ac19', 10, 'fa7701fe-4a72-40fd-8063-755ba23db008', 14),
('61ae10f7-5ec8-478f-8688-2095e1420bb6', 10, 'fa7701fe-4a72-40fd-8063-755ba23db008', 18),
('61e339b4-a2e4-4c32-aa57-7e83f127fe22', 10, '42c268a1-b6c7-4d00-a530-eb7c25e8a40e', 9),
('62e66735-d3da-4d4e-a12f-7fd7e898c715', 10, 'df110a10-71bb-4364-9d2a-602fbf6e0738', 7),
('65db9c6e-afc3-410a-aaef-135ae48f2778', 10, 'b73a5810-d577-4635-bd8c-b40832a54aae', 9),
('65dd7e7c-cb3f-4cdc-9909-c3dd0c4a8ce0', 10, 'b8b4328a-aa3b-4316-89c0-b8e47e43de93', 7),
('66150a03-1236-48a3-848e-14095a1c0471', 10, 'b5996edf-8cc2-4d5a-9976-621b0e56750c', 14),
('66b062f6-dd40-46e4-b92e-753943b94d38', 10, 'd49eaa6c-2a63-4668-a201-c97320f96792', 9),
('67582578-a343-448b-9632-0f0ef36cc2a4', 10, '427d8f0b-ced3-4e06-8669-43ee2b291faa', 9),
('69393b3a-3ab4-4574-92bc-f644dbcc98b8', 10, 'b73a5810-d577-4635-bd8c-b40832a54aae', 20),
('698978da-31fd-4f7d-bdf3-6678f55bd5a4', 10, 'bd19a315-adeb-4b73-8b09-353508a69eff', 7),
('6a6856d8-b833-4446-b79d-d65b223a64e4', 10, '11835751-3369-44e8-bfcf-2fe835d1d940', 20),
('6bab3523-ab8b-4ef9-a074-5ffdad78509e', 10, 'efba99cd-9142-4326-acc7-dbb18cce2622', 7),
('6e4dd752-7f8a-401f-814a-cf76f8af5011', 10, 'dd4734ae-8cc8-4feb-9978-76012a863169', 9),
('6f4b96ad-83f9-4fe2-b3b7-1067859419b1', 10, '7d0a0523-3005-498d-834c-08831f395e16', 9),
('7093cfb4-6d6b-4233-9cd9-376df46f8063', 10, '1ce32f9c-05d1-46b1-85cf-f24e0aefe2cc', 20),
('7099ca30-f824-42f4-8ca5-d4bd166e6b85', 10, 'fd8b13b8-534d-420f-954e-cc18b6997187', 20),
('70a0768e-3d25-4a7a-aaa4-83ed6050d54f', 10, '53a4a6de-2e44-417e-8754-b449ab0894a8', 14),
('71cf6ac5-4ef2-4988-8624-bd1d41b90d6f', 10, '3b129678-4820-4dba-a6d2-08003dcd0446', 18),
('72b02a59-62c3-47fc-b709-37d11df3c69c', 10, '488a2483-6d7a-4ed4-bc66-9d3b3ba91d4e', 14),
('72dcb5f4-12eb-4805-8997-e14d0f5006f1', 10, '0cbc1e54-d527-4f51-926b-23575fe877ab', 20),
('75651793-80ff-4b25-8dd8-4e5d7977d728', 10, '2ef1bd1a-98fa-4a71-b9a7-5ec27231b71d', 20),
('757be3d5-09e1-44cf-afbb-05da2aefb982', 10, '96a5bf0a-4f55-4165-9dbe-bef9d79cb04f', 20),
('77a2532a-27a9-4c07-9f8b-59c243feb30d', 10, '96a5bf0a-4f55-4165-9dbe-bef9d79cb04f', 9),
('784d0a34-2894-48a1-8dcc-aa6fb416a301', 10, '3b129678-4820-4dba-a6d2-08003dcd0446', 20),
('798e8476-90a2-4851-9668-43c048c6abfc', 10, 'e5b0b926-791e-4ce0-870e-db7448e96906', 20),
('7b1b37ba-1aa3-4064-a16a-9818976a8385', 10, 'efba99cd-9142-4326-acc7-dbb18cce2622', 14),
('7b32c595-be87-4426-830c-2397686b1c21', 10, '85f1a39f-f689-4b51-af6e-2dc20e91d233', 14),
('7f3e13df-b258-4a10-a78e-d9b7477c0d92', 10, 'e9ec6a77-5805-47c7-96e4-9d9b449e99a9', 9),
('8240fae1-e52a-42c5-aebb-b7229cac7a32', 10, '0cbc1e54-d527-4f51-926b-23575fe877ab', 14),
('830f6b38-c532-47a6-bbcd-a9ba872c88f9', 10, '96a5bf0a-4f55-4165-9dbe-bef9d79cb04f', 7),
('836b615c-24fa-440e-aaee-4683e17d7e94', 10, '42c268a1-b6c7-4d00-a530-eb7c25e8a40e', 14),
('86c3c55d-1078-48b0-b83c-0a5d956f98a5', 10, 'b73a5810-d577-4635-bd8c-b40832a54aae', 18),
('89455321-da87-4248-9a8f-004908d606b4', 10, 'dd4734ae-8cc8-4feb-9978-76012a863169', 18),
('898d3663-f02f-444d-b9ac-4113410f7fa8', 10, 'fd8b13b8-534d-420f-954e-cc18b6997187', 14),
('89b7604b-0f90-4227-a30b-f89468e5fbad', 10, '7d0a0523-3005-498d-834c-08831f395e16', 14),
('89ff378d-7138-4171-9675-e078d184bdba', 10, '8957c199-ee3b-4089-89f9-1e9f22704aa4', 18),
('8a6de29b-3027-4098-9429-e0dfd3c6c5b7', 10, '1ce32f9c-05d1-46b1-85cf-f24e0aefe2cc', 7),
('8b7c382f-d88e-46b3-9958-39bcf8c48aef', 10, '53a4a6de-2e44-417e-8754-b449ab0894a8', 18),
('8b894ef0-0e2d-44c5-a0f1-58b1cd0cb99f', 10, '5fbfecf9-5ce5-46af-a8b4-18ad67255065', 20),
('8dea9fba-5cbf-4c92-be4a-e1382045feca', 10, '2865e804-a998-47d9-bf26-cb60c59933b4', 14),
('8e24b4d1-7b56-439f-9f9f-4fd767515a81', 10, 'eaf52486-cef7-4d34-9f24-df7150d236e8', 14),
('8e7cd139-ed17-4a04-aede-3c02108cf571', 10, '11835751-3369-44e8-bfcf-2fe835d1d940', 18),
('907551bd-479e-4ec0-89c0-d459465a86b9', 10, '8bce3150-2a8c-4517-9233-597b1750c052', 18),
('90d1ac43-89f7-4bfb-9f4a-62f188b11ec3', 10, '2e96c4fb-eba0-464c-bc5c-3b6622663aea', 14),
('9372573e-a770-49bc-83ec-37658669cef9', 10, 'b3519fb1-8e59-437c-b4d1-6f23f424d3ca', 9),
('955170dc-f982-40b7-8a5c-e31550ccaefb', 10, '4584bdd9-7f14-4212-895e-84c8a81ea8e3', 18),
('95f5de21-ca54-4ed4-a5fa-e0fb147620d3', 10, '427d8f0b-ced3-4e06-8669-43ee2b291faa', 7),
('966bff7e-bdfb-455a-885d-afc385758a22', 10, '26b6f30d-1f0c-40ae-9cda-8dfb20e710e2', 9),
('97a02374-86ae-4ade-af00-9f2bec861dd6', 10, '3b319e2c-3c36-4cec-bca0-93828a31b3e3', 9),
('97e3502d-d5e2-420a-b22d-441630ce0a0e', 10, 'e5b0b926-791e-4ce0-870e-db7448e96906', 14),
('9853534f-bdf4-4167-a02c-4794f7228b1f', 10, 'fd8b13b8-534d-420f-954e-cc18b6997187', 18),
('988302ba-ec27-4851-996d-cc50438d3c90', 10, '53a4a6de-2e44-417e-8754-b449ab0894a8', 7),
('98cc3b34-ef9a-4daf-ae57-b408108fc00f', 10, 'bd19a315-adeb-4b73-8b09-353508a69eff', 9),
('9c838c94-68ac-46db-a2ab-c4ab7ee76503', 10, '3e52e218-b3f4-4e25-af48-5f0aac84263e', 20),
('9d6111b7-495b-4a7a-a5c0-e8c85cc6b267', 10, '0cbc1e54-d527-4f51-926b-23575fe877ab', 9),
('9f37f867-497d-4ce2-aea8-dddcdebd60d4', 10, '11835751-3369-44e8-bfcf-2fe835d1d940', 14),
('9f8c21fb-6633-4889-a5c6-dfe7b188a8f9', 10, '3b319e2c-3c36-4cec-bca0-93828a31b3e3', 14),
('a05047f7-ac30-4a9d-9060-a15144ac667f', 10, 'b8b4328a-aa3b-4316-89c0-b8e47e43de93', 14),
('a0fc23eb-4312-4f31-9fc8-2e1440900bee', 10, 'b3519fb1-8e59-437c-b4d1-6f23f424d3ca', 7),
('a21b9b6f-579b-4d95-beb2-1566fc007998', 10, 'e5b0b926-791e-4ce0-870e-db7448e96906', 9),
('a22ab65e-d381-4b31-92ae-647de88c9e39', 10, 'd50ff4e3-906d-401c-aa9f-41a053b2ddd3', 20),
('a27c47c8-030f-4999-8b04-1863d7ae47fd', 10, 'd49eaa6c-2a63-4668-a201-c97320f96792', 20),
('a3481ac9-b2e8-460d-8d38-9351a814c305', 10, '3ad9c1e1-8414-456b-81a7-a050030afc9f', 14),
('a3964b93-9db1-476e-811c-9c9172d1efac', 10, 'b8b4328a-aa3b-4316-89c0-b8e47e43de93', 9),
('a3f025f5-746c-48a1-89aa-b4331fe084c4', 10, '2ef1bd1a-98fa-4a71-b9a7-5ec27231b71d', 18),
('a5d5f008-541e-4268-a83a-259f7f3c4577', 10, 'eaf52486-cef7-4d34-9f24-df7150d236e8', 9),
('a7b4faee-a1b0-4b71-bf7b-b05e368f4eb5', 10, '26b6f30d-1f0c-40ae-9cda-8dfb20e710e2', 18),
('a8055ce1-8457-4c67-8efe-a765750e4b16', 10, '5fbfecf9-5ce5-46af-a8b4-18ad67255065', 14),
('a86b6598-430e-4ce4-a575-f488d0effd5f', 10, '0cbc1e54-d527-4f51-926b-23575fe877ab', 18),
('a8ddca37-3402-4d17-aadf-51999d1f4ba8', 10, '8957c199-ee3b-4089-89f9-1e9f22704aa4', 20),
('a93f3b97-53ad-4eac-9480-a9a4cabc78b3', 10, '8bce3150-2a8c-4517-9233-597b1750c052', 14),
('ab98974c-f1d9-4a2b-917d-7d0725a032e4', 10, '7d0a0523-3005-498d-834c-08831f395e16', 20),
('b04d2b0b-8e92-4819-adce-52bbb0a31152', 10, '4584bdd9-7f14-4212-895e-84c8a81ea8e3', 7),
('b0d57e01-8f63-4d01-8d27-d2b79bedd7f2', 10, 'ce2381c5-e0e0-46b2-b58c-5ed4e3994726', 18),
('b1cc7ce4-38fb-417c-aa82-62043529f57e', 10, 'dfa6aefc-9d7f-4863-8e46-80079f0ee6f5', 7),
('b2340b92-ff36-46d7-bcf0-eabfabc34430', 10, 'e0073a54-3781-403b-b68c-209cb7497b66', 14),
('b535c764-ac45-4a57-baea-5cd05fe3a582', 10, 'd50ff4e3-906d-401c-aa9f-41a053b2ddd3', 18),
('b71542fd-388e-4eb6-b808-6e62a034b68e', 10, '42f8165e-1bf4-4a3a-8c6f-d69ff65129f3', 9),
('b73c22bf-3146-4dd3-bce0-e0388a32022c', 10, '3e9ec7b4-7398-42b9-aa14-aee31d9ea1bb', 14),
('b7c0761a-3809-4b4b-b88e-f557fdcd1414', 10, 'd7389ecc-d147-4c66-b7f4-5d2b1668eae8', 14),
('bae1125b-5be7-45d5-9e55-71b5ce328239', 10, 'e9ec6a77-5805-47c7-96e4-9d9b449e99a9', 14),
('bbf66238-f9d2-4c63-9ba8-4ed5e1d2d839', 10, '3dfeb25d-6434-4c54-87f3-2be5c8b1954a', 9),
('bc41f2d6-e3d8-4b4e-a9b4-dde30512ef37', 10, '2865e804-a998-47d9-bf26-cb60c59933b4', 9),
('bd2b6c69-c68c-40f3-b01e-13c270e4dd99', 10, 'e9ec6a77-5805-47c7-96e4-9d9b449e99a9', 7),
('bea26ddb-e3f6-4036-a262-5082b6bc9c15', 10, 'f8dfbc07-3ccb-4ad0-acc5-af0def3f6b58', 14),
('bef4e2b8-66e8-4708-bca9-ec895cf7432f', 10, 'df110a10-71bb-4364-9d2a-602fbf6e0738', 9),
('c005c026-fd27-4453-8fa0-f95597b478d6', 10, '2865e804-a998-47d9-bf26-cb60c59933b4', 20),
('c00bea35-6665-4ebf-9860-6272baae105b', 10, '8bce3150-2a8c-4517-9233-597b1750c052', 20),
('c217d355-da1c-402f-b54b-8fef2d90d7e1', 10, 'f8dfbc07-3ccb-4ad0-acc5-af0def3f6b58', 18),
('c27d84ee-7aac-4dd0-9f56-2c992cab802e', 10, '3e9ec7b4-7398-42b9-aa14-aee31d9ea1bb', 7),
('c4232659-3f35-4360-8e6e-6b0987df2f6d', 10, 'b73a5810-d577-4635-bd8c-b40832a54aae', 14),
('c450da59-5c54-4cee-9b2a-ad581097b99a', 10, '2865e804-a998-47d9-bf26-cb60c59933b4', 7),
('c584392d-92d0-4909-baa6-149cc512fb9c', 10, '11835751-3369-44e8-bfcf-2fe835d1d940', 7),
('c94b15bb-076b-4417-b7d3-1d3d5b6d2bae', 10, '85f1a39f-f689-4b51-af6e-2dc20e91d233', 20),
('c955f05b-69e3-4ae7-a82a-0a193cb05084', 10, '42c268a1-b6c7-4d00-a530-eb7c25e8a40e', 7),
('cb346ced-b43c-4dba-bd78-4d93d7acbf38', 10, 'ce2381c5-e0e0-46b2-b58c-5ed4e3994726', 14),
('cbf06fd3-1075-4cc9-b1d4-d9b9b3e9f735', 10, '42c268a1-b6c7-4d00-a530-eb7c25e8a40e', 18),
('ccdd02f8-5bba-4527-9ffb-49f213e1cd9d', 10, 'b73a5810-d577-4635-bd8c-b40832a54aae', 7),
('ce265469-9d41-4af1-882d-47deb9e21967', 10, 'd50ff4e3-906d-401c-aa9f-41a053b2ddd3', 14),
('ce716594-21f5-4f10-aa0b-b7b81880669d', 10, 'fa7701fe-4a72-40fd-8063-755ba23db008', 7),
('cfb424a5-017f-4ce8-add2-d97fd687c502', 10, '2ef1bd1a-98fa-4a71-b9a7-5ec27231b71d', 9),
('d095d574-ac69-4d74-b70c-44b2b0e196db', 10, '3e52e218-b3f4-4e25-af48-5f0aac84263e', 9),
('d168a9de-5311-48f8-9f00-630e3742815a', 10, 'b5996edf-8cc2-4d5a-9976-621b0e56750c', 9),
('d2399187-37ee-4162-aa66-a170c6269ded', 10, 'dd4734ae-8cc8-4feb-9978-76012a863169', 7),
('d40b2a75-0e31-4040-ba0c-f8f524e43c2d', 10, '19ed4602-f964-459a-b585-74f367b77066', 9),
('d55b89d0-15c9-4358-8088-4437cdfb8189', 10, '3dfeb25d-6434-4c54-87f3-2be5c8b1954a', 7),
('d7db9c2d-206e-4115-a57b-29270a952533', 10, '3b129678-4820-4dba-a6d2-08003dcd0446', 7),
('da3f4ad3-7c31-446b-8e60-91452725a639', 10, 'e9ec6a77-5805-47c7-96e4-9d9b449e99a9', 18),
('db2463dd-3aee-4bac-adf2-f3d0400eb997', 10, '73ae59a6-a62a-47e6-ba97-879441b63fca', 14),
('dc01e98d-0d2c-4fe8-b36f-286f5344bcd9', 10, 'f8dfbc07-3ccb-4ad0-acc5-af0def3f6b58', 7),
('dc16bd98-e48f-4b33-8821-8add14f1f07c', 10, '3e9ec7b4-7398-42b9-aa14-aee31d9ea1bb', 20),
('ddb4731d-539c-404a-a178-b725d56c22b8', 10, '3ad9c1e1-8414-456b-81a7-a050030afc9f', 20),
('de1879de-e023-4f76-a349-6de07ed6e362', 10, '9b6903d5-6207-4f40-bf64-e1de34aabb89', 7),
('deba1c34-5b76-429d-8f25-1d820698395a', 10, '85f1a39f-f689-4b51-af6e-2dc20e91d233', 9),
('deed6470-28bc-4b71-8fdf-0e0cda71cf32', 10, 'b5996edf-8cc2-4d5a-9976-621b0e56750c', 18),
('e0df575b-58d6-4f44-a649-f00a3bc56186', 10, '2e96c4fb-eba0-464c-bc5c-3b6622663aea', 7),
('e1bc7933-97ec-432c-8a58-875973de30a9', 10, 'dd4734ae-8cc8-4feb-9978-76012a863169', 20),
('e23d4f36-a2c3-4e19-b4ce-b594cafe6fca', 10, 'bbf8cec6-b72b-4e77-b90e-bf62502b85ff', 20),
('e290859d-838a-4682-bddb-b5b3c9bb8051', 10, '1ce32f9c-05d1-46b1-85cf-f24e0aefe2cc', 14),
('e2f0d240-9ba6-49f0-8a52-b1147d9cdb8e', 10, 'fa7701fe-4a72-40fd-8063-755ba23db008', 20),
('e3fc8f7e-06d9-46e8-8ca1-e606a7778d3a', 10, 'eaf52486-cef7-4d34-9f24-df7150d236e8', 18),
('e4e90a59-b28a-42ad-ae3e-4254d99f617a', 10, '42f8165e-1bf4-4a3a-8c6f-d69ff65129f3', 20),
('e5a04dfe-f069-41f5-862a-8d1326b66f04', 10, 'e5b0b926-791e-4ce0-870e-db7448e96906', 7),
('e679f0eb-e787-4802-a414-d30903956885', 10, 'df110a10-71bb-4364-9d2a-602fbf6e0738', 14),
('e69515e1-13dd-4f75-b841-30954116df20', 10, '3e52e218-b3f4-4e25-af48-5f0aac84263e', 18),
('e770b821-2f3f-4a33-b962-518ec332221c', 10, '53a4a6de-2e44-417e-8754-b449ab0894a8', 9),
('e9caeed4-b0c0-4fa7-b230-9610c9cad6cf', 10, '96a5bf0a-4f55-4165-9dbe-bef9d79cb04f', 14),
('ea083cf8-d46b-4bf1-ad89-2b1190508614', 10, '3ad9c1e1-8414-456b-81a7-a050030afc9f', 7),
('ea87eb8a-7a60-4b85-b906-c32ef7c6cca5', 10, 'b8b4328a-aa3b-4316-89c0-b8e47e43de93', 18),
('ecac6425-de0b-4858-8727-b2af1df94b66', 10, '1ce32f9c-05d1-46b1-85cf-f24e0aefe2cc', 9),
('edf1368f-0aac-4b23-b93a-a40558e833c1', 10, '3dfeb25d-6434-4c54-87f3-2be5c8b1954a', 14),
('ee01fe97-5afc-40d9-b60b-5e41d44ad7fa', 10, 'dfa6aefc-9d7f-4863-8e46-80079f0ee6f5', 14),
('efdfd772-0872-422f-8f8f-ebc1a98e5905', 10, '3b319e2c-3c36-4cec-bca0-93828a31b3e3', 18),
('f0e94472-4ec4-41f1-bab9-bedabc52b328', 10, '2ef1bd1a-98fa-4a71-b9a7-5ec27231b71d', 7),
('f386a1f9-b461-4368-826e-118c6b12efa7', 10, 'd49eaa6c-2a63-4668-a201-c97320f96792', 7),
('f4e2ffa5-897b-4447-bea6-719cf14e57e1', 10, 'b3519fb1-8e59-437c-b4d1-6f23f424d3ca', 14),
('f544d29e-d20a-4b2f-b05e-02aff89a3d41', 10, 'dfa6aefc-9d7f-4863-8e46-80079f0ee6f5', 18),
('f651f361-9f4a-4d8a-a120-628a3fdf2bf0', 10, '2e96c4fb-eba0-464c-bc5c-3b6622663aea', 9),
('f7c8e96f-4c30-4905-bb29-13b8f527acd1', 10, '488a2483-6d7a-4ed4-bc66-9d3b3ba91d4e', 18),
('f7ddf389-ada8-4e79-abf0-3811fc97cc9f', 10, '73ae59a6-a62a-47e6-ba97-879441b63fca', 20),
('f9436806-d78d-4a75-9b81-d7ca407cc1cc', 10, 'b5996edf-8cc2-4d5a-9976-621b0e56750c', 7),
('f956d552-546c-49fc-95d8-bb18723fafd1', 10, '3b129678-4820-4dba-a6d2-08003dcd0446', 14),
('fa361909-7ad4-4f97-a086-45efbe9d98ae', 10, '42f8165e-1bf4-4a3a-8c6f-d69ff65129f3', 18),
('fad6810a-8702-46b8-aef4-dd793494530c', 10, '3e52e218-b3f4-4e25-af48-5f0aac84263e', 14),
('fb2f70b3-df9c-4b26-9732-065506208dbd', 10, '73ae59a6-a62a-47e6-ba97-879441b63fca', 7),
('fbc5a8f2-5e61-47e4-8576-541f482f10ca', 10, '2ef1bd1a-98fa-4a71-b9a7-5ec27231b71d', 14),
('fcb166f1-f945-4e0d-a542-5f12593a7bf1', 10, '26b6f30d-1f0c-40ae-9cda-8dfb20e710e2', 7);

INSERT INTO `licenses` (`id`, `serial`, `owner`, `expired_date`) VALUES
('0d099fc6-54f7-48e6-a019-9eac8376c6f2', 'key-FNR_xCRKPTnl2t1JnPgYY9pK', 122310, '2025-09-29'),
('0e39bd3b-3bc3-4a78-a66b-099ed994cbfd', 'key-vejJiPy768rmF8UmXkB9qTFV', 120001, '2025-09-29'),
('1725e0b2-4290-4308-a895-1ccda492e3fa', 'key-1JTUbptsUcNviMmucyHPEauW', 106557, '2025-09-29'),
('27306492-b5e3-4380-a7fe-0528d740f124', 'key-VbLA15mgODTiojn5G0R0coil', 98666, '2025-09-29'),
('27559ff7-f0e6-488e-baa8-d22240333312', 'key-4wRIAOQZo0VK_m12JR_waB69', 30708, '2025-09-29'),
('304796c8-1330-4f5c-8559-5c36bca6c187', 'key-2GQ-GcFfY3ag110JSA4BesF5', 120956, '2025-09-29'),
('3415dc84-a3c1-4e79-9c12-69042f1862f4', 'key-ICu4rLCR_cWWQmi9iWtoUwcL', 115922, '2025-09-29'),
('348e3f61-aedb-4eae-8cc6-42ca3f30b6e5', 'key-hhiX1GL_dbiHo4rACq1kxvp7', 94906, '2025-09-29'),
('3509ece4-bdff-4238-bb72-8fd73c3c5556', 'key-0Z5P-PuoRgdL3h1uBI7f7j3f', 112637, '2025-09-29'),
('3645b446-6d53-4797-b868-9470c4efd770', 'key-AGvKfj3OoCXqa9pq78LdvHOf', 99679, '2025-09-29'),
('36c79101-98bf-4498-a28c-d79adf54d949', 'key-8BOdZkRbUL-XsoFHOuFHt0Aa', 87949, '2025-09-29'),
('36f7c9d6-578f-404d-b549-0818912f5b3a', 'key-VoiyIgjKzT7AU4YxroLaegwE', 68328, '2025-09-29'),
('37f408d3-7cb8-4519-aa98-4388dff470c8', 'key-50bdvO_VvGdumBwjCiDz3JG1', 99195, '2025-09-29'),
('4dbb7795-82ae-401d-b8da-4d4a6168a7d1', 'key-4ouFWyPG9EGsHl_nLSDV1usB', 97772, '2025-09-29'),
('5035f2ca-b409-4e44-b36a-53b68d2ea966', 'key-qJ5frMwIhadwroGzB4o8WgS8', 97660, '2025-09-29'),
('58c0a505-9023-4763-8085-157300a5526d', 'key-eC5GxHd_C-8Hr0mOT5UKXgc1', 43609, '2025-09-29'),
('62ae2a3d-25c0-48b7-bf2a-001194b11483', 'key-6ivpGoroBhjYw1n1CCwIGyEg', 78914, '2025-09-29'),
('6786ceca-73f8-4391-bc99-5d3e21ac04e9', 'key-Dp4kdbkKcrBTG81KVnu6ZcrO', 120464, '2025-09-29'),
('6c1d1e79-52a2-4c30-b2c0-aba1293fff08', 'key-0DMKNQvJvRmpv8KNxS54h1Jn', 108969, '2025-09-29'),
('6f98c92e-3392-4121-855d-d7029856c324', 'key-DpXtWzgv_FJjJFd2gU_dF7pj', 68329, '2025-09-29'),
('77ca38ff-336e-4919-bb1a-55df10e14a42', 'key-lX2vjbInmsBquupO5CoM7z1W', 35106, '2025-09-29'),
('7925df91-f336-4040-9538-bac124e9dd1d', 'key-hhtAHF3JZN3exSdqHaTvSWYg', 36492, '2025-09-29'),
('7b4f9f9d-ee91-4947-8e59-855e42608cb9', 'key-RMqPXXkVzn7yCDZ0CaUKJv-T', 28813, '2025-09-29'),
('8c14047e-86f5-41bc-b3de-fec93ef1c5d1', 'key-Bwc_ufSxxWuCqnWRF9q1t_uo', 121725, '2025-09-29'),
('90eeaab7-7024-4feb-b028-8f0847ef0d21', 'key-kScb-qC8-vRlt3_uBvYlyox7', 14767, '2025-09-29'),
('95985097-14c4-446d-a2e9-9fbdd9a3d971', 'key-xHpTusgdl-upBylEkkpA9VzM', 100676, '2025-09-29'),
('96f31f6f-2708-475e-8ab7-91a277832b8f', 'key-mGm93U27J1OLKHGdOBRfCcls', 121894, '2025-09-29'),
('9ec1e648-6e75-4360-837a-43e44eda72f0', 'key-XS0c1r-dLHPjwStqY9-NZToe', 26834, '2025-09-29'),
('9ed498c7-0bbb-4d16-8ee3-c67213675733', 'key-IMGX0TvDq2GBZZiSkp9zrsro', 117635, '2025-09-29'),
('a0a13567-d7a9-4a14-9491-dbfeed98da7b', 'key-oS9dBiMYop9cFOHz_IFgMTbm', 104885, '2025-09-29'),
('a161a200-be7f-4ea7-988d-caf7dae52f8d', 'key-KKaOdv4C_aPCBjWHbiv1hZL3', 120307, '2025-09-29'),
('ad5ff97a-0aca-4be8-941a-b28faa69b09b', 'key-jdwJu77VBfbyR_O72HRsyhqD', 101849, '2025-09-29'),
('b1839a46-86f6-4e88-80d4-aba759f227dc', 'key-J20V9SYP6c47FC7i6EP2hIIF', 119592, '2025-09-29'),
('b1d7e908-d0f6-4a2b-b62e-558d1d00e4f5', 'key-SL-LschpBr0U5bFJO1lDbng8', 116848, '2025-09-29'),
('b7477172-0ecd-41a5-aff7-b1dd1f31260a', 'key-A1SDgCf7oVjiFCAOfxq1I2fj', 106958, '2025-09-29'),
('bed659e0-58b8-4c11-bc64-c91b2d980e93', 'key-nIvEzPvaSxErAEbFph3sxC_D', 71145, '2025-09-29'),
('bf0f07e7-6be6-449a-885d-3c0a37963709', 'key-5mmkymyjIrQbuvWXnGwQcz6p', 90533, '2025-09-29'),
('bf8a58d9-aa5d-47e8-97e7-2d44e531cbdf', 'key-3iUT8CgM6juy_Q27METJ8zDG', 118674, '2025-09-29'),
('c2fb953d-259f-4ba8-827e-1231c847a9fe', 'key-GXeo9rHbdisz31EjvyRERvy9', 103535, '2025-09-29'),
('cb15a547-8812-4b0b-8e0e-1158d3c35073', 'key-w2ajlHm4UoQVQHyouT7XviEc', 61942, '2025-09-29'),
('ce370165-f004-40b6-bbbe-04e89e59f979', 'key-fQBBC-Ordt2RfVQEjCjIJHdl', 117908, '2025-09-29'),
('d6e0d9ec-2dc0-4818-8119-d97311dfba88', 'key-K5vgq9_tGL-SK7jnGeflFgDR', 96666, '2025-09-29'),
('dbb5bc13-1b9b-4216-bb15-b42349105b63', 'key-vOvx5-28D9E7J5GLBUiuHoMM', 63841, '2025-09-29'),
('dce1c446-738b-415a-937d-b5d92fe16401', 'key-hkNqie-fz3rhpDNLk38SxS0v', 94572, '2025-09-29'),
('ddbfaae6-b003-4828-aad5-92d54c486893', 'key-uwB7bDH_R4son69BW-gMj63F', 105069, '2025-09-29'),
('e78fd6da-5849-485e-9bff-0f0dc081bda5', 'key-uANyamtbHw3Zzs-UzK2MnDW7', 118226, '2025-09-29'),
('e9e3827d-c921-4ef5-8a22-5db734aa1bb2', 'key-4XIvQPm0OS2D0cKBQu22DrDp', 102107, '2025-09-29'),
('eefc65e7-0526-4af0-a0f7-a347bbcca6c5', 'key-JWs5PhOG3aTalFQ-8PBHBgKX', 107583, '2025-09-29'),
('f24b9dd7-3dbf-4c37-b121-20dbab7c901c', 'key-nIrQ8Ys_LPXzdI1z4T80G3OK', 121621, '2025-09-29'),
('f703def1-c994-4351-af96-145ffe0af44d', 'key-Ddh9JAnN27Po64AILZN4W-Au', 5488, '2025-09-29');

INSERT INTO `profiles` (`id`, `name`, `lastname`, `gender`, `birth`, `age`, `disability`) VALUES
('07649c34-b9aa-4723-acab-6f4ca4a81a7f', 'AARON DANIEL', 'RAMOS RODRIGUEZ', 'M', '2017-09-30T00:00:00.000Z', NULL, 'NO APLICA'),
('09f18d55-fe28-4697-9288-2bbb940d3bb4', 'AARON ', 'NUÑEZ VARGAS', 'M', '2016-05-03T00:00:00.000Z', NULL, 'NO APLICA'),
('0f6f9984-6bac-4072-8b4e-21fa4ae73bee', 'AARON JOSE', 'JOYA SALAZAR', 'M', '2014-09-16T00:00:00.000Z', NULL, 'NO APLICA'),
('1b015c32-623a-4d53-b824-76a66cfaa7f6', 'AARON JOSE', 'FLOR DAZA', 'M', '2007-08-22T00:00:00.000Z', NULL, 'NO APLICA'),
('225b4050-7d27-422f-830e-37710dfa9423', 'AARON ', 'LONDOÑO ARAGON', 'M', '2017-05-18T00:00:00.000Z', NULL, 'NO APLICA'),
('22ea56dd-b5cd-4edf-81d5-a79602a1de2c', 'AARON ANDRES', 'GRAJALES TRUJILLO', 'M', '2013-05-20T00:00:00.000Z', NULL, 'NO APLICA'),
('2ce65764-ca7b-403b-8265-28cc9d46ab4a', 'AARON ALEXANDER', 'HINESTROZA REYES', 'M', '2017-04-01T00:00:00.000Z', NULL, 'NO APLICA'),
('31fd3145-40f4-4ed9-8d82-af2e922ef224', 'AALIYAH ', 'VASQUEZ ACOSTA', 'F', '2015-10-13T00:00:00.000Z', NULL, 'NO APLICA'),
('34a1c4c9-843f-4dd2-af37-299653c4ce47', 'AARON ABRAHAN', 'MORALEZ ALMEIDA', 'M', '2016-12-14T00:00:00.000Z', NULL, 'NO APLICA'),
('350e8cff-f8ff-4acf-86af-b8c118ccad9f', 'AARON ALEJANDRO', 'MARIN FERNANDEZ', 'M', '2004-05-25T00:00:00.000Z', NULL, 'NO APLICA'),
('385ea164-0dd2-4bd9-b5b1-0ac4ad712a64', 'AARON ', 'ARANA SANCHEZ', 'M', '2017-09-08T00:00:00.000Z', NULL, 'NO APLICA'),
('41758b64-e1dd-4c7c-93ad-58813cc980eb', 'AARON GABRIEL', 'PEREZ PUERTA', 'M', '2016-12-08T00:00:00.000Z', NULL, 'NO APLICA'),
('477adc1e-61c3-453a-b3ae-3b8334fa9306', 'AARON ', 'GONZALEZ JARAMILLO', 'M', '2008-02-07T00:00:00.000Z', NULL, 'NO APLICA'),
('49beab56-a9ce-4463-bc27-97ca3cb5461b', 'AARON ', 'NORIEGA JIMENEZ', 'M', '2016-11-28T00:00:00.000Z', NULL, 'NO APLICA'),
('4d29995a-97ba-475f-b7fa-0479dc0f4f4a', 'AARON DAVID', 'GONZALEZ CASTRO', 'M', '2015-06-05T00:00:00.000Z', NULL, 'NO APLICA'),
('5014d516-95c3-4454-8460-d85ed99f12aa', 'AARON ', 'CASTAÑO GIRALDO', 'M', '2008-03-15T00:00:00.000Z', NULL, 'NO APLICA'),
('53f8499b-6172-4715-a4a9-ce9cf4fdc3ba', 'AARON ISAAC', 'LIZARZADO ROJAS', 'M', '2015-06-06T00:00:00.000Z', NULL, 'NO APLICA'),
('547768fc-4901-4a47-82fb-2afa3db9784d', 'AARON DANIEL', 'CALDERON TORO', 'M', '2016-06-22T00:00:00.000Z', NULL, 'NO APLICA'),
('640b820a-18cb-40a3-ac4b-89d847866720', 'AARON ', 'AMAYA HERNANDEZ', 'M', '2011-01-12T00:00:00.000Z', NULL, 'NO APLICA'),
('664c2a97-272f-4c32-92e4-0d9a10979029', 'AARON DAVID', 'ESCOBAR ROJAS', 'M', '2018-05-05T00:00:00.000Z', NULL, 'NO APLICA'),
('74510f7e-a272-405a-8093-2930e35d5ab1', 'AARON ANDRES', 'GONZALEZ BENAVIDES', 'F', '2014-08-19T00:00:00.000Z', NULL, 'NO APLICA'),
('78e17d7b-807c-435b-9d15-6dbb1111b0ec', 'AARON ', 'HURTADO VILLA', 'M', '2013-09-24T00:00:00.000Z', NULL, 'NO APLICA'),
('7b592a42-c99d-4f8d-ab2e-b5b8f79b278a', 'AARAMI GABRIEL', 'MACHADO LEAL', 'M', '2006-07-14T00:00:00.000Z', NULL, 'NO APLICA'),
('7c0433d7-1925-458a-9ddf-9450abd16a34', 'AARON JOSUE', 'DUARTE OLLARVEZ', 'M', '2016-03-31T00:00:00.000Z', NULL, 'NO APLICA'),
('7c232367-e1d1-4655-835e-46fb4e09a30f', 'AARON DAVID', 'DOMINGUEZ MATTA', 'M', '2017-05-21T00:00:00.000Z', NULL, 'NO APLICA'),
('7fe65145-0dd5-4be0-ab7f-650c935297b8', 'AARON ', 'MENDEZ ANAYA', 'M', '2016-10-23T00:00:00.000Z', NULL, 'NO APLICA'),
('8802457d-759d-48f3-a492-4bc25446e202', 'AALIYAH ', 'MICOLTA DAZA', 'F', '2018-01-28T00:00:00.000Z', NULL, 'NO APLICA'),
('881efcee-fdcf-4860-a167-6b427c9ffd10', 'AARON ', 'VALENCIA CABAL', 'M', '2015-06-05T00:00:00.000Z', NULL, 'NO APLICA'),
('8c86cfe1-2524-41cd-9309-b6db6dd9aa1b', 'AARON DAVID', 'PALOMINO DIAZ', 'M', '2018-05-13T00:00:00.000Z', NULL, 'NO APLICA'),
('929b95a5-225a-42a4-9b20-0774ef27bbca', 'AAISHA ESTHER', 'VINASCO VERTEL', 'F', '2018-09-13T00:00:00.000Z', NULL, 'NO APLICA'),
('94b543db-c60a-4985-8889-fed1ceb9640e', 'AARON ', 'SOTO TELLO', 'M', '2018-07-24T00:00:00.000Z', NULL, 'NO APLICA'),
('960eb7c4-1837-4ccc-b671-218988b9772d', 'AARON ', 'RINCON MONA', 'M', '2018-03-20T00:00:00.000Z', NULL, 'NO APLICA'),
('96462464-4807-4475-a09b-03690ad6fe25', 'AARON ESTEBAN', 'PINCHAO RUIZ', 'M', '2014-09-09T00:00:00.000Z', NULL, 'NO APLICA'),
('9d7369c9-053d-43b5-8101-f1fde63079a9', 'AAHYNARA ', 'LOZANO FLOREZ', 'F', '2008-08-20T00:00:00.000Z', NULL, 'NO APLICA'),
('a7baf419-3068-4461-9074-86087839dc06', 'AARON DANIEL', 'RAMIREZ REINOSA', 'M', '2010-02-05T00:00:00.000Z', NULL, 'NO APLICA'),
('ab333560-2f83-4461-b227-de453e987a24', 'AARON JOSUE', 'BELISARIO GUEVARA', 'M', '2013-03-22T00:00:00.000Z', NULL, 'NO APLICA'),
('b6dee886-d59f-4a5c-a468-90a31032bcb8', 'AARON ', 'VALENCIA CHAPARRO', 'M', '2018-01-22T00:00:00.000Z', NULL, 'NO APLICA'),
('b7ae16a8-ed9b-4ba5-afdf-ed8da2034543', 'AARON DAVID', 'CUELTAN OTALVARO', 'M', '2015-11-11T00:00:00.000Z', NULL, 'NO APLICA'),
('b9fc07e2-a9f5-4518-8604-68df397cb080', 'AARON DAVID', 'IDROBO VILLALOBOS', 'M', '2017-11-29T00:00:00.000Z', NULL, 'NO APLICA'),
('ca128050-e590-4483-8599-e666b0b665a4', 'AARON ALEXANDER', 'DIAZ ROJAS', 'M', '2015-07-18T00:00:00.000Z', NULL, 'NO APLICA'),
('cb2acbc3-8a8b-407a-9ab2-602a3d8e8f3e', 'AARON ANDRES', 'JARAMILLO MINOTA', 'M', '2018-04-11T00:00:00.000Z', NULL, 'NO APLICA'),
('ce12d622-9c40-4ec4-a58b-81f7ca331641', 'AARON ', 'SANCHEZ CASTILLO', 'M', '2015-07-15T00:00:00.000Z', NULL, 'NO APLICA'),
('cf136f75-18f2-42c5-9d97-912904d90fd1', 'AARON GABRIEL', 'MACHADO LEAL', 'M', '2005-07-01T00:00:00.000Z', NULL, 'NO APLICA'),
('d1163c87-c5e6-4760-89eb-2548d33808b6', 'AARON JOSE', 'SALAZAR ROSAL', 'M', '2012-01-24T00:00:00.000Z', NULL, 'NO APLICA'),
('d3ab7b28-7cb4-4efa-95f6-74716762ffe9', 'AARON ELI', 'CASTELLANOS MORENO', 'M', '2007-03-04T00:00:00.000Z', NULL, 'NO APLICA'),
('d5d0d98c-a67a-469d-9a18-948a0c97b591', 'AARON ENMANUEL', 'VALERO SALAS', 'M', '2015-08-13T00:00:00.000Z', NULL, 'NO APLICA'),
('e25dd47b-e633-49fb-8c94-1ca306295728', 'AARON FERNANDO', 'TAMAYO ESTRADA', 'M', '2012-02-06T00:00:00.000Z', NULL, 'NO APLICA'),
('e6893ba2-4747-48bb-a999-c6a48d187900', 'AARON ALFREDO', 'DELGADO QUEVEDO', 'M', '2015-02-02T00:00:00.000Z', NULL, 'NO APLICA'),
('e7641c1b-1e90-483f-91e9-86a1089ed74b', 'AARON DAVID', 'CASTRO ESCORCHA', 'M', '2017-07-27T00:00:00.000Z', NULL, 'NO APLICA'),
('f1d469b0-d695-48c4-bdad-eeaa6e17e941', 'AARON CAMILO', 'CORDOBA URIBE', 'M', '2008-07-12T00:00:00.000Z', NULL, 'NO APLICA');

INSERT INTO `roles` (`id`, `name`, `display`) VALUES
(1, 'coordinator', 'Coordinador'),
(2, 'secretary', 'Secretaria'),
(3, 'township', 'Municipio'),
(4, 'rector', 'Rector'),
(5, 'parent', 'Padre'),
(6, 'support', 'Soporte'),
(7, 'student', 'Estudiante'),
(8, 'teacher', 'Docente'),
(9, 'admin', 'Administrador');

INSERT INTO `school_years` (`id`, `name`) VALUES
(1, 2023),
(2, 2024);

INSERT INTO `subjects` (`id`, `name`, `snip`) VALUES
(7, 'Naturales', 'naturals'),
(8, 'Ciudadana', 'citizen'),
(9, 'Lenguaje', 'language'),
(10, 'Sociales', 'social'),
(11, 'Matemáticas', 'mathematics'),
(12, 'Comunicativa', 'communication');

INSERT INTO `thinking_skills` (`id`, `name`) VALUES
(1, 'Thinking Skill A'),
(2, 'Thinking Skill B');

INSERT INTO `towns` (`id`, `name`, `dane_code`, `department_id`) VALUES
(10, 'PRADERA', '563', 1),
(11, 'GUACARI', '318', 1),
(12, 'YOTOCO', '890', 1),
(13, 'GINEBRA', '306', 1),
(14, 'RESTREPO', '606', 1),
(15, 'CANDELARIA', '130', 1),
(16, 'ANSERMANUEVO', '41', 1),
(17, 'LA UNION', '400', 1),
(18, 'ZARZAL', '895', 1),
(19, 'ROLDANILLO', '622', 1),
(20, 'BOLIVAR', '100', 1),
(21, 'EL AGUILA', '243', 1),
(22, 'VERSALLES', '863', 1),
(23, 'ARGELIA', '54', 1),
(24, 'FLORIDA', '275', 1),
(25, 'RIOFRIO', '616', 1),
(26, 'ALCALA', '20', 1),
(27, 'CAICEDONIA', '122', 1),
(28, 'DAGUA', '233', 1),
(29, 'BUGALAGRANDE', '113', 1),
(30, 'ULLOA', '845', 1),
(31, 'EL CAIRO', '246', 1),
(32, 'EL DOVIO', '250', 1),
(33, 'TRUJILLO', '828', 1),
(34, 'EL CERRITO', '248', 1),
(35, 'LA CUMBRE', '377', 1),
(36, 'SEVILLA', '736', 1),
(37, 'TORO', '823', 1),
(38, 'VIJES', '869', 1),
(39, 'OBANDO', '497', 1),
(40, 'LA VICTORIA', '403', 1),
(41, 'ANDALUCIA', '36', 1),
(42, 'SAN PEDRO', '670', 1),
(43, 'CALIMA EL DARIEN', '126', 1);

INSERT INTO `transactions` (`id`, `transaction_id`, `amount`, `currency`, `created_at`, `status`, `buyer`, `product`) VALUES
('07438cc3-abbf-47cf-9d3e-df99c7dfcf53', 'uv_exchange-602978', 190, 'USD', '2023-09-29 14:27:01.129000', 'approved', '116848', 'item37'),
('07ebc294-f7ea-4dd3-83a2-383db3e4d875', 'uv_exchange-53925', 40, 'USD', '2023-09-29 14:27:01.129000', 'approved', '36492', 'item7'),
('097299e2-6178-4ae6-87dc-90272f343bd2', 'uv_exchange-582845', 90, 'EUR', '2023-09-29 14:27:01.129000', 'pending', '94572', 'item17'),
('106b5684-10f0-4cea-a8de-7c0fbd79c3e7', 'uv_exchange-341417', 100, 'USD', '2023-09-29 14:27:01.129000', 'approved', '96666', 'item19'),
('1769d43f-bdf3-4045-88c9-c4ba6fc50609', 'uv_exchange-994494', 185, 'GBP', '2023-09-29 14:27:01.129000', 'canceled', '115922', 'item36'),
('18afc192-79f8-49e7-8b53-a62f850ccff2', 'uv_exchange-248117', 200, 'GBP', '2023-09-29 14:27:01.129000', 'canceled', '117908', 'item39'),
('1c1e13e6-3ca5-4ec1-beb2-f3f273368ae5', 'uv_exchange-393672', 105, 'EUR', '2023-09-29 14:27:01.129000', 'pending', '97660', 'item20'),
('1d1e7578-12de-405e-9e8c-ee1f6abeeacf', 'uv_exchange-701045', 160, 'USD', '2023-09-29 14:27:01.129000', 'approved', '106557', 'item31'),
('313db8d2-cbaf-4f36-b272-449602d7ddd5', 'uv_exchange-410693', 165, 'EUR', '2023-09-29 14:27:01.129000', 'pending', '106958', 'item32'),
('44890b37-0e9f-41ea-840e-d155371ebe78', 'uv_exchange-435726', 110, 'GBP', '2023-09-29 14:27:01.129000', 'canceled', '97772', 'item21'),
('4e3eaa3a-88de-41be-b2c4-137c788f03b4', 'uv_exchange-620171', 120, 'EUR', '2023-09-29 14:27:01.129000', 'pending', '99195', 'item23'),
('4ebd2972-ecdc-4800-947a-e001198cdd7b', 'uv_exchange-12509', 50, 'GBP', '2023-09-29 14:27:01.129000', 'canceled', '61942', 'item9'),
('539ba740-2b20-48fa-888c-cbf09aef2d79', 'uv_exchange-368000', 10, 'USD', '2023-09-29 14:27:01.129000', 'approved', '5488', 'item1'),
('62267f36-a1af-4071-80a8-db1363f5c772', 'uv_exchange-816627', 230, 'GBP', '2023-09-29 14:27:01.129000', 'canceled', '120464', 'item45'),
('6505a735-a057-464b-bd1e-49b99d913f23', 'uv_exchange-669164', 35, 'GBP', '2023-09-29 14:27:01.129000', 'canceled', '35106', 'item6'),
('66b6676d-d103-4342-ba0e-8208c19cc4a5', 'uv_exchange-45535', 115, 'USD', '2023-09-29 14:27:01.129000', 'approved', '98666', 'item22'),
('68ab6509-8530-48e3-85ec-65e6a8e7f617', 'uv_exchange-828888', 235, 'USD', '2023-09-29 14:27:01.129000', 'approved', '120956', 'item46'),
('6bf80913-4e46-43ab-b9c0-92195be1e8ca', 'uv_exchange-737838', 175, 'USD', '2023-09-29 14:27:01.129000', 'approved', '108969', 'item34'),
('6ec84071-eb09-4c8b-97f4-90213be8956f', 'uv_exchange-809369', 25, 'USD', '2023-09-29 14:27:01.129000', 'approved', '28813', 'item4'),
('756d844f-1776-452e-957f-35b5e3306852', 'uv_exchange-742731', 240, 'EUR', '2023-09-29 14:27:01.129000', 'pending', '121621', 'item47'),
('789191b5-1b0c-46a1-88a6-2fd175df45c3', 'uv_exchange-488328', 60, 'EUR', '2023-09-29 14:27:01.129000', 'pending', '68328', 'item11'),
('7ecfdae1-ac0d-4cc9-a709-3d824f3a6492', 'uv_exchange-451557', 210, 'EUR', '2023-09-29 14:27:01.129000', 'pending', '118674', 'item41'),
('8112d201-df1d-4b0d-9f6d-e7650ddc6e5b', 'uv_exchange-49450', 140, 'GBP', '2023-09-29 14:27:01.129000', 'canceled', '102107', 'item27'),
('82774b61-c3fc-4c2a-89df-02c3904df513', 'uv_exchange-231700', 85, 'USD', '2023-09-29 14:27:01.129000', 'approved', '90533', 'item16'),
('83030e2c-031b-492d-aa0e-a1cfd1bc126f', 'uv_exchange-521692', 225, 'EUR', '2023-09-29 14:27:01.129000', 'pending', '120307', 'item44'),
('833ce0a4-32ae-4778-b28a-81fb893ede86', 'uv_exchange-762911', 180, 'EUR', '2023-09-29 14:27:01.129000', 'pending', '112637', 'item35'),
('8654c069-1702-4ea5-8963-c96195cb34c1', 'uv_exchange-348560', 205, 'USD', '2023-09-29 14:27:01.129000', 'approved', '118226', 'item40'),
('8878e51d-427c-4eba-92f6-d5b67b835970', 'uv_exchange-389565', 15, 'GBP', '2023-09-29 14:27:01.129000', 'canceled', '26834', 'item3'),
('8e3e0f78-82cb-4bc5-8a04-c693ec2cc827', 'uv_exchange-768737', 245, 'GBP', '2023-09-29 14:27:01.129000', 'canceled', '121725', 'item48'),
('916ac5f8-11c8-4d9e-947b-beff71171f54', 'uv_exchange-571705', 65, 'GBP', '2023-09-29 14:27:01.129000', 'canceled', '68329', 'item12'),
('9774ba81-88a8-4278-92ed-69ceddbfc576', 'uv_exchange-364707', 250, 'USD', '2023-09-29 14:27:01.129000', 'approved', '121894', 'item49'),
('9903e58a-d546-4b90-bb15-4e6f3b7ddcca', 'uv_exchange-507811', 145, 'USD', '2023-09-29 14:27:01.129000', 'approved', '103535', 'item28'),
('9a531dc7-3c7b-4a68-82c1-bf920e1e2eb3', 'uv_exchange-430887', 70, 'USD', '2023-09-29 14:27:01.129000', 'approved', '71145', 'item13'),
('9dfd3750-41a5-4d39-960d-25525079169d', 'uv_exchange-596825', 150, 'EUR', '2023-09-29 14:27:01.129000', 'pending', '104885', 'item29'),
('a13ce0fd-5d15-4999-870e-129940504815', 'uv_exchange-652298', 45, 'EUR', '2023-09-29 14:27:01.129000', 'pending', '43609', 'item8'),
('a614986f-8238-4837-a6f7-bac1057baf1e', 'uv_exchange-713240', 220, 'USD', '2023-09-29 14:27:01.129000', 'approved', '120001', 'item43'),
('a6661033-51b9-4ab3-b334-0c90004a5315', 'uv_exchange-268049', 95, 'GBP', '2023-09-29 14:27:01.129000', 'canceled', '94906', 'item18'),
('b4db6952-1327-46e6-8414-8495490c3c21', 'uv_exchange-136246', 130, 'USD', '2023-09-29 14:27:01.129000', 'approved', '100676', 'item25'),
('ba797e21-17a7-480e-9a78-7d2358c4963f', 'uv_exchange-23119', 55, 'USD', '2023-09-29 14:27:01.129000', 'approved', '63841', 'item10'),
('c1828fb7-1d52-402a-8fae-c3a13951b7fe', 'uv_exchange-444158', 20, 'EUR', '2023-09-29 14:27:01.129000', 'pending', '14767', 'item2'),
('c1ded04f-13d2-445d-a0a4-40fd930c5834', 'uv_exchange-511734', 195, 'EUR', '2023-09-29 14:27:01.129000', 'pending', '117635', 'item38'),
('c626e92e-d08c-46ee-8eff-7d11d7031a53', 'uv_exchange-624051', 155, 'GBP', '2023-09-29 14:27:01.129000', 'canceled', '105069', 'item30'),
('c784f6d9-f371-48fa-a588-03bddfd90827', 'uv_exchange-608801', 170, 'GBP', '2023-09-29 14:27:01.129000', 'canceled', '107583', 'item33'),
('cf02c1c9-196d-41d6-85e0-6a2b828c4b94', 'uv_exchange-808494', 255, 'EUR', '2023-09-29 14:27:01.129000', 'pending', '122310', 'item50'),
('d4beddf1-fee1-4299-ba83-75a6defeaf13', 'uv_exchange-332824', 215, 'GBP', '2023-09-29 14:27:01.129000', 'canceled', '119592', 'item42'),
('ded68585-0d58-4aca-b19b-b55dd154c99a', 'uv_exchange-360243', 80, 'GBP', '2023-09-29 14:27:01.129000', 'canceled', '87949', 'item15'),
('e2388e31-5d2e-43d0-a321-6f899e5321d2', 'uv_exchange-835289', 30, 'EUR', '2023-09-29 14:27:01.129000', 'pending', '30708', 'item5'),
('e9518761-be24-4dee-a31a-563a07cbb003', 'uv_exchange-859461', 75, 'EUR', '2023-09-29 14:27:01.129000', 'pending', '78914', 'item14'),
('fb3652e8-5ef6-4c2a-8adc-576c21ad82f0', 'uv_exchange-661256', 125, 'GBP', '2023-09-29 14:27:01.129000', 'canceled', '99679', 'item24'),
('fe5aefb1-e749-4f72-a993-94d9ec0d25fc', 'uv_exchange-963611', 135, 'EUR', '2023-09-29 14:27:01.129000', 'pending', '101849', 'item26');

INSERT INTO `users` (`id`, `keycloak_sub_id`, `username`, `email`, `password`, `active`, `activation_token`, `reset_password_token`, `pic_pass`, `first_login`, `first_select_avatar`, `validated_by_parent`, `created_on`, `profile_id`, `enrolment_id`, `inventory_id`, `finance_id`, `avatar_id`, `role_id`) VALUES
(5488, '54074eb5-4b22-49da-97bf-0e4167fca9b6', 'aamarinf1271', 'aamarinf1271@localhost.com', '$2a$10$CXaU.9GUNkuVtjjrzlwg2usG.7hsOwrkSKKlotK6RHO7LC25ShEnq', 1, NULL, NULL, 0, 1, 1, 0, '2023-09-29 13:44:04.884017', '350e8cff-f8ff-4acf-86af-b8c118ccad9f', 'cb14e23a-5df1-47fd-838a-70d0dd46dc7b', '8957c199-ee3b-4089-89f9-1e9f22704aa4', 'cc153698-dd33-4249-9512-ccafa6621cf1', NULL, 7),
(14767, '2860c494-c48d-48eb-870d-3fbbadfd7b07', 'aecastellanosm6764', 'aecastellanosm6764@localhost.com', '$2a$10$CXaU.9GUNkuVtjjrzlwg2usG.7hsOwrkSKKlotK6RHO7LC25ShEnq', 1, NULL, NULL, 0, 1, 1, 0, '2023-09-29 13:44:04.903837', 'd3ab7b28-7cb4-4efa-95f6-74716762ffe9', '2bf8083f-54aa-41ae-b997-89487061bd43', '488a2483-6d7a-4ed4-bc66-9d3b3ba91d4e', '294a908d-f553-456c-972e-8fbf2e21cdc2', NULL, 7),
(26834, 'a91fc5ca-d3d8-41e8-98bd-cfe8d2d056c4', 'ajflord3037', 'ajflord3037@localhost.com', '$2a$10$CXaU.9GUNkuVtjjrzlwg2usG.7hsOwrkSKKlotK6RHO7LC25ShEnq', 1, NULL, NULL, 0, 1, 1, 0, '2023-09-29 13:44:04.910127', '1b015c32-623a-4d53-b824-76a66cfaa7f6', 'c04ac002-9a9d-4681-a7ca-a0f65d6a2b15', '19ed4602-f964-459a-b585-74f367b77066', '82a79b69-a3ed-4e52-8a0f-8168aa8e8d2d', NULL, 7),
(28813, '10015549-13a4-4c0d-be5a-7cddf22063cb', 'acastanog9902', 'acastanog9902@localhost.com', '$2a$10$CXaU.9GUNkuVtjjrzlwg2usG.7hsOwrkSKKlotK6RHO7LC25ShEnq', 1, NULL, NULL, 0, 1, 1, 0, '2023-09-29 13:44:04.871520', '5014d516-95c3-4454-8460-d85ed99f12aa', '1d6ff455-1f8e-4bcf-b97e-83997066fcc8', '85f1a39f-f689-4b51-af6e-2dc20e91d233', 'c75a8f5b-38a6-4258-bfc0-19c04766c3a8', NULL, 7),
(30708, '4dbb6df0-9fd8-47da-b133-8c21283e176c', 'agonzalezj7961', 'agonzalezj7961@localhost.com', '$2a$10$CXaU.9GUNkuVtjjrzlwg2usG.7hsOwrkSKKlotK6RHO7LC25ShEnq', 1, NULL, NULL, 0, 1, 1, 0, '2023-09-29 13:44:04.872566', '477adc1e-61c3-453a-b3ae-3b8334fa9306', 'e09ae3d4-8c57-49b5-8a70-05cf2af2707e', '2ef1bd1a-98fa-4a71-b9a7-5ec27231b71d', 'dbdf4060-4399-45e1-95b3-e6e19ae968fc', NULL, 7),
(35106, '72f045a4-a1aa-42d2-ac43-1e749e1c49a8', 'accordobau1144', 'accordobau1144@localhost.com', '$2a$10$CXaU.9GUNkuVtjjrzlwg2usG.7hsOwrkSKKlotK6RHO7LC25ShEnq', 1, NULL, NULL, 0, 1, 1, 0, '2023-09-29 13:44:04.891968', 'f1d469b0-d695-48c4-bdad-eeaa6e17e941', 'ec7a6345-8386-4f47-a926-f687e3b4da30', '3e9ec7b4-7398-42b9-aa14-aee31d9ea1bb', 'ee1c2538-c1c6-4df7-ae0b-845a15071524', NULL, 7),
(36492, '2b25b867-8a41-4a41-abdc-f108bbc8b86c', 'alozanof5992', 'alozanof5992@localhost.com', '$2a$10$CXaU.9GUNkuVtjjrzlwg2usG.7hsOwrkSKKlotK6RHO7LC25ShEnq', 1, NULL, NULL, 0, 1, 1, 0, '2023-09-29 13:44:04.861079', '9d7369c9-053d-43b5-8101-f1fde63079a9', '66d73756-7b2c-4cc3-b8ba-9f2e1075af6c', 'bbf8cec6-b72b-4e77-b90e-bf62502b85ff', '0e484a5a-c6d3-4aa9-bc47-57d018a09b0c', NULL, 7),
(43609, 'd692412c-a78c-4c0f-9879-6ce52474b4a9', 'adramirezr7107', 'adramirezr7107@localhost.com', '$2a$10$CXaU.9GUNkuVtjjrzlwg2usG.7hsOwrkSKKlotK6RHO7LC25ShEnq', 1, NULL, NULL, 0, 1, 1, 0, '2023-09-29 13:44:04.894340', 'a7baf419-3068-4461-9074-86087839dc06', 'f78940b2-d02e-4011-9c59-f8bb4fd29638', '42f8165e-1bf4-4a3a-8c6f-d69ff65129f3', '634a2f1a-2663-4351-aa1c-3535204703ce', NULL, 7),
(61942, '973e973e-0c8b-48f5-b8eb-9a14865e5a7d', 'aamayah6182', 'aamayah6182@localhost.com', '$2a$10$CXaU.9GUNkuVtjjrzlwg2usG.7hsOwrkSKKlotK6RHO7LC25ShEnq', 1, NULL, NULL, 0, 1, 1, 0, '2023-09-29 13:44:04.869432', '640b820a-18cb-40a3-ac4b-89d847866720', '6a26bb73-8e25-4609-a295-a4fadd2845f9', 'b3519fb1-8e59-437c-b4d1-6f23f424d3ca', '991aca8e-fa92-4f74-94e8-72faaf51f578', NULL, 7),
(63841, '6fd0848a-9149-415f-841e-046bced0c28c', 'aftamayoe7141', 'aftamayoe7141@localhost.com', '$2a$10$CXaU.9GUNkuVtjjrzlwg2usG.7hsOwrkSKKlotK6RHO7LC25ShEnq', 1, NULL, NULL, 0, 1, 1, 0, '2023-09-29 13:44:04.906502', 'e25dd47b-e633-49fb-8c94-1ca306295728', '860ffefe-5425-46fe-a93f-0ac0a5342ce5', '1ce32f9c-05d1-46b1-85cf-f24e0aefe2cc', '41297c26-2f06-4923-9805-fe9a5cd4fc82', NULL, 7),
(68328, '6e63d1ec-51d7-4193-803c-33ffda07817c', 'agmachadol8390', 'agmachadol8390@localhost.com', '$2a$10$CXaU.9GUNkuVtjjrzlwg2usG.7hsOwrkSKKlotK6RHO7LC25ShEnq', 1, NULL, NULL, 0, 1, 1, 0, '2023-09-29 13:44:04.868451', '7b592a42-c99d-4f8d-ab2e-b5b8f79b278a', 'ab6faf08-1aa8-469e-b429-8310c11a6576', '0cbc1e54-d527-4f51-926b-23575fe877ab', '516d6a74-a156-48a5-8bae-1f4f34d0b113', NULL, 7),
(68329, 'c10ee477-d648-494d-b6e5-81e911aa689c', 'agmachadol6440', 'agmachadol6440@localhost.com', '$2a$10$CXaU.9GUNkuVtjjrzlwg2usG.7hsOwrkSKKlotK6RHO7LC25ShEnq', 1, NULL, NULL, 0, 1, 1, 0, '2023-09-29 13:44:04.907382', 'cf136f75-18f2-42c5-9d97-912904d90fd1', 'e6fc2a6a-e352-4387-919c-209eab32b0a7', '11835751-3369-44e8-bfcf-2fe835d1d940', '82e38b00-33d3-4072-b930-5775cbfab06d', NULL, 7),
(71145, 'f2a11797-bb30-4878-9449-73c897c47bd2', 'aagrajalest9286', 'aagrajalest9286@localhost.com', '$2a$10$CXaU.9GUNkuVtjjrzlwg2usG.7hsOwrkSKKlotK6RHO7LC25ShEnq', 1, NULL, NULL, 0, 1, 1, 0, '2023-09-29 13:44:04.889830', '22ea56dd-b5cd-4edf-81d5-a79602a1de2c', '3a8f530b-825e-4aa8-8641-6c7e63f2e85e', 'b5996edf-8cc2-4d5a-9976-621b0e56750c', '65d018c8-acaf-4905-aa40-f594851d170d', NULL, 7),
(78914, '693b0fd9-e884-4b94-b3dc-bc6246e76044', 'ahurtadov9178', 'ahurtadov9178@localhost.com', '$2a$10$CXaU.9GUNkuVtjjrzlwg2usG.7hsOwrkSKKlotK6RHO7LC25ShEnq', 1, NULL, NULL, 0, 1, 1, 0, '2023-09-29 13:44:04.873558', '78e17d7b-807c-435b-9d15-6dbb1111b0ec', 'f21b31ae-7067-46f4-85b5-b7abe0713964', 'e0073a54-3781-403b-b68c-209cb7497b66', '348f8b32-5349-45cc-8325-b2ea5d76e6b1', NULL, 7),
(87949, '75029eb4-aae8-488e-a852-7d4c335a0810', 'ajjoyas2149', 'ajjoyas2149@localhost.com', '$2a$10$CXaU.9GUNkuVtjjrzlwg2usG.7hsOwrkSKKlotK6RHO7LC25ShEnq', 1, NULL, NULL, 0, 1, 1, 0, '2023-09-29 13:44:04.911018', '0f6f9984-6bac-4072-8b4e-21fa4ae73bee', '6b1efe04-896c-41b1-a55f-aacdb3ea8d19', '7d0a0523-3005-498d-834c-08831f395e16', '7adcfb89-58df-4944-b1ff-7e2eae61854c', NULL, 7),
(90533, '1dcaa44a-d831-4eab-bc4b-0f1424efb524', 'ajbelisariog0782', 'ajbelisariog0782@localhost.com', '$2a$10$CXaU.9GUNkuVtjjrzlwg2usG.7hsOwrkSKKlotK6RHO7LC25ShEnq', 1, NULL, NULL, 0, 1, 1, 0, '2023-09-29 13:44:04.913364', 'ab333560-2f83-4461-b227-de453e987a24', '11e6d932-a2f8-4ca6-976c-5e3a4614843e', '3ad9c1e1-8414-456b-81a7-a050030afc9f', '1dbb12ff-4e7e-4e33-8a6d-3512078b8972', NULL, 7),
(94572, '1071adbe-8d9e-4fae-b30a-98412547708c', 'aepinchaor6238', 'aepinchaor6238@localhost.com', '$2a$10$CXaU.9GUNkuVtjjrzlwg2usG.7hsOwrkSKKlotK6RHO7LC25ShEnq', 1, NULL, NULL, 0, 1, 1, 0, '2023-09-29 13:44:04.905621', '96462464-4807-4475-a09b-03690ad6fe25', '76766738-d768-49b2-b1f9-1b297551c644', 'b73a5810-d577-4635-bd8c-b40832a54aae', '5f4e87cf-4948-4edb-ab70-496806cc4f73', NULL, 7),
(94906, 'fdd2a057-992f-4421-aab9-5a10dc036770', 'aadelgadoq7824', 'aadelgadoq7824@localhost.com', '$2a$10$CXaU.9GUNkuVtjjrzlwg2usG.7hsOwrkSKKlotK6RHO7LC25ShEnq', 1, NULL, NULL, 0, 1, 1, 0, '2023-09-29 13:44:04.888039', 'e6893ba2-4747-48bb-a999-c6a48d187900', '0bb0322f-d354-4cdf-80d0-755a91164ab4', '42c268a1-b6c7-4d00-a530-eb7c25e8a40e', '571068d5-cd1a-40cf-8c31-50b1ea3f4c23', NULL, 7),
(96666, 'caa3e280-67ee-40f8-90f9-f6ec02370f41', 'asanchezc6489', 'asanchezc6489@localhost.com', '$2a$10$yajdhbZqO.ct0m1rSDM9B.WpCN86PAdE6WpReht2MY.2gRXE5j4gu', 1, NULL, NULL, 1, 1, 1, 0, '2023-09-29 13:44:04.879234', 'ce12d622-9c40-4ec4-a58b-81f7ca331641', '276b8e59-9251-4ab5-9697-e3bb350fb266', 'eaf52486-cef7-4d34-9f24-df7150d236e8', '7fb7c32a-6c91-46d5-882e-1987e1e13a80', NULL, 7),
(97660, '150c5fa5-bf30-4000-97de-4f02b893a17e', 'ajduarteo2538', 'ajduarteo2538@localhost.com', '$2a$10$yajdhbZqO.ct0m1rSDM9B.WpCN86PAdE6WpReht2MY.2gRXE5j4gu', 1, NULL, NULL, 1, 1, 1, 0, '2023-09-29 13:44:04.917825', '7c0433d7-1925-458a-9ddf-9450abd16a34', '86e373ff-d93b-4808-a6b6-f042daa90f60', 'bd19a315-adeb-4b73-8b09-353508a69eff', '67bcd846-e947-4451-b74d-f0dcdf272885', NULL, 7),
(97772, '49428f8e-427d-4eee-b04c-b93e4ec3c0c7', 'aadiazr6973', 'aadiazr6973@localhost.com', '$2a$10$yajdhbZqO.ct0m1rSDM9B.WpCN86PAdE6WpReht2MY.2gRXE5j4gu', 1, NULL, NULL, 1, 1, 1, 0, '2023-09-29 13:44:04.885352', 'ca128050-e590-4483-8599-e666b0b665a4', '889db71a-94ca-44c2-b0be-c4960ae1a953', 'd50ff4e3-906d-401c-aa9f-41a053b2ddd3', '07c27f79-8ca0-4ae0-904e-5d7458542cf9', NULL, 7),
(98666, '00b42552-c477-4ac6-85f5-369a1dc04d8b', 'ailizarzador4946', 'ailizarzador4946@localhost.com', '$2a$10$yajdhbZqO.ct0m1rSDM9B.WpCN86PAdE6WpReht2MY.2gRXE5j4gu', 1, NULL, NULL, 1, 1, 1, 0, '2023-09-29 13:44:04.909147', '53f8499b-6172-4715-a4a9-ce9cf4fdc3ba', '4bd050a2-b138-402e-b855-0beb835b1846', '4584bdd9-7f14-4212-895e-84c8a81ea8e3', 'c23ba053-431b-4b90-8ac4-f9132d64ec69', NULL, 7),
(99195, 'd820b717-c51c-489e-b5cb-be7cf0373294', 'adcalderont6462', 'adcalderont6462@localhost.com', '$2a$10$yajdhbZqO.ct0m1rSDM9B.WpCN86PAdE6WpReht2MY.2gRXE5j4gu', 1, NULL, NULL, 1, 1, 1, 0, '2023-09-29 13:44:04.893431', '547768fc-4901-4a47-82fb-2afa3db9784d', '2e57d4ee-4ea4-4644-9eba-a6c81c415874', '5fbfecf9-5ce5-46af-a8b4-18ad67255065', 'cdd01f0b-ba98-44d8-8cde-e5e77ff2f539', NULL, 7),
(99679, '15fe8476-a6e3-4735-81ab-fd672714073c', 'adcueltano7310', 'adcueltano7310@localhost.com', '$2a$10$yajdhbZqO.ct0m1rSDM9B.WpCN86PAdE6WpReht2MY.2gRXE5j4gu', 1, NULL, NULL, 1, 1, 1, 0, '2023-09-29 13:44:04.897413', 'b7ae16a8-ed9b-4ba5-afdf-ed8da2034543', '20b5ea2f-b760-41f6-8c5e-d16233317f95', '3b129678-4820-4dba-a6d2-08003dcd0446', '834772b7-aad6-4a45-b93b-5f1edeec1b23', NULL, 7),
(100676, 'dcef30c8-2465-4e64-9de2-45210fab7a63', 'adgonzalezc6650', 'adgonzalezc6650@localhost.com', '$2a$10$CXaU.9GUNkuVtjjrzlwg2usG.7hsOwrkSKKlotK6RHO7LC25ShEnq', 1, NULL, NULL, 0, 1, 1, 0, '2023-09-29 13:44:04.900411', '4d29995a-97ba-475f-b7fa-0479dc0f4f4a', 'a1c9e07a-067c-4e05-b928-63b862899ad8', '3dfeb25d-6434-4c54-87f3-2be5c8b1954a', '047524aa-575e-4d6b-8ed6-f7885c1d6df9', NULL, 7),
(101849, '5007cb19-4d3e-4a95-9799-45541f32ece8', 'aagonzalezb9301', 'aagonzalezb9301@localhost.com', '$2a$10$yajdhbZqO.ct0m1rSDM9B.WpCN86PAdE6WpReht2MY.2gRXE5j4gu', 1, NULL, NULL, 1, 1, 1, 0, '2023-09-29 13:44:04.888929', '74510f7e-a272-405a-8093-2930e35d5ab1', '58759f27-b81c-40d2-9009-3baeecdb428b', '73ae59a6-a62a-47e6-ba97-879441b63fca', '81e3f80d-d329-4118-be26-853474bea19f', NULL, 7),
(102107, 'b28bb243-6081-4691-9cd1-679ba32932fc', 'avalenciac6447', 'avalenciac6447@localhost.com', '$2a$10$CXaU.9GUNkuVtjjrzlwg2usG.7hsOwrkSKKlotK6RHO7LC25ShEnq', 1, NULL, NULL, 0, 1, 1, 0, '2023-09-29 13:44:04.881147', '881efcee-fdcf-4860-a167-6b427c9ffd10', 'b31759e3-6fc2-43d0-a216-7718595cfb99', '53a4a6de-2e44-417e-8754-b449ab0894a8', 'ff4605a9-a9e5-4649-bf6d-02f19752f92f', NULL, 7),
(103535, '8b23bbe0-93a1-4a91-8e47-d9a27cc8fa50', 'aaranas1360', 'aaranas1360@localhost.com', '$2a$10$yajdhbZqO.ct0m1rSDM9B.WpCN86PAdE6WpReht2MY.2gRXE5j4gu', 1, NULL, NULL, 1, 1, 1, 0, '2023-09-29 13:44:04.870560', '385ea164-0dd2-4bd9-b5b1-0ac4ad712a64', '22a0d4a9-055e-4617-ae1e-2ebe78fc0417', 'e5b0b926-791e-4ce0-870e-db7448e96906', '666bd1a2-f766-4cc6-a701-0a9cca8999f5', NULL, 7),
(104885, '215aa71d-3232-47d5-880d-7a0cfdcd6673', 'aahinestrozar2353', 'aahinestrozar2353@localhost.com', '$2a$10$yajdhbZqO.ct0m1rSDM9B.WpCN86PAdE6WpReht2MY.2gRXE5j4gu', 1, NULL, NULL, 1, 1, 1, 0, '2023-09-29 13:44:04.886845', '2ce65764-ca7b-403b-8265-28cc9d46ab4a', '9035cff6-8d3e-425e-a5fd-85b118b35ddc', 'd7389ecc-d147-4c66-b7f4-5d2b1668eae8', '76513165-1804-4ba2-a712-2a21c02b3154', NULL, 7),
(105069, 'f7d0687f-65d4-4cc0-a7a0-c0ab34c99302', 'alondonoa0709', 'alondonoa0709@localhost.com', '$2a$10$yajdhbZqO.ct0m1rSDM9B.WpCN86PAdE6WpReht2MY.2gRXE5j4gu', 1, NULL, NULL, 1, 1, 1, 0, '2023-09-29 13:44:04.874478', '225b4050-7d27-422f-830e-37710dfa9423', 'a9c31c27-3fdf-488d-aee0-5213a7c8029b', '2e96c4fb-eba0-464c-bc5c-3b6622663aea', '9156ad0a-9317-4d63-857d-6ce1c07bab04', NULL, 7),
(106557, 'a403bbec-2618-46e6-84f5-083f061ca177', 'anunezv4034', 'anunezv4034@localhost.com', '$2a$10$yajdhbZqO.ct0m1rSDM9B.WpCN86PAdE6WpReht2MY.2gRXE5j4gu', 1, NULL, NULL, 1, 1, 1, 0, '2023-09-29 13:44:04.877226', '09f18d55-fe28-4697-9288-2bbb940d3bb4', 'b001de9e-0c9b-434d-a1ed-3bcaec641e28', 'ce2381c5-e0e0-46b2-b58c-5ed4e3994726', '845af0b8-6bae-4c42-8a4b-d241f3ae485d', NULL, 7),
(106958, 'cbb8d022-e698-48df-90dc-0a0cd7a06312', 'avasqueza9405', 'avasqueza9405@localhost.com', '$2a$10$yajdhbZqO.ct0m1rSDM9B.WpCN86PAdE6WpReht2MY.2gRXE5j4gu', 1, NULL, NULL, 1, 1, 1, 0, '2023-09-29 13:44:04.867454', '31fd3145-40f4-4ed9-8d82-af2e922ef224', '3df2b9cf-dc02-4cf0-8fb3-736ba1acee6c', 'b8b4328a-aa3b-4316-89c0-b8e47e43de93', '33b97dbb-9eaa-48cf-bc10-78a41741e938', NULL, 7),
(107583, '3a6cfabe-0b56-4fee-9056-7140f63707e5', 'agperezp4368', 'agperezp4368@localhost.com', '$2a$10$yajdhbZqO.ct0m1rSDM9B.WpCN86PAdE6WpReht2MY.2gRXE5j4gu', 1, NULL, NULL, 1, 1, 1, 0, '2023-09-29 13:44:04.908258', '41758b64-e1dd-4c7c-93ad-58813cc980eb', '546c970a-43fd-4513-a319-e1ae2ff5e247', 'd49eaa6c-2a63-4668-a201-c97320f96792', '09f0272c-a096-46d9-93c0-8a78a4f33f07', NULL, 7),
(108969, 'ea796097-3cf1-40ae-9664-492565e83051', 'anoriegaj1867', 'anoriegaj1867@localhost.com', '$2a$10$yajdhbZqO.ct0m1rSDM9B.WpCN86PAdE6WpReht2MY.2gRXE5j4gu', 1, NULL, NULL, 1, 1, 1, 0, '2023-09-29 13:44:04.876330', '49beab56-a9ce-4463-bc27-97ca3cb5461b', '852d7cb5-ade2-45c4-8418-e351c0c1aec1', '6b4c060f-3f51-435a-be78-bb3b3cff1135', '2e234c9d-4fde-4e4f-9388-24525f214b4e', NULL, 7),
(112637, '2717214e-e1f5-46f8-b6e6-a20e433c53cc', 'amendeza8707', 'amendeza8707@localhost.com', '$2a$10$yajdhbZqO.ct0m1rSDM9B.WpCN86PAdE6WpReht2MY.2gRXE5j4gu', 1, NULL, NULL, 1, 1, 1, 0, '2023-09-29 13:44:04.875408', '7fe65145-0dd5-4be0-ab7f-650c935297b8', '4e083645-f2d2-457e-bba6-ccdf1f18b9f0', 'fa7701fe-4a72-40fd-8063-755ba23db008', '754434c1-f32f-4e9f-8d77-cfa53f6fba5f', NULL, 7),
(115922, 'f68bc55d-a36e-4065-9aeb-54cc9a6e6669', 'adpalominod5564', 'adpalominod5564@localhost.com', '$2a$10$yajdhbZqO.ct0m1rSDM9B.WpCN86PAdE6WpReht2MY.2gRXE5j4gu', 1, NULL, NULL, 1, 1, 1, 0, '2023-09-29 13:44:04.902564', '8c86cfe1-2524-41cd-9309-b6db6dd9aa1b', '33619298-85d5-49b2-8f52-15e0e9d88737', '427d8f0b-ced3-4e06-8669-43ee2b291faa', '9e55f501-f45d-427f-9493-35f7706a84cf', NULL, 7),
(116848, '531b096f-1931-444e-ba69-c290bb22c0b9', 'aamoraleza5745', 'aamoraleza5745@localhost.com', '$2a$10$yajdhbZqO.ct0m1rSDM9B.WpCN86PAdE6WpReht2MY.2gRXE5j4gu', 1, NULL, NULL, 1, 1, 1, 0, '2023-09-29 13:44:04.883115', '34a1c4c9-843f-4dd2-af37-299653c4ce47', 'b30b8aab-343f-423d-a2b9-81d62b4a0ee3', '2865e804-a998-47d9-bf26-cb60c59933b4', '80e9cb0e-7575-4d87-81db-a3aca3384a9c', NULL, 7),
(117635, '08193bf9-dce1-454f-8487-a784033b598d', 'adidrobov3034', 'adidrobov3034@localhost.com', '$2a$10$yajdhbZqO.ct0m1rSDM9B.WpCN86PAdE6WpReht2MY.2gRXE5j4gu', 1, NULL, NULL, 1, 1, 1, 0, '2023-09-29 13:44:04.901325', 'b9fc07e2-a9f5-4518-8604-68df397cb080', 'dfa975c5-7155-4726-8312-8015a0ff90d4', '3b319e2c-3c36-4cec-bca0-93828a31b3e3', 'd08a750b-b7db-4412-a68a-ce25b8979978', NULL, 7),
(117908, '4d125b75-129f-4bb8-bbd3-55e904e3ac73', 'aajaramillom0989', 'aajaramillom0989@localhost.com', '$2a$10$yajdhbZqO.ct0m1rSDM9B.WpCN86PAdE6WpReht2MY.2gRXE5j4gu', 1, NULL, NULL, 1, 1, 1, 0, '2023-09-29 13:44:04.890922', 'cb2acbc3-8a8b-407a-9ab2-602a3d8e8f3e', 'dd7ccff1-02e9-47a1-9644-eb43f96caa65', '3e52e218-b3f4-4e25-af48-5f0aac84263e', 'f3387465-822e-4c92-a006-b452ddf516f7', NULL, 7),
(118226, '256ed8f2-693e-4e8c-8e32-6d0c726d7d71', 'addominguezm7883', 'addominguezm7883@localhost.com', '$2a$10$yajdhbZqO.ct0m1rSDM9B.WpCN86PAdE6WpReht2MY.2gRXE5j4gu', 1, NULL, NULL, 1, 1, 1, 0, '2023-09-29 13:44:04.898359', '7c232367-e1d1-4655-835e-46fb4e09a30f', 'cec83a47-8bab-41e9-b3fc-c3e37e743ae6', 'e9ec6a77-5805-47c7-96e4-9d9b449e99a9', '4c79609b-035c-4292-97a5-d212ee7f9719', NULL, 7),
(118674, 'e3cf1f83-8dcf-428a-a566-27cfe7205deb', 'ajsalazarr7707', 'ajsalazarr7707@localhost.com', '$2a$10$CXaU.9GUNkuVtjjrzlwg2usG.7hsOwrkSKKlotK6RHO7LC25ShEnq', 1, NULL, NULL, 0, 1, 1, 0, '2023-09-29 13:44:04.911920', 'd1163c87-c5e6-4760-89eb-2548d33808b6', 'e3012478-fdf9-4f03-bdfa-f26f8612aebc', '9b6903d5-6207-4f40-bf64-e1de34aabb89', 'c441f730-7b57-42fc-ad8c-07bccf06da86', NULL, 7),
(119592, 'ff487156-e8fe-4c91-b7bb-8e061a097953', 'arinconm9886', 'arinconm9886@localhost.com', '$2a$10$yajdhbZqO.ct0m1rSDM9B.WpCN86PAdE6WpReht2MY.2gRXE5j4gu', 1, NULL, NULL, 1, 1, 1, 0, '2023-09-29 13:44:04.878144', '960eb7c4-1837-4ccc-b671-218988b9772d', 'd6180f77-1697-4c33-a867-6445efe5a8e0', '26b6f30d-1f0c-40ae-9cda-8dfb20e710e2', 'bc6b7f57-8a98-42dd-927a-fc1638fd1710', NULL, 7),
(120001, 'd6ef60e7-a9b8-4338-b073-77221c883702', 'adramosr2121', 'adramosr2121@localhost.com', '$2a$10$yajdhbZqO.ct0m1rSDM9B.WpCN86PAdE6WpReht2MY.2gRXE5j4gu', 1, NULL, NULL, 1, 1, 1, 0, '2023-09-29 13:44:04.895297', '07649c34-b9aa-4723-acab-6f4ca4a81a7f', '7a45810e-2b99-4811-ae45-46ef841f636c', 'dd4734ae-8cc8-4feb-9978-76012a863169', 'dd279716-90a9-4f47-86cb-67dc169ac3e2', NULL, 7),
(120307, '88e2e6db-29f1-4845-9219-e16748d00580', 'aevaleros6656', 'aevaleros6656@localhost.com', '$2a$10$yajdhbZqO.ct0m1rSDM9B.WpCN86PAdE6WpReht2MY.2gRXE5j4gu', 1, NULL, NULL, 1, 1, 1, 0, '2023-09-29 13:44:04.904740', 'd5d0d98c-a67a-469d-9a18-948a0c97b591', '717f64cf-9c3f-43ac-9a48-e919c650d2f7', '96a5bf0a-4f55-4165-9dbe-bef9d79cb04f', '976ba3a7-5707-4935-97ca-a31ae4046d50', NULL, 7),
(120464, 'a97e77b5-1748-4e17-bb4d-ddd07520f0c6', 'avalenciac6975', 'avalenciac6975@localhost.com', '$2a$10$yajdhbZqO.ct0m1rSDM9B.WpCN86PAdE6WpReht2MY.2gRXE5j4gu', 1, NULL, NULL, 1, 1, 1, 0, '2023-09-29 13:44:04.882186', 'b6dee886-d59f-4a5c-a468-90a31032bcb8', 'd8e7b713-02f0-4899-9b43-5a5438626ba2', '8bce3150-2a8c-4517-9233-597b1750c052', 'c269547a-de00-4f72-94d0-8946c29d3ee4', NULL, 7),
(120956, '4e0d33f3-0b95-4f5a-b0d6-6c3edc94f58f', 'adescobarr2243', 'adescobarr2243@localhost.com', '$2a$10$yajdhbZqO.ct0m1rSDM9B.WpCN86PAdE6WpReht2MY.2gRXE5j4gu', 1, NULL, NULL, 1, 1, 1, 0, '2023-09-29 13:44:04.899290', '664c2a97-272f-4c32-92e4-0d9a10979029', 'c410620d-2ecc-4f43-a1db-7d31533fa777', 'fd8b13b8-534d-420f-954e-cc18b6997187', 'f936e5ac-2b17-486e-bca6-ce9d4e530b98', NULL, 7),
(121621, '9a1e4819-a72d-4216-93d8-c31204473951', 'aevinascov8289', 'aevinascov8289@localhost.com', '$2a$10$yajdhbZqO.ct0m1rSDM9B.WpCN86PAdE6WpReht2MY.2gRXE5j4gu', 1, NULL, NULL, 1, 1, 1, 0, '2023-09-29 13:44:04.864646', '929b95a5-225a-42a4-9b20-0774ef27bbca', '4695c758-1e23-498a-9966-bec4f206aebe', 'f8dfbc07-3ccb-4ad0-acc5-af0def3f6b58', '7f1584fe-f39c-4bbb-afa9-76e51c7fe9ae', NULL, 7),
(121725, '3c818619-f893-4fe5-a3c1-dccb6bed4270', 'amicoltad1172', 'amicoltad1172@localhost.com', '$2a$10$yajdhbZqO.ct0m1rSDM9B.WpCN86PAdE6WpReht2MY.2gRXE5j4gu', 1, NULL, NULL, 1, 1, 1, 0, '2023-09-29 13:44:04.866145', '8802457d-759d-48f3-a492-4bc25446e202', '75ea4e54-0e1a-41aa-a027-35d513b9edf4', 'efba99cd-9142-4326-acc7-dbb18cce2622', 'd8d80ba8-2d96-4aee-b948-84c2bdbdb98f', NULL, 7),
(121894, 'c5db33ad-9f36-4eae-90ea-f085236c13f1', 'asotot2956', 'asotot2956@localhost.com', '$2a$10$yajdhbZqO.ct0m1rSDM9B.WpCN86PAdE6WpReht2MY.2gRXE5j4gu', 1, NULL, NULL, 1, 1, 1, 0, '2023-09-29 13:44:04.880213', '94b543db-c60a-4985-8889-fed1ceb9640e', '89a53113-8326-49e8-80ef-c548e9e861c7', 'dfa6aefc-9d7f-4863-8e46-80079f0ee6f5', 'fb70c414-4bbb-4813-93a5-a6df8f98d185', NULL, 7),
(122310, '8cd476e8-12f2-4ead-9afc-7c74b1d1190b', 'adcastroe8873', 'adcastroe8873@localhost.com', '$2a$10$yajdhbZqO.ct0m1rSDM9B.WpCN86PAdE6WpReht2MY.2gRXE5j4gu', 1, NULL, NULL, 1, 1, 1, 0, '2023-09-29 13:44:04.896393', 'e7641c1b-1e90-483f-91e9-86a1089ed74b', 'b9ab97e6-20aa-4601-b571-93985786e48c', 'df110a10-71bb-4364-9d2a-602fbf6e0738', 'a7a8bf33-4b31-463c-821a-de3df66b4343', NULL, 7),
(122311, '7968fcdc-17f6-4747-8ad7-db323c6a8868', '1005095871', 'juanogr8@gmail.com', '$2a$10$tokwppL1au/JlRivPoVbuuUG5FUiRcqY1AJ15PJNQYpTFdvC7M3RS', 0, NULL, NULL, 0, 1, 1, 0, '2023-09-29 13:44:21.041242', NULL, NULL, NULL, NULL, NULL, 8),
(122312, 'ec323dd5-ed78-483d-b3d9-f7bb68b5907e', '1061711740', 'marucha_209@hotmail.com', '$2a$10$PxW9.55Bqjj6hYG.9elvIudUMH8wBV1SpgczjIxotq94RMxxgpLBy', 0, NULL, NULL, 0, 1, 1, 0, '2023-09-29 13:44:21.043189', NULL, NULL, NULL, NULL, NULL, 8),
(122313, '5da6c177-1413-49f5-ba32-4909276228f6', '1112957150', 'tatacalero59590@hotmail.com', '$2a$10$mhabHHr1gvpSe9DjOJURrOrrkosuJCqi9sQJFHgo1v1sxYfMs5Z1.', 0, NULL, NULL, 0, 1, 1, 0, '2023-09-29 13:44:21.044573', NULL, NULL, NULL, NULL, NULL, 8),
(122314, 'c566a92b-b9af-44bd-9112-a75388375082', '1114060677', 'b.rayan.p116@gmail.com', '$2a$10$pZrRf4fyLPefIdnkQlvUSuZ/gwHTqZhujBFtk6yPNo.1LLuC3vvBW', 0, NULL, NULL, 0, 1, 1, 0, '2023-09-29 13:44:21.045777', NULL, NULL, NULL, NULL, NULL, 8),
(122315, '6d2e8cd1-34fa-4a3c-977e-5e1a2c16558b', '1115183874', 'eayc12@gmail.com', '$2a$10$c2dFFyrnQD4lkMIZx3P1b.XNZW/GjzVijpBDbfZLhMKNTLfGKECOa', 0, NULL, NULL, 0, 1, 1, 0, '2023-09-29 13:44:21.047420', NULL, NULL, NULL, NULL, NULL, 8),
(122316, '7c680301-4ab3-4d5f-b1e5-da72d8c98574', '1115185303', 'limacudo@gmail.com', '$2a$10$DslNGL1.YglcR/Hk9nkq6u/kKlUqAakuTij.VJZwg758sfqCUgbdS', 0, NULL, NULL, 0, 1, 1, 0, '2023-09-29 13:44:21.048380', NULL, NULL, NULL, NULL, NULL, 8),
(122317, '472a003f-e8a8-4164-818c-f7b091a30dba', '1130630991', 'teachernandez01@gmail.com', '$2a$10$rSW0vbblewKao5zoLZ.i5etHELp.i5s68ntykKOnWMUC5LH9OK/5i', 0, NULL, NULL, 0, 1, 1, 0, '2023-09-29 13:44:21.049656', NULL, NULL, NULL, NULL, NULL, 8),
(122318, 'df4c18c9-d881-4dc2-8845-291ce4925af3', '17445918', 'gilbo1967@yahoo.es', '$2a$10$cD3bv5ve1kmF0G6Nhi1HrO3uAxyEQNKU/YL9ri6mgKu8PKafrkLS6', 0, NULL, NULL, 0, 1, 1, 0, '2023-09-29 13:44:21.050881', NULL, NULL, NULL, NULL, NULL, 8),
(122319, 'dc068b36-ddaa-4b90-bd3d-62faf4b0cde8', '18389099', 'elipa97@hotmail.com', '$2a$10$lWx28DC9EDYje9yq9Yc9benNEBuzUsCaOkGJ0VnlMpIZ6LVUcvYgW', 0, NULL, NULL, 0, 1, 1, 0, '2023-09-29 13:44:21.052369', NULL, NULL, NULL, NULL, NULL, 8),
(122320, '7e5f4586-71c2-4a93-8a3d-92edb01b358c', '29326404', 'pinli58@hotmail.com', '$2a$10$cWX1MAvyhuMKsF95jGTy.uRCjjXpGr3en5vZvIrR4ltNfeAzg5cHK', 0, NULL, NULL, 0, 1, 1, 0, '2023-09-29 13:44:21.053522', NULL, NULL, NULL, NULL, NULL, 8),
(122321, 'a6d950c8-f9aa-4ea0-be81-9b93ab43f1fe', '29326430', 'anaceciliaarboleda@hotmail.com', '$2a$10$yNiDgoi0qCCiHLppI/ucN.GEQHo81TlbHz05QQnEDp4NMooGLguTi', 0, NULL, NULL, 0, 1, 1, 0, '2023-09-29 13:44:21.055016', NULL, NULL, NULL, NULL, NULL, 8),
(122322, '87f6dbc0-4b1a-46b5-b384-4b450e68ff2b', '29326437', 'ofecamo02@hotmail.com', '$2a$10$VP5Theo3L.sFc1NL3M89s.VA8Sqy2YdkoX57/WCLHfwGxIvbuLSWO', 0, NULL, NULL, 0, 1, 1, 0, '2023-09-29 13:44:21.056087', NULL, NULL, NULL, NULL, NULL, 8),
(122323, 'c26e210b-e685-4fde-b500-6bf6dfc08376', '29326556', 'auzasa@hotmail.com', '$2a$10$UiyX6IPPrJSTVt7BUAyMieooQjWRih9/MJwoFxIZl9o2uBhVr0PlO', 0, NULL, NULL, 0, 1, 1, 0, '2023-09-29 13:44:21.057173', NULL, NULL, NULL, NULL, NULL, 8),
(122324, '8ec78e84-0e6a-4f9a-ab8c-1b12c88756cd', '29327229', 'mariaeramirez110@hotmail.com', '$2a$10$wZVtYCYav0LTNxGDj.325e2hosUfBhfXsPZwHLuqU.U6YrkZzAIN2', 0, NULL, NULL, 0, 1, 1, 0, '2023-09-29 13:44:21.058178', NULL, NULL, NULL, NULL, NULL, 8),
(122325, 'fb0fc122-3a84-46f1-94ce-7fed7ea93396', '29327392', 'consuelo_barrios@hotmail.com', '$2a$10$1EHxHk7qf4IMgTVdnqYya.U/jAqbzQfY0dJV7NGen4W5bTS.ko292', 0, NULL, NULL, 0, 1, 1, 0, '2023-09-29 13:44:21.059091', NULL, NULL, NULL, NULL, NULL, 8),
(122326, 'caa4070b-3e1d-4677-8a88-c59006793d33', '29327922', 'danyluz990@gmail.com', '$2a$10$R1AxtrCV2CdHIYIQfn0C8.W8kw8DOlhg5PNQRuzJsOxl.MydUi1Ve', 0, NULL, NULL, 0, 1, 1, 0, '2023-09-29 13:44:21.060319', NULL, NULL, NULL, NULL, NULL, 8),
(122327, 'da049699-fa30-4ac9-8bf1-5e281c162c34', '29328605', 'marthabalcero2015@gmail.com', '$2a$10$DI9sZhqGYqS9RJpB8Pme3O6KZyg4uRZsu18d84FuVj333Ch.IO2s6', 0, NULL, NULL, 0, 1, 1, 0, '2023-09-29 13:44:21.061960', NULL, NULL, NULL, NULL, NULL, 8),
(122328, 'b17d76dd-535d-412b-835c-52a81ea21ace', '29328662', 'luailohehe5151@gmail.com', '$2a$10$OocvhCBbuPhWWZvXAoU57uAYsjpnGsPBPHHq0yj.FeIpzv7PHG7b2', 0, NULL, NULL, 0, 1, 1, 0, '2023-09-29 13:44:21.063217', NULL, NULL, NULL, NULL, NULL, 8),
(122329, '5228231c-faff-494d-ba32-aea6c4b2ad6e', '29329145', 'meleac@hotmail.com', '$2a$10$djasM/YL9MAXLVrnTuyPleWoSzQM/fWYSsvyLhSqPzLELJMUtSuBC', 0, NULL, NULL, 0, 1, 1, 0, '2023-09-29 13:44:21.064113', NULL, NULL, NULL, NULL, NULL, 8),
(122330, 'b8a7fe95-1641-41c0-96a1-0c122fecfd09', '29329357', 'nalumu22@hotmail.com', '$2a$10$eV7b6cpYpePBt/LVUi88iO9wHaq8RVKCbofYgVokKSRmC/9bYSIiK', 0, NULL, NULL, 0, 1, 1, 0, '2023-09-29 13:44:21.065222', NULL, NULL, NULL, NULL, NULL, 8),
(122331, '920d88d7-9f6e-44c7-8011-ba04c32c7f74', '29329453', 'albitamor@yahoo.com', '$2a$10$5I4UNuuNhd1SJaCmD9F46.cPdDBbob1ngVd5mS5uNQ0OXpnIGl03e', 0, NULL, NULL, 0, 1, 1, 0, '2023-09-29 13:44:21.066122', NULL, NULL, NULL, NULL, NULL, 8),
(122332, '78e4f05d-d15f-458c-8654-dc0481252058', '29329641', 'luzelena10051@hotmail.com', '$2a$10$hEFHUx94.JcDX.NY.CEw5.vwL2PO2z0HkfMYlhrPfh26UmrA6thlC', 0, NULL, NULL, 0, 1, 1, 0, '2023-09-29 13:44:21.066997', NULL, NULL, NULL, NULL, NULL, 8),
(122333, '0f91c05f-0947-46f5-8db8-35cc0810b943', '29329698', 'stellazul2009@hotmail.com', '$2a$10$7XN1TAR.9cOB0YIALC7LBOL0Py4ahpTvR/3RBWyHzWBYvsapmCH56', 0, NULL, NULL, 0, 1, 1, 0, '2023-09-29 13:44:21.067869', NULL, NULL, NULL, NULL, NULL, 8),
(122334, '7ca5c4d9-8694-44cc-a87b-dd7c80f3a638', '29329776', 'gpatriciab@hotmail.com', '$2a$10$pjD2.YB5Ji/p9TT/yShO3eeAGcRESVE/Ruo/PeW2XzD5L7jWEnc8K', 0, NULL, NULL, 0, 1, 1, 0, '2023-09-29 13:44:21.069161', NULL, NULL, NULL, NULL, NULL, 8),
(122335, 'a42c9837-eec9-4ce2-adaf-a5341149f1e8', '29329807', 'damea11964@hotmail.com', '$2a$10$QvRCUHb4mUC1J6z0ow4SQOKtxe24GGFXe8mZQHRnIM0xn4e2zJ7i6', 0, NULL, NULL, 0, 1, 1, 0, '2023-09-29 13:44:21.070178', NULL, NULL, NULL, NULL, NULL, 8),
(122336, 'c8a7e850-abbd-48fc-8b8f-1b43ef1082dc', '29329905', 'irmaluciaflorez@hotmail.com', '$2a$10$Es8o9c7MlD6vtsxMahx1AODniMeZ6t4RawBbaVvVDwQRr/TahUJBq', 0, NULL, NULL, 0, 1, 1, 0, '2023-09-29 13:44:21.071421', NULL, NULL, NULL, NULL, NULL, 8),
(122337, 'af2d3a49-a43c-4fc6-a33e-fd68f4a23c7c', '29329942', 'luzamparonc@gmail.com', '$2a$10$2JCC4haB13o1yjflGX9nv.0u.yMErpenpAgb8hlt.xwQXEW9opF4G', 0, NULL, NULL, 0, 1, 1, 0, '2023-09-29 13:44:21.072405', NULL, NULL, NULL, NULL, NULL, 8),
(122338, '520d2bcc-1bdc-40a2-9725-dfaef304f87e', '29331127', 'nohrita@hotmail.com', '$2a$10$dofDSL.EsyDXTaaVANIFK.ycu.sssqK.B.jsFV6N07oflH8dZ64KC', 0, NULL, NULL, 0, 1, 1, 0, '2023-09-29 13:44:21.073290', NULL, NULL, NULL, NULL, NULL, 8),
(122339, '16f617ed-6ff5-44ce-8ea2-2c342292ddb0', '29331214', 'rayita119@hotmail.com', '$2a$10$kiaSOThcVxxPeTYcnAHMZe6Ji1MIE4NugZgaqaiH5dz10dt8wvO5K', 0, NULL, NULL, 0, 1, 1, 0, '2023-09-29 13:44:21.074801', NULL, NULL, NULL, NULL, NULL, 8),
(122340, 'ca2a983d-09fe-4a68-9a36-c369261d8c1d', '29331374', 'dimargio@gmail.com', '$2a$10$XLxuhN/wFU8tDxQOvwnkWuLHwbm/0nfGzIMfTp0hoZiKCAGpl.Bta', 0, NULL, NULL, 0, 1, 1, 0, '2023-09-29 13:44:21.076045', NULL, NULL, NULL, NULL, NULL, 8),
(122341, 'd4eb5286-e552-41ba-a5a6-f80a74ed3eaf', '29331376', 'teacher.mali376@gmail.com', '$2a$10$B2lITN6hPggL6jCAg/.f5e11SKDQqM1OB1iReotpyZd8ULq3lUS8C', 0, NULL, NULL, 0, 1, 1, 0, '2023-09-29 13:44:21.077210', NULL, NULL, NULL, NULL, NULL, 8),
(122342, 'd960564a-7f62-4f49-acf4-ab92456daec7', '29332139', 'marinilopez@hotmail.com', '$2a$10$S7edOzCgoFpDZtgYoI2BL.q5fmy2xfNxE.8I57PvQvCB2zypFG84y', 0, NULL, NULL, 0, 1, 1, 0, '2023-09-29 13:44:21.078205', NULL, NULL, NULL, NULL, NULL, 8),
(122343, 'ddbcc23e-b11c-476c-85ee-401f36a9ef51', '29332229', 'maligupu@yahoo.com', '$2a$10$Yr/bMfgzS9TVwBFKNMWPK.gKFJ2t6lxHiggoKMB3zlfX2nnqwgryS', 0, NULL, NULL, 0, 1, 1, 0, '2023-09-29 13:44:21.079177', NULL, NULL, NULL, NULL, NULL, 8),
(122344, '43056459-5b0b-43cf-9904-56dbc2ba5341', '29332324', 'marly_b_53@hotmail.com', '$2a$10$WeqHNABf6xeaJpk0N7in9OEK88btiu3IX9AtCJodCpB4GdwDd1ajy', 0, NULL, NULL, 0, 1, 1, 0, '2023-09-29 13:44:21.080388', NULL, NULL, NULL, NULL, NULL, 8),
(122345, '1fbca82b-29b6-4172-9b0a-3a9fde6a96e1', '29332804', 'malupihe434@hotmail.com', '$2a$10$zkV8VRoOpVqdXK5fzHvllOW3otxYzfMtKfeTxTve1ZhikM1IqQRC6', 0, NULL, NULL, 0, 1, 1, 0, '2023-09-29 13:44:21.081542', NULL, NULL, NULL, NULL, NULL, 8),
(122346, 'f757834f-5719-414b-9d81-28df23a1628d', '29332842', 'orgraca_15@hotmail.com', '$2a$10$HK9tUJtj5269T6TaDxQlqepmcNeklBzgaOoJPVWsNJZdCc9MpGXpy', 0, NULL, NULL, 0, 1, 1, 0, '2023-09-29 13:44:21.082724', NULL, NULL, NULL, NULL, NULL, 8),
(122347, '16fe6c75-e1ea-4edb-aa23-ebd2adad5872', '29819282', 'solmarinagv@gmail.com', '$2a$10$ntq0DpIFTrrh0jva6fMLOOQ62eSiPaqdrH0m/DVf2SUo68M0MO3oy', 0, NULL, NULL, 0, 1, 1, 0, '2023-09-29 13:44:21.086225', NULL, NULL, NULL, NULL, NULL, 8),
(122348, '937e45da-aea9-46dc-b68d-7c85aec57f63', '31409503', 'garciana1998@gmail.com', '$2a$10$0V.Uv1NZl2027NJgho5PMuRGd5ldIigLOGsFVH0FDYq8ggXlk.UXy', 0, NULL, NULL, 0, 1, 1, 0, '2023-09-29 13:44:21.087199', NULL, NULL, NULL, NULL, NULL, 8),
(122349, '1498b001-1b31-4676-b6b5-edf9e7527832', '39546564', 'sapava0222@hotmail.com', '$2a$10$t.qR9FXTkhL303sg7Yyare5a0O4txKTOyz1c6EnOZU7vyjo1mxAXC', 0, NULL, NULL, 0, 1, 1, 0, '2023-09-29 13:44:21.088061', NULL, NULL, NULL, NULL, NULL, 8),
(122350, '670aa091-dc19-4232-9085-f6d157c001f1', '39560256', 'alebrizo@hotmail.com', '$2a$10$v4uJBYIdHbVXo7skWRo2Xedr0ziQESjfdM413pR0alzhDjdIS.NQi', 0, NULL, NULL, 0, 1, 1, 0, '2023-09-29 13:44:21.089408', NULL, NULL, NULL, NULL, NULL, 8),
(122351, 'bf4e1795-02e2-43e9-b4b9-6d7b01863c65', '41902767', 'yolanda_350@hotmail.com', '$2a$10$oAcmwiy5m3DEMg/CbMG/Ru2FXdzr9FPA.Wd2M/FJ9pFmUPq51VxOG', 0, NULL, NULL, 0, 1, 1, 0, '2023-09-29 13:44:21.090449', NULL, NULL, NULL, NULL, NULL, 8),
(122352, '8e11cbcd-d954-4b7e-adfb-63c780e49fa7', '4350828', 'arquirioo@hotmail.com', '$2a$10$gtTyMrTWMZQx84P8VWM4MO2MzIdpTl1p6PgPCEsH/Sn839VGjuEPS', 0, NULL, NULL, 0, 1, 1, 0, '2023-09-29 13:44:21.091975', NULL, NULL, NULL, NULL, NULL, 8),
(122353, '4f318e92-7762-4711-8224-68fd6feb690d', '4751483', 'lualberto27@hotmail.es', '$2a$10$JRbZEj4/tqZ8k2rHNMcOJekcdWS36sll9CF1wE4EqYud7hZnLsvJy', 0, NULL, NULL, 0, 1, 1, 0, '2023-09-29 13:44:21.092895', NULL, NULL, NULL, NULL, NULL, 8),
(122354, 'e77eecc8-27fc-4beb-8c67-f063e823c6f6', '6211939', 'profercho@hotmail.com', '$2a$10$3QjozwJ5X/.fV20PwUhMOupYZ2dSXAWXtkw.CYJtTyWquzl7Xz.mG', 0, NULL, NULL, 0, 1, 1, 0, '2023-09-29 13:44:21.093816', NULL, NULL, NULL, NULL, NULL, 8),
(122355, 'd5d1ec6b-e4c2-47e7-984e-e2389a68bd46', '6212424', 'excivel@gmail.com', '$2a$10$vUfXsTPBRhtMyN/Exr0BSufinDe4a.uLNtW/Cld13UUHsYgAW1XfK', 0, NULL, NULL, 0, 1, 1, 0, '2023-09-29 13:44:21.094799', NULL, NULL, NULL, NULL, NULL, 8),
(122356, '1eb75aa1-811f-4fba-9873-ecdbafc6ee88', '6213151', 'jcfcampillo@gmail.com', '$2a$10$LLw.wGm6ss.llOtB9ExHb.7RWkoG5tzlV4ycjTBIjmKNddEPIn6Pi', 0, NULL, NULL, 0, 1, 1, 0, '2023-09-29 13:44:21.095623', NULL, NULL, NULL, NULL, NULL, 8),
(122357, '008d9530-3908-4e95-ae94-38367c0c5d54', '66888209', 'galoc1973@hotmail.com', '$2a$10$98..eofT3QKid/znUZ/pU.aMonqpmCvK9.QPHjMM.pEUpry2BteVW', 0, NULL, NULL, 0, 1, 1, 0, '2023-09-29 13:44:21.096660', NULL, NULL, NULL, NULL, NULL, 8),
(122358, 'b319a8f9-f2ad-4f1a-b0e6-66032beefc69', '66888531', 'morenocris71@hotmail.com', '$2a$10$dVafX9B7VHUPbwp/IeQm6.1AXPFHBp8YoEvtyKsHgCvilwzZqdU5y', 0, NULL, NULL, 0, 1, 1, 0, '2023-09-29 13:44:21.098083', NULL, NULL, NULL, NULL, NULL, 8),
(122359, 'a2e631cf-4657-4cf2-998d-52d728d74601', '66961217', 'e.c.medina@hotmail.com', '$2a$10$OWa6fsNhLVEXMqdiZrcnve1Pt8kSYkI8awbF0liFsYs9.k36lceda', 0, NULL, NULL, 0, 1, 1, 0, '2023-09-29 13:44:21.099188', NULL, NULL, NULL, NULL, NULL, 8),
(122360, '645391b1-e5a5-4716-8965-3b7abfcf9562', '66962355', 'penagomez419@gmail.com', '$2a$10$XMDC/1INxDIRa8VgiqTrtenrY.W.L4Q.RXBrTfBw3DV9fO0wBGdm.', 0, NULL, NULL, 0, 1, 1, 0, '2023-09-29 13:44:21.100263', NULL, NULL, NULL, NULL, NULL, 8);
SET FOREIGN_KEY_CHECKS=1;
COMMIT;

/*!40101 SET CHARACTER_SET_CLIENT=@OLD_CHARACTER_SET_CLIENT */;
/*!40101 SET CHARACTER_SET_RESULTS=@OLD_CHARACTER_SET_RESULTS */;
/*!40101 SET COLLATION_CONNECTION=@OLD_COLLATION_CONNECTION */;
